{
  "K": 44803,
  "seed": 1,
  "voxel_size": 0.005,
  "patch_radius": 0.3,
  "ref_support_n": 451634,
  "mov_support_n": 448032,
  "ref_kp_n": 44803,
  "mov_kp_n": 44803,
  "fpfh_feat_s": 3.6383344419300556,
  "fpfh_ransac_s": 26.34500447846949,
  "fpfh_icp_s": 4.75582957174629,
  "fpfh_total_s": 34.739168492145836,
  "fpfh_ransac_fitness": 0.30622949356069906,
  "fpfh_ransac_rmse": 0.005445861918029689,
  "fpfh_icp_fitness": 0.8891739390489093,
  "fpfh_icp_rmse": 0.002166094192315532,
  "fpfh_cov_5mm": 0.8891739390489093,
  "fpfh_cov_10mm": 0.9594412056020364,
  "fpfh_trimrmse_5mm": 0.00216609419231553,
  "fpfh_trimrmse_10mm": 0.002815093409769023,
  "fpfh_chamfer": 0.005839238737854915,
  "spinnet_ref_feat_s": 415.3756723292172,
  "spinnet_mov_feat_s": 376.65348868072033,
  "spinnet_feat_s": 792.0291610099375,
  "spinnet_ransac_s": 37.00157311372459,
  "spinnet_icp_s": 4.479465997777879,
  "spinnet_total_s": 833.51020012144,
  "spinnet_ransac_fitness": 0.4599468785572395,
  "spinnet_ransac_rmse": 0.005179465757287642,
  "spinnet_icp_fitness": 0.889174739751606,
  "spinnet_icp_rmse": 0.0021660990013610956,
  "spinnet_cov_5mm": 0.889174739751606,
  "spinnet_cov_10mm": 0.9594412056020364,
  "spinnet_trimrmse_5mm": 0.0021660990013611004,
  "spinnet_trimrmse_10mm": 0.0028150884008794354,
  "spinnet_chamfer": 0.0058392390811580095,
  "fpfh_T_icp": [
    [
      0.007191108891780169,
      -0.999364928347476,
      0.0349002570470493,
      -0.3749413187749936
    ],
    [
      -0.007009197812376285,
      -0.03495067658165596,
      -0.9993644587198969,
      0.9613071847994145
    ],
    [
      0.999949578278292,
      0.006941915839884033,
      -0.007256080590678884,
      -0.10580221360330969
    ],
    [
      0.0,
      0.0,
      0.0,
      1.0
    ]
  ],
  "spinnet_T_icp": [
    [
      0.007191182842041559,
      -0.9993649262045939,
      0.03490030317088382,
      -0.3749413654914638
    ],
    [
      -0.00700928591374825,
      -0.03495072385371438,
      -0.9993644564487381,
      0.9613072181483416
    ],
    [
      0.9999495771289236,
      0.006941986328759234,
      -0.007256171545633832,
      -0.10580204842586273
    ],
    [
      0.0,
      0.0,
      0.0,
      1.0
    ]
  ]
}