{
  "K": 1820,
  "seed": 4,
  "voxel_size": 0.005,
  "patch_radius": 0.3,
  "ref_support_n": 36395,
  "mov_support_n": 51616,
  "ref_kp_n": 1820,
  "mov_kp_n": 1820,
  "fpfh_feat_s": 0.3197592766955495,
  "fpfh_ransac_s": 0.1977329645305872,
  "fpfh_icp_s": 1.6986902737990022,
  "fpfh_total_s": 2.216182515025139,
  "fpfh_ransac_fitness": 0.0,
  "fpfh_ransac_rmse": 0.0,
  "fpfh_icp_fitness": 0.0,
  "fpfh_icp_rmse": 0.0,
  "fpfh_cov_5mm": 0.0,
  "fpfh_cov_10mm": 0.0,
  "fpfh_trimrmse_5mm": NaN,
  "fpfh_trimrmse_10mm": NaN,
  "fpfh_chamfer": 0.7110959697585784,
  "spinnet_ref_feat_s": 9.11517687048763,
  "spinnet_mov_feat_s": 10.186063998378813,
  "spinnet_feat_s": 19.301240868866444,
  "spinnet_ransac_s": 0.2735753646120429,
  "spinnet_icp_s": 1.6455836184322834,
  "spinnet_total_s": 21.22039985191077,
  "spinnet_ransac_fitness": 0.0,
  "spinnet_ransac_rmse": 0.0,
  "spinnet_icp_fitness": 0.0,
  "spinnet_icp_rmse": 0.0,
  "spinnet_cov_5mm": 0.0,
  "spinnet_cov_10mm": 0.0,
  "spinnet_trimrmse_5mm": NaN,
  "spinnet_trimrmse_10mm": NaN,
  "spinnet_chamfer": 0.7110959697585784,
  "fpfh_T_icp": [
    [
      1.0,
      0.0,
      0.0,
      0.0
    ],
    [
      0.0,
      1.0,
      0.0,
      0.0
    ],
    [
      0.0,
      0.0,
      1.0,
      0.0
    ],
    [
      0.0,
      0.0,
      0.0,
      1.0
    ]
  ],
  "spinnet_T_icp": [
    [
      1.0,
      0.0,
      0.0,
      0.0
    ],
    [
      0.0,
      1.0,
      0.0,
      0.0
    ],
    [
      0.0,
      0.0,
      1.0,
      0.0
    ],
    [
      0.0,
      0.0,
      0.0,
      1.0
    ]
  ]
}