{
  "K": 20232,
  "seed": 3,
  "voxel_size": 0.005,
  "patch_radius": 0.3,
  "ref_support_n": 202322,
  "mov_support_n": 470991,
  "ref_kp_n": 20232,
  "mov_kp_n": 20232,
  "fpfh_feat_s": 2.376866008155048,
  "fpfh_ransac_s": 6.576819469220936,
  "fpfh_icp_s": 1.5149151114746928,
  "fpfh_total_s": 10.468600588850677,
  "fpfh_ransac_fitness": 0.0,
  "fpfh_ransac_rmse": 0.0,
  "fpfh_icp_fitness": 0.0,
  "fpfh_icp_rmse": 0.0,
  "fpfh_cov_5mm": 0.0,
  "fpfh_cov_10mm": 0.0,
  "fpfh_trimrmse_5mm": NaN,
  "fpfh_trimrmse_10mm": NaN,
  "fpfh_chamfer": 12.585496376008571,
  "spinnet_ref_feat_s": 101.6108279498294,
  "spinnet_mov_feat_s": 149.65493406821042,
  "spinnet_feat_s": 251.26576201803982,
  "spinnet_ransac_s": 9.140207206830382,
  "spinnet_icp_s": 1.6977531062439084,
  "spinnet_total_s": 262.1037223311141,
  "spinnet_ransac_fitness": 0.2341834717279557,
  "spinnet_ransac_rmse": 0.0053760505581531065,
  "spinnet_icp_fitness": 0.7843284415627202,
  "spinnet_icp_rmse": 0.002911607314927352,
  "spinnet_cov_5mm": 0.7843284415627202,
  "spinnet_cov_10mm": 0.940592428429429,
  "spinnet_trimrmse_5mm": 0.0029116073149273625,
  "spinnet_trimrmse_10mm": 0.003809343980038149,
  "spinnet_chamfer": 0.006363109645046763,
  "fpfh_T_icp": [
    [
      1.0,
      0.0,
      0.0,
      0.0
    ],
    [
      0.0,
      1.0,
      0.0,
      0.0
    ],
    [
      0.0,
      0.0,
      1.0,
      0.0
    ],
    [
      0.0,
      0.0,
      0.0,
      1.0
    ]
  ],
  "spinnet_T_icp": [
    [
      0.01940210431431728,
      -0.682571713084035,
      -0.730561027461568,
      -5.865325111271442
    ],
    [
      0.008822193818537917,
      0.7307870054967729,
      -0.6825485488178022,
      -5.0842762988081205
    ],
    [
      0.9997728378208738,
      0.006797727163212846,
      0.02020058566007472,
      0.11885349541735359
    ],
    [
      0.0,
      0.0,
      0.0,
      1.0
    ]
  ]
}