{
  "K": 3072,
  "seed": 4,
  "voxel_size": 0.005,
  "patch_radius": 0.3,
  "ref_support_n": 61443,
  "mov_support_n": 65640,
  "ref_kp_n": 3072,
  "mov_kp_n": 3072,
  "fpfh_feat_s": 0.4484264263883233,
  "fpfh_ransac_s": 0.24871759209781885,
  "fpfh_icp_s": 3.0311250127851963,
  "fpfh_total_s": 3.7282690312713385,
  "fpfh_ransac_fitness": 0.3170572916666667,
  "fpfh_ransac_rmse": 0.005321914085364322,
  "fpfh_icp_fitness": 0.9862410742310107,
  "fpfh_icp_rmse": 0.0014638341502683308,
  "fpfh_cov_5mm": 0.9862410742310107,
  "fpfh_cov_10mm": 0.9974914665725048,
  "fpfh_trimrmse_5mm": 0.0014638341502683139,
  "fpfh_trimrmse_10mm": 0.0016230012996735156,
  "fpfh_chamfer": 0.002985632023450005,
  "spinnet_ref_feat_s": 17.718352656811476,
  "spinnet_mov_feat_s": 18.013953319750726,
  "spinnet_feat_s": 35.7323059765622,
  "spinnet_ransac_s": 0.48604798037558794,
  "spinnet_icp_s": 3.9305743873119354,
  "spinnet_total_s": 40.148928344249725,
  "spinnet_ransac_fitness": 0.1025390625,
  "spinnet_ransac_rmse": 0.005598055833095242,
  "spinnet_icp_fitness": 0.9862410742310107,
  "spinnet_icp_rmse": 0.001463834115844722,
  "spinnet_cov_5mm": 0.9862410742310107,
  "spinnet_cov_10mm": 0.9974914665725048,
  "spinnet_trimrmse_5mm": 0.0014638341158447253,
  "spinnet_trimrmse_10mm": 0.0016230013531419332,
  "spinnet_chamfer": 0.002985630686876034,
  "fpfh_T_icp": [
    [
      -0.9792731425013808,
      0.021050023167491508,
      0.20144728566083964,
      -0.03970758982823374
    ],
    [
      -0.201513917819649,
      -0.0010717278206419678,
      -0.9794850648807544,
      -2.320701975603818
    ],
    [
      -0.020402286647516397,
      -0.999777849286594,
      0.00529138690950194,
      -0.8192696764310157
    ],
    [
      0.0,
      0.0,
      0.0,
      1.0
    ]
  ],
  "spinnet_T_icp": [
    [
      -0.9792731441561279,
      0.021050068468416564,
      0.20144727288311765,
      -0.0397075880439307
    ],
    [
      -0.20151390627425153,
      -0.0010717765924480025,
      -0.9794850672026745,
      -2.32070202248458
    ],
    [
      -0.020402321256719192,
      -0.9997778482805122,
      0.005291443557930527,
      -0.8192695546927633
    ],
    [
      0.0,
      0.0,
      0.0,
      1.0
    ]
  ]
}