{
  "K": 5242,
  "seed": 1,
  "voxel_size": 0.005,
  "patch_radius": 0.3,
  "ref_support_n": 52425,
  "mov_support_n": 59566,
  "ref_kp_n": 5242,
  "mov_kp_n": 5242,
  "fpfh_feat_s": 0.38584523368626833,
  "fpfh_ransac_s": 0.4269091095775366,
  "fpfh_icp_s": 5.528953826986253,
  "fpfh_total_s": 6.341708170250058,
  "fpfh_ransac_fitness": 0.0,
  "fpfh_ransac_rmse": 0.0,
  "fpfh_icp_fitness": 0.0,
  "fpfh_icp_rmse": 0.0,
  "fpfh_cov_5mm": 0.0,
  "fpfh_cov_10mm": 0.0,
  "fpfh_trimrmse_5mm": NaN,
  "fpfh_trimrmse_10mm": NaN,
  "fpfh_chamfer": 8.107914416820307,
  "spinnet_ref_feat_s": 29.51375632826239,
  "spinnet_mov_feat_s": 30.601015533320606,
  "spinnet_feat_s": 60.114771861582994,
  "spinnet_ransac_s": 1.194625792093575,
  "spinnet_icp_s": 5.671709270216525,
  "spinnet_total_s": 66.9811069238931,
  "spinnet_ransac_fitness": 0.3780999618466234,
  "spinnet_ransac_rmse": 0.00539268197337471,
  "spinnet_icp_fitness": 0.7907028524342994,
  "spinnet_icp_rmse": 0.0012211518443344218,
  "spinnet_cov_5mm": 0.7907028524342994,
  "spinnet_cov_10mm": 0.8165477421880936,
  "spinnet_trimrmse_5mm": 0.0012211518443344276,
  "spinnet_trimrmse_10mm": 0.0017575513916702644,
  "spinnet_chamfer": 0.01667877023089805,
  "fpfh_T_icp": [
    [
      1.0,
      0.0,
      0.0,
      0.0
    ],
    [
      0.0,
      1.0,
      0.0,
      0.0
    ],
    [
      0.0,
      0.0,
      1.0,
      0.0
    ],
    [
      0.0,
      0.0,
      0.0,
      1.0
    ]
  ],
  "spinnet_T_icp": [
    [
      0.4415919022051787,
      -0.04349297206927932,
      0.8961612317476108,
      4.248413409780096
    ],
    [
      0.8933240734847216,
      0.11424604448524425,
      -0.43464921609516366,
      -1.5721924043215862
    ],
    [
      -0.08347868973262758,
      0.9924999761713132,
      0.08930344708054222,
      0.5782888060553228
    ],
    [
      0.0,
      0.0,
      0.0,
      1.0
    ]
  ]
}