{
  "K": 89606,
  "seed": 1,
  "voxel_size": 0.005,
  "patch_radius": 0.3,
  "ref_support_n": 451634,
  "mov_support_n": 448032,
  "ref_kp_n": 89606,
  "mov_kp_n": 89606,
  "fpfh_feat_s": 4.09185538534075,
  "fpfh_ransac_s": 154.8087487174198,
  "fpfh_icp_s": 4.6493275268003345,
  "fpfh_total_s": 163.5499316295609,
  "fpfh_ransac_fitness": 0.5980291498337165,
  "fpfh_ransac_rmse": 0.0051300816853294675,
  "fpfh_icp_fitness": 0.889174739751606,
  "fpfh_icp_rmse": 0.0021660984256996856,
  "fpfh_cov_5mm": 0.889174739751606,
  "fpfh_cov_10mm": 0.9594412056020364,
  "fpfh_trimrmse_5mm": 0.0021660984256996747,
  "fpfh_trimrmse_10mm": 0.0028150917510005647,
  "fpfh_chamfer": 0.005839238867921426,
  "spinnet_ref_feat_s": 792.1065290980041,
  "spinnet_mov_feat_s": 706.5348487440497,
  "spinnet_feat_s": 1498.6413778420538,
  "spinnet_ransac_s": 242.6088208798319,
  "spinnet_icp_s": 4.486887321807444,
  "spinnet_total_s": 1745.7370860436931,
  "spinnet_ransac_fitness": 0.6783139521907016,
  "spinnet_ransac_rmse": 0.004822918608416427,
  "spinnet_icp_fitness": 0.889174739751606,
  "spinnet_icp_rmse": 0.002166098813681039,
  "spinnet_cov_5mm": 0.889174739751606,
  "spinnet_cov_10mm": 0.9594412056020364,
  "spinnet_trimrmse_5mm": 0.0021660988136810505,
  "spinnet_trimrmse_10mm": 0.002815091153644962,
  "spinnet_chamfer": 0.005839238868328259,
  "fpfh_T_icp": [
    [
      0.007191140766859017,
      -0.9993649282630571,
      0.0349002528966105,
      -0.37494130267319953
    ],
    [
      -0.007009225765478302,
      -0.03495067285657764,
      -0.9993644586541196,
      0.9613072018781773
    ],
    [
      0.9999495778531239,
      0.006941946747753064,
      -0.007256109612705139,
      -0.10580215956140156
    ],
    [
      0.0,
      0.0,
      0.0,
      1.0
    ]
  ],
  "spinnet_T_icp": [
    [
      0.007191121669764215,
      -0.9993649270550604,
      0.03490029142236196,
      -0.37494137436122793
    ],
    [
      -0.0070092572909288,
      -0.0349507114625919,
      -0.9993644570828445,
      0.9613071772953352
    ],
    [
      0.9999495777694795,
      0.006941926281212704,
      -0.007256140719831368,
      -0.10580211219228934
    ],
    [
      0.0,
      0.0,
      0.0,
      1.0
    ]
  ]
}