{
  "K": 10116,
  "seed": 3,
  "voxel_size": 0.005,
  "patch_radius": 0.3,
  "ref_support_n": 202322,
  "mov_support_n": 470991,
  "ref_kp_n": 10116,
  "mov_kp_n": 10116,
  "fpfh_feat_s": 2.3827273119241,
  "fpfh_ransac_s": 2.008113165386021,
  "fpfh_icp_s": 1.5800804030150175,
  "fpfh_total_s": 5.970920880325139,
  "fpfh_ransac_fitness": 0.0,
  "fpfh_ransac_rmse": 0.0,
  "fpfh_icp_fitness": 0.0,
  "fpfh_icp_rmse": 0.0,
  "fpfh_cov_5mm": 0.0,
  "fpfh_cov_10mm": 0.0,
  "fpfh_trimrmse_5mm": NaN,
  "fpfh_trimrmse_10mm": NaN,
  "fpfh_chamfer": 12.585496376008571,
  "spinnet_ref_feat_s": 51.22202780749649,
  "spinnet_mov_feat_s": 76.54545602109283,
  "spinnet_feat_s": 127.76748382858932,
  "spinnet_ransac_s": 2.7844821764156222,
  "spinnet_icp_s": 1.693535097874701,
  "spinnet_total_s": 132.24550110287964,
  "spinnet_ransac_fitness": 0.13305654408857256,
  "spinnet_ransac_rmse": 0.005298895862614204,
  "spinnet_icp_fitness": 0.784327638008439,
  "spinnet_icp_rmse": 0.0029116043443715976,
  "spinnet_cov_5mm": 0.784327638008439,
  "spinnet_cov_10mm": 0.940592428429429,
  "spinnet_trimrmse_5mm": 0.0029116043443715863,
  "spinnet_trimrmse_10mm": 0.0038093443107194967,
  "spinnet_chamfer": 0.0063631097371829,
  "fpfh_T_icp": [
    [
      1.0,
      0.0,
      0.0,
      0.0
    ],
    [
      0.0,
      1.0,
      0.0,
      0.0
    ],
    [
      0.0,
      0.0,
      1.0,
      0.0
    ],
    [
      0.0,
      0.0,
      0.0,
      1.0
    ]
  ],
  "spinnet_T_icp": [
    [
      0.01940216554646585,
      -0.6825716989026896,
      -0.7305610390851692,
      -5.865325174018966
    ],
    [
      0.008822161909013707,
      0.7307870181401829,
      -0.6825485356932733,
      -5.084276219360886
    ],
    [
      0.9997728369141458,
      0.006797791911792152,
      0.02020060874739418,
      0.1188536757706444
    ],
    [
      0.0,
      0.0,
      0.0,
      1.0
    ]
  ]
}