{
  "K": 5242,
  "seed": 3,
  "voxel_size": 0.005,
  "patch_radius": 0.3,
  "ref_support_n": 52425,
  "mov_support_n": 59566,
  "ref_kp_n": 5242,
  "mov_kp_n": 5242,
  "fpfh_feat_s": 0.34660337772220373,
  "fpfh_ransac_s": 0.38603903260082006,
  "fpfh_icp_s": 5.035204421728849,
  "fpfh_total_s": 5.767846832051873,
  "fpfh_ransac_fitness": 0.0,
  "fpfh_ransac_rmse": 0.0,
  "fpfh_icp_fitness": 0.0,
  "fpfh_icp_rmse": 0.0,
  "fpfh_cov_5mm": 0.0,
  "fpfh_cov_10mm": 0.0,
  "fpfh_trimrmse_5mm": NaN,
  "fpfh_trimrmse_10mm": NaN,
  "fpfh_chamfer": 8.107914416820307,
  "spinnet_ref_feat_s": 29.609763765707612,
  "spinnet_mov_feat_s": 30.703682454302907,
  "spinnet_feat_s": 60.31344622001052,
  "spinnet_ransac_s": 1.2288952386006713,
  "spinnet_icp_s": 46.647576932795346,
  "spinnet_total_s": 108.18991839140654,
  "spinnet_ransac_fitness": 0.10148798168637925,
  "spinnet_ransac_rmse": 0.005616610501676076,
  "spinnet_icp_fitness": 0.29312750924805836,
  "spinnet_icp_rmse": 0.0022763619818884934,
  "spinnet_cov_5mm": 0.29312750924805836,
  "spinnet_cov_10mm": 0.42661979814980394,
  "spinnet_trimrmse_5mm": 0.0022763619818883638,
  "spinnet_trimrmse_10mm": 0.004593880376919606,
  "spinnet_chamfer": 0.038022423084954765,
  "fpfh_T_icp": [
    [
      1.0,
      0.0,
      0.0,
      0.0
    ],
    [
      0.0,
      1.0,
      0.0,
      0.0
    ],
    [
      0.0,
      0.0,
      1.0,
      0.0
    ],
    [
      0.0,
      0.0,
      0.0,
      1.0
    ]
  ],
  "spinnet_T_icp": [
    [
      0.37608421694038047,
      -0.0468726340013879,
      0.9253991668194583,
      4.3900163443863205
    ],
    [
      0.9223453207786261,
      0.11437315909253365,
      -0.3690499826812163,
      -1.252020921509142
    ],
    [
      -0.08854248136430226,
      0.992331465116864,
      0.08624669462006115,
      0.5633792064809074
    ],
    [
      0.0,
      0.0,
      0.0,
      1.0
    ]
  ],
  "combine_w_fpfh": 1.0,
  "combine_w_spinnet": 1.0,
  "combine_feat_s": 60.66004959773272,
  "combine_ransac_s": 2.175859631970525,
  "combine_icp_s": 32.90944159030914,
  "combine_total_s": 95.74535082001239,
  "combine_ransac_fitness": 0.05112552460892789,
  "combine_ransac_rmse": 0.005588404819881422,
  "combine_icp_fitness": 0.09876283478555609,
  "combine_icp_rmse": 0.002796542545386756,
  "combine_cov_5mm": 0.09876283478555609,
  "combine_cov_10mm": 0.17793030499599688,
  "combine_trimrmse_5mm": 0.0027965425453867717,
  "combine_trimrmse_10mm": 0.005484521677006581,
  "combine_chamfer": 0.08693000224359126,
  "combine_T_icp": [
    [
      0.5592489486676065,
      -0.03294898407095991,
      0.8283447216364035,
      3.943218295797062
    ],
    [
      0.8225443010087966,
      -0.10240013792160334,
      -0.5594060105429788,
      -2.3030811911081206
    ],
    [
      0.10325447347277579,
      0.994197453327226,
      -0.030165170404476523,
      0.027892673313864164
    ],
    [
      0.0,
      0.0,
      0.0,
      1.0
    ]
  ]
}