{
  "K": 39258,
  "seed": 4,
  "voxel_size": 0.005,
  "patch_radius": 0.3,
  "ref_support_n": 196290,
  "mov_support_n": 400580,
  "ref_kp_n": 39258,
  "mov_kp_n": 39258,
  "fpfh_feat_s": 2.230914017185569,
  "fpfh_ransac_s": 17.701786790974438,
  "fpfh_icp_s": 0.79252053424716,
  "fpfh_total_s": 20.725221342407167,
  "fpfh_ransac_fitness": 0.0,
  "fpfh_ransac_rmse": 0.0,
  "fpfh_icp_fitness": 0.0,
  "fpfh_icp_rmse": 0.0,
  "fpfh_cov_5mm": 0.0,
  "fpfh_cov_10mm": 0.0,
  "fpfh_trimrmse_5mm": NaN,
  "fpfh_trimrmse_10mm": NaN,
  "fpfh_chamfer": 6.64051921124479,
  "spinnet_ref_feat_s": 228.12143083103,
  "spinnet_mov_feat_s": 297.832785487175,
  "spinnet_feat_s": 525.954216318205,
  "spinnet_ransac_s": 29.98450800590217,
  "spinnet_icp_s": 12.255791896022856,
  "spinnet_total_s": 568.19451622013,
  "spinnet_ransac_fitness": 0.39856844464822455,
  "spinnet_ransac_rmse": 0.005387211652949047,
  "spinnet_icp_fitness": 0.6433480971392048,
  "spinnet_icp_rmse": 0.0033291224197186434,
  "spinnet_cov_5mm": 0.6433480971392048,
  "spinnet_cov_10mm": 0.9381124597314251,
  "spinnet_trimrmse_5mm": 0.003329122419718628,
  "spinnet_trimrmse_10mm": 0.004694989015434396,
  "spinnet_chamfer": 0.008598629732534842,
  "fpfh_T_icp": [
    [
      1.0,
      0.0,
      0.0,
      0.0
    ],
    [
      0.0,
      1.0,
      0.0,
      0.0
    ],
    [
      0.0,
      0.0,
      1.0,
      0.0
    ],
    [
      0.0,
      0.0,
      0.0,
      1.0
    ]
  ],
  "spinnet_T_icp": [
    [
      0.006310555321104863,
      -0.9182142363092323,
      0.39603382826545847,
      1.6226013179424312
    ],
    [
      0.050439482294915204,
      -0.39524529988637197,
      -0.9171897358472633,
      -4.466098845346323
    ],
    [
      0.9987071820695843,
      0.025763717836995714,
      0.043820033384918355,
      0.044142395296840005
    ],
    [
      0.0,
      0.0,
      0.0,
      1.0
    ]
  ],
  "combine_w_fpfh": 1.0,
  "combine_w_spinnet": 1.0,
  "combine_feat_s": 528.1851303353906,
  "combine_ransac_s": 274.1506091793999,
  "combine_icp_s": 6.938189837150276,
  "combine_total_s": 809.2739293519408,
  "combine_ransac_fitness": 0.41459065668144074,
  "combine_ransac_rmse": 0.005340560445513154,
  "combine_icp_fitness": 0.6449676727252872,
  "combine_icp_rmse": 0.003336886787105205,
  "combine_cov_5mm": 0.6449676727252872,
  "combine_cov_10mm": 0.9408337000195923,
  "combine_trimrmse_5mm": 0.003336886787105223,
  "combine_trimrmse_10mm": 0.0046920353879125075,
  "combine_chamfer": 0.00855081903298754,
  "combine_T_icp": [
    [
      0.006440767188677077,
      -0.9182324286586003,
      0.3959895497077572,
      1.6223117702100869
    ],
    [
      0.05043451027397634,
      -0.3951954958529418,
      -0.9172114697445626,
      -4.465779385153592
    ],
    [
      0.9987066019064129,
      0.02587908455253167,
      0.04376524067427821,
      0.04384989794506629
    ],
    [
      0.0,
      0.0,
      0.0,
      1.0
    ]
  ]
}