{
  "K": 22402,
  "seed": 2,
  "voxel_size": 0.005,
  "patch_radius": 0.3,
  "ref_support_n": 451634,
  "mov_support_n": 448032,
  "ref_kp_n": 22402,
  "mov_kp_n": 22402,
  "fpfh_feat_s": 3.597727839834988,
  "fpfh_ransac_s": 5.690037060528994,
  "fpfh_icp_s": 4.465695861726999,
  "fpfh_total_s": 13.753460762090981,
  "fpfh_ransac_fitness": 0.2678332291759664,
  "fpfh_ransac_rmse": 0.005345152930803304,
  "fpfh_icp_fitness": 0.8891739390489093,
  "fpfh_icp_rmse": 0.0021660944458930034,
  "fpfh_cov_5mm": 0.8891739390489093,
  "fpfh_cov_10mm": 0.9594412056020364,
  "fpfh_trimrmse_5mm": 0.002166094445893009,
  "fpfh_trimrmse_10mm": 0.002815088578241192,
  "fpfh_chamfer": 0.005839239119510403,
  "spinnet_ref_feat_s": 197.6943730050698,
  "spinnet_mov_feat_s": 193.08053300343454,
  "spinnet_feat_s": 390.77490600850433,
  "spinnet_ransac_s": 9.624190394766629,
  "spinnet_icp_s": 4.6554334089159966,
  "spinnet_total_s": 405.05452981218696,
  "spinnet_ransac_fitness": 0.27077939469690204,
  "spinnet_ransac_rmse": 0.00537422355125231,
  "spinnet_icp_fitness": 0.889174739751606,
  "spinnet_icp_rmse": 0.00216609883579603,
  "spinnet_cov_5mm": 0.889174739751606,
  "spinnet_cov_10mm": 0.9594412056020364,
  "spinnet_trimrmse_5mm": 0.002166098835796029,
  "spinnet_trimrmse_10mm": 0.002815090915712339,
  "spinnet_chamfer": 0.005839238973928651,
  "fpfh_T_icp": [
    [
      0.007191157009690189,
      -0.9993649272905261,
      0.034900277398101365,
      -0.37494133498739823
    ],
    [
      -0.007009284634298002,
      -0.03495069788460843,
      -0.9993644573659279,
      0.9613072187260917
    ],
    [
      0.999949577323666,
      0.006941960744722945,
      -0.007256169185000267,
      -0.10580205252808406
    ],
    [
      0.0,
      0.0,
      0.0,
      1.0
    ]
  ],
  "spinnet_T_icp": [
    [
      0.007191127761097585,
      -0.9993649268788983,
      0.03490029521162209,
      -0.37494137389408155
    ],
    [
      -0.007009264223655576,
      -0.0349507153441809,
      -0.9993644568984698,
      0.9613071776706523
    ],
    [
      0.9999495776770786,
      0.006941932098834959,
      -0.00725614788773018,
      -0.10580210465554636
    ],
    [
      0.0,
      0.0,
      0.0,
      1.0
    ]
  ]
}