{
  "K": 3072,
  "seed": 1,
  "voxel_size": 0.005,
  "patch_radius": 0.3,
  "ref_support_n": 61443,
  "mov_support_n": 65640,
  "ref_kp_n": 3072,
  "mov_kp_n": 3072,
  "fpfh_feat_s": 0.3968241801485419,
  "fpfh_ransac_s": 0.24373149033635855,
  "fpfh_icp_s": 2.961092272773385,
  "fpfh_total_s": 3.6016479432582855,
  "fpfh_ransac_fitness": 0.2610677083333333,
  "fpfh_ransac_rmse": 0.005485943489784876,
  "fpfh_icp_fitness": 0.9862386220966729,
  "fpfh_icp_rmse": 0.0014638151233544725,
  "fpfh_cov_5mm": 0.9862386220966729,
  "fpfh_cov_10mm": 0.9974914665725048,
  "fpfh_trimrmse_5mm": 0.0014638151233544723,
  "fpfh_trimrmse_10mm": 0.0016229996174522863,
  "fpfh_chamfer": 0.0029856249527202465,
  "spinnet_ref_feat_s": 17.456871572881937,
  "spinnet_mov_feat_s": 19.13006525300443,
  "spinnet_feat_s": 36.58693682588637,
  "spinnet_ransac_s": 0.47551778238266706,
  "spinnet_icp_s": 3.0374537697061896,
  "spinnet_total_s": 40.099908377975225,
  "spinnet_ransac_fitness": 0.0,
  "spinnet_ransac_rmse": 0.0,
  "spinnet_icp_fitness": 0.0,
  "spinnet_icp_rmse": 0.0,
  "spinnet_cov_5mm": 0.0,
  "spinnet_cov_10mm": 0.0,
  "spinnet_trimrmse_5mm": NaN,
  "spinnet_trimrmse_10mm": NaN,
  "spinnet_chamfer": 3.435376785446324,
  "fpfh_T_icp": [
    [
      -0.9792732159891563,
      0.021049943577305847,
      0.2014469367393011,
      -0.0397081440143935
    ],
    [
      -0.20151356281459418,
      -0.0010714540545744137,
      -0.9794851382170018,
      -2.320703218667125
    ],
    [
      -0.020402265757126736,
      -0.9997778512557688,
      0.005291095385116697,
      -0.8192704016845663
    ],
    [
      0.0,
      0.0,
      0.0,
      1.0
    ]
  ],
  "spinnet_T_icp": [
    [
      1.0,
      0.0,
      0.0,
      0.0
    ],
    [
      0.0,
      1.0,
      0.0,
      0.0
    ],
    [
      0.0,
      0.0,
      1.0,
      0.0
    ],
    [
      0.0,
      0.0,
      0.0,
      1.0
    ]
  ]
}