{
  "K": 20970,
  "seed": 4,
  "voxel_size": 0.005,
  "patch_radius": 0.3,
  "ref_support_n": 52425,
  "mov_support_n": 59566,
  "ref_kp_n": 20970,
  "mov_kp_n": 20970,
  "fpfh_feat_s": 0.4062213506549597,
  "fpfh_ransac_s": 3.5225222390145063,
  "fpfh_icp_s": 5.266047420911491,
  "fpfh_total_s": 9.194791010580957,
  "fpfh_ransac_fitness": 0.0,
  "fpfh_ransac_rmse": 0.0,
  "fpfh_icp_fitness": 0.0,
  "fpfh_icp_rmse": 0.0,
  "fpfh_cov_5mm": 0.0,
  "fpfh_cov_10mm": 0.0,
  "fpfh_trimrmse_5mm": NaN,
  "fpfh_trimrmse_10mm": NaN,
  "fpfh_chamfer": 8.107914416820307,
  "spinnet_ref_feat_s": 118.2806408405304,
  "spinnet_mov_feat_s": 122.26230801548809,
  "spinnet_feat_s": 240.54294885601848,
  "spinnet_ransac_s": 14.943632072769105,
  "spinnet_icp_s": 5.939499832689762,
  "spinnet_total_s": 261.42608076147735,
  "spinnet_ransac_fitness": 0.4341917024320458,
  "spinnet_ransac_rmse": 0.004963128720654982,
  "spinnet_icp_fitness": 0.7907016836433551,
  "spinnet_icp_rmse": 0.001221137062886421,
  "spinnet_cov_5mm": 0.7907016836433551,
  "spinnet_cov_10mm": 0.8165489109790377,
  "spinnet_trimrmse_5mm": 0.0012211370628864237,
  "spinnet_trimrmse_10mm": 0.0017575791580014051,
  "spinnet_chamfer": 0.016678743489993056,
  "fpfh_T_icp": [
    [
      1.0,
      0.0,
      0.0,
      0.0
    ],
    [
      0.0,
      1.0,
      0.0,
      0.0
    ],
    [
      0.0,
      0.0,
      1.0,
      0.0
    ],
    [
      0.0,
      0.0,
      0.0,
      1.0
    ]
  ],
  "spinnet_T_icp": [
    [
      0.4415934579797741,
      -0.043492120247076466,
      0.8961605064640366,
      4.248411443645654
    ],
    [
      0.8933233178158548,
      0.11424564438630613,
      -0.4346508743638165,
      -1.5722014670035487
    ],
    [
      -0.08347854644121366,
      0.9925000595542409,
      0.08930265432164114,
      0.5782850523502456
    ],
    [
      0.0,
      0.0,
      0.0,
      1.0
    ]
  ]
}