{
  "K": 78516,
  "seed": 0,
  "voxel_size": 0.005,
  "patch_radius": 0.3,
  "ref_support_n": 196290,
  "mov_support_n": 400580,
  "ref_kp_n": 78516,
  "mov_kp_n": 78516,
  "fpfh_feat_s": 2.07423410192132,
  "fpfh_ransac_s": 109.60960487835109,
  "fpfh_icp_s": 0.7936339108273387,
  "fpfh_total_s": 112.47747289109975,
  "fpfh_ransac_fitness": 0.0,
  "fpfh_ransac_rmse": 0.0,
  "fpfh_icp_fitness": 0.0,
  "fpfh_icp_rmse": 0.0,
  "fpfh_cov_5mm": 0.0,
  "fpfh_cov_10mm": 0.0,
  "fpfh_trimrmse_5mm": NaN,
  "fpfh_trimrmse_10mm": NaN,
  "fpfh_chamfer": 6.64051921124479,
  "spinnet_ref_feat_s": 452.3377438476309,
  "spinnet_mov_feat_s": 602.7574204122648,
  "spinnet_feat_s": 1055.0951642598957,
  "spinnet_ransac_s": 206.2519151540473,
  "spinnet_icp_s": 11.963203682564199,
  "spinnet_total_s": 1273.3102830965072,
  "spinnet_ransac_fitness": 0.6116587701869682,
  "spinnet_ransac_rmse": 0.005109083180745859,
  "spinnet_icp_fitness": 0.6457473494204216,
  "spinnet_icp_rmse": 0.0033422494190284537,
  "spinnet_cov_5mm": 0.6457473494204216,
  "spinnet_cov_10mm": 0.9430868131056346,
  "spinnet_trimrmse_5mm": 0.003342249419028473,
  "spinnet_trimrmse_10mm": 0.004692146617551295,
  "spinnet_chamfer": 0.008516165559393322,
  "fpfh_T_icp": [
    [
      1.0,
      0.0,
      0.0,
      0.0
    ],
    [
      0.0,
      1.0,
      0.0,
      0.0
    ],
    [
      0.0,
      0.0,
      1.0,
      0.0
    ],
    [
      0.0,
      0.0,
      0.0,
      1.0
    ]
  ],
  "spinnet_T_icp": [
    [
      0.006570465061788068,
      -0.9182441064869549,
      0.3959603387851645,
      1.6221115838829776
    ],
    [
      0.05039355388637783,
      -0.39516170910052134,
      -0.9172282776863607,
      -4.465504830401614
    ],
    [
      0.9987078244990343,
      0.025980465021659724,
      0.04367718765769733,
      0.04340077743628528
    ],
    [
      0.0,
      0.0,
      0.0,
      1.0
    ]
  ],
  "combine_w_fpfh": 1.0,
  "combine_w_spinnet": 1.0,
  "combine_feat_s": 1057.169398361817,
  "combine_ransac_s": 1612.3644375884905,
  "combine_icp_s": 2.5709020532667637,
  "combine_total_s": 2672.1047380035743,
  "combine_ransac_fitness": 0.596821030108513,
  "combine_ransac_rmse": 0.005140070555458132,
  "combine_icp_fitness": 0.6423291375860375,
  "combine_icp_rmse": 0.003325819598839901,
  "combine_cov_5mm": 0.6423291375860375,
  "combine_cov_10mm": 0.9366012840978073,
  "combine_trimrmse_5mm": 0.0033258195988399002,
  "combine_trimrmse_10mm": 0.004696872006869081,
  "combine_chamfer": 0.008625398103409308,
  "combine_T_icp": [
    [
      0.006282721197415106,
      -0.9182588457051394,
      0.39593082691124276,
      1.6221514640073884
    ],
    [
      0.050591936959192674,
      -0.39513970074609306,
      -0.9172268382515913,
      -4.466388835478064
    ],
    [
      0.998699646204541,
      0.02579358793481526,
      0.04397394106031777,
      0.04512114702271376
    ],
    [
      0.0,
      0.0,
      0.0,
      1.0
    ]
  ]
}