{
  "K": 80929,
  "seed": 1,
  "voxel_size": 0.005,
  "patch_radius": 0.3,
  "ref_support_n": 202322,
  "mov_support_n": 470991,
  "ref_kp_n": 80929,
  "mov_kp_n": 80929,
  "fpfh_feat_s": 2.442640899680555,
  "fpfh_ransac_s": 130.05315322242677,
  "fpfh_icp_s": 0.9284633798524737,
  "fpfh_total_s": 133.4242575019598,
  "fpfh_ransac_fitness": 0.0,
  "fpfh_ransac_rmse": 0.0,
  "fpfh_icp_fitness": 0.0,
  "fpfh_icp_rmse": 0.0,
  "fpfh_cov_5mm": 0.0,
  "fpfh_cov_10mm": 0.0,
  "fpfh_trimrmse_5mm": NaN,
  "fpfh_trimrmse_10mm": NaN,
  "fpfh_chamfer": 12.585496376008571,
  "spinnet_ref_feat_s": 396.2449003001675,
  "spinnet_mov_feat_s": 588.0576735576615,
  "spinnet_feat_s": 984.302573857829,
  "spinnet_ransac_s": 233.99514039419591,
  "spinnet_icp_s": 2.9310008753091097,
  "spinnet_total_s": 1221.228715127334,
  "spinnet_ransac_fitness": 0.6441201547035056,
  "spinnet_ransac_rmse": 0.004799334508231388,
  "spinnet_icp_fitness": 0.7843212095741886,
  "spinnet_icp_rmse": 0.002911374987419421,
  "spinnet_cov_5mm": 0.7843212095741886,
  "spinnet_cov_10mm": 0.9405763573438031,
  "spinnet_trimrmse_5mm": 0.0029113749874194205,
  "spinnet_trimrmse_10mm": 0.0038092580804630818,
  "spinnet_chamfer": 0.006363035817272374,
  "fpfh_T_icp": [
    [
      1.0,
      0.0,
      0.0,
      0.0
    ],
    [
      0.0,
      1.0,
      0.0,
      0.0
    ],
    [
      0.0,
      0.0,
      1.0,
      0.0
    ],
    [
      0.0,
      0.0,
      0.0,
      1.0
    ]
  ],
  "spinnet_T_icp": [
    [
      0.019398198353232667,
      -0.6825308044534696,
      -0.7305993504464395,
      -5.865644174451817
    ],
    [
      0.008852474011362245,
      0.7308254536998624,
      -0.6825069889226622,
      -5.08391113507163
    ],
    [
      0.9997726459573346,
      0.006771794186043958,
      0.020218783320839692,
      0.11899612131459181
    ],
    [
      0.0,
      0.0,
      0.0,
      1.0
    ]
  ],
  "combine_w_fpfh": 1.0,
  "combine_w_spinnet": 1.0,
  "combine_feat_s": 986.7452147575095,
  "combine_ransac_s": 1615.4846603563055,
  "combine_icp_s": 4.728969661518931,
  "combine_total_s": 2606.958844775334,
  "combine_ransac_fitness": 0.6503849052873506,
  "combine_ransac_rmse": 0.0047507436754967314,
  "combine_icp_fitness": 0.7843067455971252,
  "combine_icp_rmse": 0.002911321144745737,
  "combine_cov_5mm": 0.7843067455971252,
  "combine_cov_10mm": 0.940570732463834,
  "combine_trimrmse_5mm": 0.0029113211447457303,
  "combine_trimrmse_10mm": 0.003809215167882261,
  "combine_chamfer": 0.006363020367961285,
  "combine_T_icp": [
    [
      0.019396399078222715,
      -0.6825313193459851,
      -0.7305989172005666,
      -5.865637964489933
    ],
    [
      0.008849901362786091,
      0.7308249666594415,
      -0.6825075438067381,
      -5.0839144082725625
    ],
    [
      0.9997727036425174,
      0.006772460340589773,
      0.020215707562879544,
      0.11896869817706524
    ],
    [
      0.0,
      0.0,
      0.0,
      1.0
    ]
  ]
}