{
  "K": 10006,
  "seed": 0,
  "voxel_size": 0.005,
  "patch_radius": 0.3,
  "ref_support_n": 200112,
  "mov_support_n": 457980,
  "ref_kp_n": 10006,
  "mov_kp_n": 10006,
  "fpfh_feat_s": 2.4177815644070506,
  "fpfh_ransac_s": 1.978495080024004,
  "fpfh_icp_s": 5.291864586062729,
  "fpfh_total_s": 9.688141230493784,
  "fpfh_ransac_fitness": 0.0,
  "fpfh_ransac_rmse": 0.0,
  "fpfh_icp_fitness": 0.0011591471428902842,
  "fpfh_icp_rmse": 0.003521623448352241,
  "fpfh_cov_5mm": 0.0011591471428902842,
  "fpfh_cov_10mm": 0.0032822503293849802,
  "fpfh_trimrmse_5mm": 0.003521623448352241,
  "fpfh_trimrmse_10mm": 0.0064685488161292,
  "fpfh_chamfer": 2.0708245160856578,
  "spinnet_ref_feat_s": 48.708197307772934,
  "spinnet_mov_feat_s": 69.46852281596512,
  "spinnet_feat_s": 118.17672012373805,
  "spinnet_ransac_s": 3.1501112449914217,
  "spinnet_icp_s": 8.339106847532094,
  "spinnet_total_s": 129.66593821626157,
  "spinnet_ransac_fitness": 0.08914651209274435,
  "spinnet_ransac_rmse": 0.0056285145279887155,
  "spinnet_icp_fitness": 0.45372731003466243,
  "spinnet_icp_rmse": 0.0034223038425435837,
  "spinnet_cov_5mm": 0.45372731003466243,
  "spinnet_cov_10mm": 0.8232432601073391,
  "spinnet_trimrmse_5mm": 0.0034223038425435608,
  "spinnet_trimrmse_10mm": 0.005405280575246783,
  "spinnet_chamfer": 0.01273296818937597,
  "fpfh_T_icp": [
    [
      0.9999129859183808,
      -0.004355788273684283,
      -0.012451815141055853,
      -0.01095468533413655
    ],
    [
      0.00429080122743148,
      0.9999770599893347,
      -0.005241041873187663,
      -0.002981754599871642
    ],
    [
      0.012474358365016836,
      0.0051871575650517055,
      0.9999087377254899,
      0.002752464018565755
    ],
    [
      0.0,
      0.0,
      0.0,
      1.0
    ]
  ],
  "spinnet_T_icp": [
    [
      -0.04077576238584072,
      -0.9743783729669091,
      0.22118798225995043,
      0.14032020272607604
    ],
    [
      0.008644986627857166,
      -0.22170785242805946,
      -0.9750748137337664,
      -2.168992952177122
    ],
    [
      0.9991309230566692,
      -0.037847251764345835,
      0.017463794714453577,
      -0.04294982003410262
    ],
    [
      0.0,
      0.0,
      0.0,
      1.0
    ]
  ],
  "combine_w_fpfh": 1.0,
  "combine_w_spinnet": 1.0,
  "combine_feat_s": 120.5945016881451,
  "combine_ransac_s": 7.53999518416822,
  "combine_icp_s": 8.290003801696002,
  "combine_total_s": 136.42450067400932,
  "combine_ransac_fitness": 0.07425544673196083,
  "combine_ransac_rmse": 0.005689913912688938,
  "combine_icp_fitness": 0.4536401140108011,
  "combine_icp_rmse": 0.0034192019630053853,
  "combine_cov_5mm": 0.4536401140108011,
  "combine_cov_10mm": 0.8205609824192017,
  "combine_trimrmse_5mm": 0.003419201963005325,
  "combine_trimrmse_10mm": 0.005402830305043412,
  "combine_chamfer": 0.012877438290088186,
  "combine_T_icp": [
    [
      -0.04024900139552444,
      -0.9744348631943647,
      0.22103555206813877,
      0.1406424425413681
    ],
    [
      0.009234769738247231,
      -0.22156813413344734,
      -0.9751011644770567,
      -2.171160146435345
    ],
    [
      0.9991470046567509,
      -0.03720563570249817,
      0.01791657772646107,
      -0.040762613568100604
    ],
    [
      0.0,
      0.0,
      0.0,
      1.0
    ]
  ]
}