{
  "K": 39258,
  "seed": 2,
  "voxel_size": 0.005,
  "patch_radius": 0.3,
  "ref_support_n": 196290,
  "mov_support_n": 400580,
  "ref_kp_n": 39258,
  "mov_kp_n": 39258,
  "fpfh_feat_s": 2.0584016032516956,
  "fpfh_ransac_s": 19.08189651928842,
  "fpfh_icp_s": 1.484903423115611,
  "fpfh_total_s": 22.625201545655727,
  "fpfh_ransac_fitness": 0.0,
  "fpfh_ransac_rmse": 0.0,
  "fpfh_icp_fitness": 0.0,
  "fpfh_icp_rmse": 0.0,
  "fpfh_cov_5mm": 0.0,
  "fpfh_cov_10mm": 0.0,
  "fpfh_trimrmse_5mm": NaN,
  "fpfh_trimrmse_10mm": NaN,
  "fpfh_chamfer": 6.64051921124479,
  "spinnet_ref_feat_s": 196.83930385112762,
  "spinnet_mov_feat_s": 274.72219270374626,
  "spinnet_feat_s": 471.5614965548739,
  "spinnet_ransac_s": 29.188289813697338,
  "spinnet_icp_s": 5.009056349284947,
  "spinnet_total_s": 505.75884271785617,
  "spinnet_ransac_fitness": 0.40753476998318816,
  "spinnet_ransac_rmse": 0.005395540846961228,
  "spinnet_icp_fitness": 0.6375836285559199,
  "spinnet_icp_rmse": 0.0033108430388226187,
  "spinnet_cov_5mm": 0.6375836285559199,
  "spinnet_cov_10mm": 0.9300764099220484,
  "spinnet_trimrmse_5mm": 0.0033108430388225822,
  "spinnet_trimrmse_10mm": 0.004707364627563303,
  "spinnet_chamfer": 0.008754547202352142,
  "fpfh_T_icp": [
    [
      1.0,
      0.0,
      0.0,
      0.0
    ],
    [
      0.0,
      1.0,
      0.0,
      0.0
    ],
    [
      0.0,
      0.0,
      1.0,
      0.0
    ],
    [
      0.0,
      0.0,
      0.0,
      1.0
    ]
  ],
  "spinnet_T_icp": [
    [
      0.006110532595102894,
      -0.9181584028955215,
      0.3961663900228662,
      1.6234862165103605
    ],
    [
      0.0503401331470601,
      -0.39538903076505916,
      -0.9171332429616781,
      -4.46691453536132
    ],
    [
      0.9987134385729179,
      0.025547241397311325,
      0.043804178691616666,
      0.04443646591031138
    ],
    [
      0.0,
      0.0,
      0.0,
      1.0
    ]
  ]
}