{
  "K": 40464,
  "seed": 0,
  "voxel_size": 0.005,
  "patch_radius": 0.3,
  "ref_support_n": 202322,
  "mov_support_n": 470991,
  "ref_kp_n": 40464,
  "mov_kp_n": 40464,
  "fpfh_feat_s": 2.3785010874271393,
  "fpfh_ransac_s": 22.108840919099748,
  "fpfh_icp_s": 1.5872087925672531,
  "fpfh_total_s": 26.07455079909414,
  "fpfh_ransac_fitness": 0.0,
  "fpfh_ransac_rmse": 0.0,
  "fpfh_icp_fitness": 0.0,
  "fpfh_icp_rmse": 0.0,
  "fpfh_cov_5mm": 0.0,
  "fpfh_cov_10mm": 0.0,
  "fpfh_trimrmse_5mm": NaN,
  "fpfh_trimrmse_10mm": NaN,
  "fpfh_chamfer": 12.585496376008571,
  "spinnet_ref_feat_s": 202.62007436621934,
  "spinnet_mov_feat_s": 306.80849452968687,
  "spinnet_feat_s": 509.4285688959062,
  "spinnet_ransac_s": 30.553607103414834,
  "spinnet_icp_s": 1.769132492132485,
  "spinnet_total_s": 541.7513084914535,
  "spinnet_ransac_fitness": 0.43848853301700275,
  "spinnet_ransac_rmse": 0.00507849999496622,
  "spinnet_icp_fitness": 0.784327638008439,
  "spinnet_icp_rmse": 0.002911604350498563,
  "spinnet_cov_5mm": 0.784327638008439,
  "spinnet_cov_10mm": 0.940592428429429,
  "spinnet_trimrmse_5mm": 0.0029116043504985724,
  "spinnet_trimrmse_10mm": 0.0038093444204241843,
  "spinnet_chamfer": 0.00636310985884443,
  "fpfh_T_icp": [
    [
      1.0,
      0.0,
      0.0,
      0.0
    ],
    [
      0.0,
      1.0,
      0.0,
      0.0
    ],
    [
      0.0,
      0.0,
      1.0,
      0.0
    ],
    [
      0.0,
      0.0,
      0.0,
      1.0
    ]
  ],
  "spinnet_T_icp": [
    [
      0.01940218820316338,
      -0.6825716999850588,
      -0.7305610374721849,
      -5.865325152764693
    ],
    [
      0.008822161843651964,
      0.7307870169845755,
      -0.682548536931396,
      -5.084276233060459
    ],
    [
      0.9997728364750328,
      0.006797807462091485,
      0.020200625247127818,
      0.11885379843112343
    ],
    [
      0.0,
      0.0,
      0.0,
      1.0
    ]
  ]
}