{
  "K": 19629,
  "seed": 3,
  "voxel_size": 0.005,
  "patch_radius": 0.3,
  "ref_support_n": 196290,
  "mov_support_n": 400580,
  "ref_kp_n": 19629,
  "mov_kp_n": 19629,
  "fpfh_feat_s": 1.9929358782246709,
  "fpfh_ransac_s": 5.2090032575652,
  "fpfh_icp_s": 1.5308813899755478,
  "fpfh_total_s": 8.732820525765419,
  "fpfh_ransac_fitness": 0.0,
  "fpfh_ransac_rmse": 0.0,
  "fpfh_icp_fitness": 0.0,
  "fpfh_icp_rmse": 0.0,
  "fpfh_cov_5mm": 0.0,
  "fpfh_cov_10mm": 0.0,
  "fpfh_trimrmse_5mm": NaN,
  "fpfh_trimrmse_10mm": NaN,
  "fpfh_chamfer": 6.64051921124479,
  "spinnet_ref_feat_s": 99.87719021737576,
  "spinnet_mov_feat_s": 139.83174519333988,
  "spinnet_feat_s": 239.70893541071564,
  "spinnet_ransac_s": 8.210408871993423,
  "spinnet_icp_s": 3.563102075830102,
  "spinnet_total_s": 251.48244635853916,
  "spinnet_ransac_fitness": 0.24249834428651484,
  "spinnet_ransac_rmse": 0.0055164020566091385,
  "spinnet_icp_fitness": 0.637567569303703,
  "spinnet_icp_rmse": 0.003310786326547388,
  "spinnet_cov_5mm": 0.637567569303703,
  "spinnet_cov_10mm": 0.9300651684454965,
  "spinnet_trimrmse_5mm": 0.003310786326547384,
  "spinnet_trimrmse_10mm": 0.004707404161565499,
  "spinnet_chamfer": 0.008754818936203659,
  "fpfh_T_icp": [
    [
      1.0,
      0.0,
      0.0,
      0.0
    ],
    [
      0.0,
      1.0,
      0.0,
      0.0
    ],
    [
      0.0,
      0.0,
      1.0,
      0.0
    ],
    [
      0.0,
      0.0,
      0.0,
      1.0
    ]
  ],
  "spinnet_T_icp": [
    [
      0.006109715623959867,
      -0.9181577241726738,
      0.39616797563287237,
      1.6234932236000978
    ],
    [
      0.05034214028288452,
      -0.3953905990553221,
      -0.9171324566770119,
      -4.466912123389466
    ],
    [
      0.9987133423994753,
      0.025547362304696817,
      0.043806300831499626,
      0.044445460494491405
    ],
    [
      0.0,
      0.0,
      0.0,
      1.0
    ]
  ]
}