{
  "K": 20970,
  "seed": 0,
  "voxel_size": 0.005,
  "patch_radius": 0.3,
  "ref_support_n": 52425,
  "mov_support_n": 59566,
  "ref_kp_n": 20970,
  "mov_kp_n": 20970,
  "fpfh_feat_s": 0.34998946636915207,
  "fpfh_ransac_s": 3.6004005512222648,
  "fpfh_icp_s": 5.701172580942512,
  "fpfh_total_s": 9.651562598533928,
  "fpfh_ransac_fitness": 0.0,
  "fpfh_ransac_rmse": 0.0,
  "fpfh_icp_fitness": 0.0,
  "fpfh_icp_rmse": 0.0,
  "fpfh_cov_5mm": 0.0,
  "fpfh_cov_10mm": 0.0,
  "fpfh_trimrmse_5mm": NaN,
  "fpfh_trimrmse_10mm": NaN,
  "fpfh_chamfer": 8.107914416820307,
  "spinnet_ref_feat_s": 117.86371911503375,
  "spinnet_mov_feat_s": 121.88430383335799,
  "spinnet_feat_s": 239.74802294839174,
  "spinnet_ransac_s": 14.573374536819756,
  "spinnet_icp_s": 5.326574617065489,
  "spinnet_total_s": 259.647972102277,
  "spinnet_ransac_fitness": 0.7146399618502622,
  "spinnet_ransac_rmse": 0.004452815859226612,
  "spinnet_icp_fitness": 0.7907028524342994,
  "spinnet_icp_rmse": 0.001221151886693834,
  "spinnet_cov_5mm": 0.7907028524342994,
  "spinnet_cov_10mm": 0.8165477421880936,
  "spinnet_trimrmse_5mm": 0.0012211518866938262,
  "spinnet_trimrmse_10mm": 0.0017575520507016177,
  "spinnet_chamfer": 0.016678773324416807,
  "fpfh_T_icp": [
    [
      1.0,
      0.0,
      0.0,
      0.0
    ],
    [
      0.0,
      1.0,
      0.0,
      0.0
    ],
    [
      0.0,
      0.0,
      1.0,
      0.0
    ],
    [
      0.0,
      0.0,
      0.0,
      1.0
    ]
  ],
  "spinnet_T_icp": [
    [
      0.4415919059802415,
      -0.043492924799347146,
      0.8961612321815394,
      4.2484134021602715
    ],
    [
      0.8933240638647288,
      0.11424611416463619,
      -0.43464921755190844,
      -1.5721923433791372
    ],
    [
      -0.0834787727086532,
      0.9924999702220038,
      0.08930343563591364,
      0.57828873242435
    ],
    [
      0.0,
      0.0,
      0.0,
      1.0
    ]
  ]
}