{
  "K": 2621,
  "seed": 4,
  "voxel_size": 0.005,
  "patch_radius": 0.3,
  "ref_support_n": 52425,
  "mov_support_n": 59566,
  "ref_kp_n": 2621,
  "mov_kp_n": 2621,
  "fpfh_feat_s": 0.34980122558772564,
  "fpfh_ransac_s": 0.18470642529428005,
  "fpfh_icp_s": 5.104465248063207,
  "fpfh_total_s": 5.638972898945212,
  "fpfh_ransac_fitness": 0.0,
  "fpfh_ransac_rmse": 0.0,
  "fpfh_icp_fitness": 0.0,
  "fpfh_icp_rmse": 0.0,
  "fpfh_cov_5mm": 0.0,
  "fpfh_cov_10mm": 0.0,
  "fpfh_trimrmse_5mm": NaN,
  "fpfh_trimrmse_10mm": NaN,
  "fpfh_chamfer": 8.107914416820307,
  "spinnet_ref_feat_s": 14.73110481724143,
  "spinnet_mov_feat_s": 15.19527064729482,
  "spinnet_feat_s": 29.92637546453625,
  "spinnet_ransac_s": 0.34859290812164545,
  "spinnet_icp_s": 51.024577661417425,
  "spinnet_total_s": 81.29954603407532,
  "spinnet_ransac_fitness": 0.07478061808470049,
  "spinnet_ransac_rmse": 0.005703318582496758,
  "spinnet_icp_fitness": 0.7907092807844924,
  "spinnet_icp_rmse": 0.0012289643425983981,
  "spinnet_cov_5mm": 0.7907092807844924,
  "spinnet_cov_10mm": 0.8165874810801966,
  "spinnet_trimrmse_5mm": 0.0012289643425985777,
  "spinnet_trimrmse_10mm": 0.0017635855614852394,
  "spinnet_chamfer": 0.016690919774442432,
  "fpfh_T_icp": [
    [
      1.0,
      0.0,
      0.0,
      0.0
    ],
    [
      0.0,
      1.0,
      0.0,
      0.0
    ],
    [
      0.0,
      0.0,
      1.0,
      0.0
    ],
    [
      0.0,
      0.0,
      0.0,
      1.0
    ]
  ],
  "spinnet_T_icp": [
    [
      0.44159716336283283,
      -0.04349672185890168,
      0.8961584572481803,
      4.248695814120158
    ],
    [
      0.893327557249613,
      0.11417607694334075,
      -0.4346604409332348,
      -1.5725655763509099
    ],
    [
      -0.08341355266585403,
      0.9925078632642474,
      0.08927665198865403,
      0.578216798242589
    ],
    [
      0.0,
      0.0,
      0.0,
      1.0
    ]
  ],
  "combine_w_fpfh": 1.0,
  "combine_w_spinnet": 1.0,
  "combine_feat_s": 30.276176690123975,
  "combine_ransac_s": 0.6401310581713915,
  "combine_icp_s": 24.048652851954103,
  "combine_total_s": 54.96496060024947,
  "combine_ransac_fitness": 0.26516596718809615,
  "combine_ransac_rmse": 0.005454025869688678,
  "combine_icp_fitness": 0.7907063588071319,
  "combine_icp_rmse": 0.001221430453745924,
  "combine_cov_5mm": 0.7907063588071319,
  "combine_cov_10mm": 0.8165541705382867,
  "combine_trimrmse_5mm": 0.0012214304537459199,
  "combine_trimrmse_10mm": 0.0017577146607073533,
  "combine_chamfer": 0.01667944579858588,
  "combine_T_icp": [
    [
      0.4415949792631973,
      -0.04350034498199025,
      0.8961593576345652,
      4.248457693978307
    ],
    [
      0.8933247808097632,
      0.11422346334738397,
      -0.4346536971108384,
      -1.5722764758120231
    ],
    [
      -0.08345483976816707,
      0.9925022520918453,
      0.08930044407444464,
      0.5782874210242593
    ],
    [
      0.0,
      0.0,
      0.0,
      1.0
    ]
  ]
}