{
  "K": 6144,
  "seed": 3,
  "voxel_size": 0.005,
  "patch_radius": 0.3,
  "ref_support_n": 61443,
  "mov_support_n": 65640,
  "ref_kp_n": 6144,
  "mov_kp_n": 6144,
  "fpfh_feat_s": 0.38291007094085217,
  "fpfh_ransac_s": 0.4981288854032755,
  "fpfh_icp_s": 1.8078847015276551,
  "fpfh_total_s": 2.688923657871783,
  "fpfh_ransac_fitness": 0.5439453125,
  "fpfh_ransac_rmse": 0.005018578352366827,
  "fpfh_icp_fitness": 0.9862484306340239,
  "fpfh_icp_rmse": 0.0014648330221913718,
  "fpfh_cov_5mm": 0.9862484306340239,
  "fpfh_cov_10mm": 0.9974939187068425,
  "fpfh_trimrmse_5mm": 0.0014648330221913688,
  "fpfh_trimrmse_10mm": 0.001623546893774986,
  "fpfh_chamfer": 0.002984875984890355,
  "spinnet_ref_feat_s": 36.855122569948435,
  "spinnet_mov_feat_s": 38.42202661279589,
  "spinnet_feat_s": 75.27714918274432,
  "spinnet_ransac_s": 1.6682943049818277,
  "spinnet_icp_s": 1.8434480391442776,
  "spinnet_total_s": 78.78889152687043,
  "spinnet_ransac_fitness": 0.0,
  "spinnet_ransac_rmse": 0.0,
  "spinnet_icp_fitness": 0.0,
  "spinnet_icp_rmse": 0.0,
  "spinnet_cov_5mm": 0.0,
  "spinnet_cov_10mm": 0.0,
  "spinnet_trimrmse_5mm": NaN,
  "spinnet_trimrmse_10mm": NaN,
  "spinnet_chamfer": 3.435376785446324,
  "fpfh_T_icp": [
    [
      -0.9792863763172386,
      0.020662628611632015,
      0.20142305959922124,
      -0.04001119774668549
    ],
    [
      -0.20149020424610087,
      -0.0011992929222294471,
      -0.979489795398273,
      -2.3208431342566733
    ],
    [
      -0.019997268621446806,
      -0.9997857857938103,
      0.005337768479172117,
      -0.8189700112055829
    ],
    [
      0.0,
      0.0,
      0.0,
      1.0
    ]
  ],
  "spinnet_T_icp": [
    [
      1.0,
      0.0,
      0.0,
      0.0
    ],
    [
      0.0,
      1.0,
      0.0,
      0.0
    ],
    [
      0.0,
      0.0,
      1.0,
      0.0
    ],
    [
      0.0,
      0.0,
      0.0,
      1.0
    ]
  ],
  "combine_w_fpfh": 1.0,
  "combine_w_spinnet": 1.0,
  "combine_feat_s": 75.66005925368518,
  "combine_ransac_s": 3.036110875196755,
  "combine_icp_s": 8.625834726728499,
  "combine_total_s": 87.32200485561043,
  "combine_ransac_fitness": 0.21793619791666666,
  "combine_ransac_rmse": 0.005503717815539262,
  "combine_icp_fitness": 0.9856378491839297,
  "combine_icp_rmse": 0.0014675113443979133,
  "combine_cov_5mm": 0.9856378491839297,
  "combine_cov_10mm": 0.9975012751098556,
  "combine_trimrmse_5mm": 0.0014675113443977175,
  "combine_trimrmse_10mm": 0.0016315503542878363,
  "combine_chamfer": 0.002989587072299937,
  "combine_T_icp": [
    [
      -0.9793242007819564,
      0.020789638407008496,
      0.2012259940904957,
      -0.04026423887918833
    ],
    [
      -0.2012946876970633,
      -0.0012445428640094618,
      -0.9795299381938393,
      -2.321175805085116
    ],
    [
      -0.020113638848889094,
      -0.9997830975006502,
      0.005403654716108527,
      -0.8188697598957073
    ],
    [
      0.0,
      0.0,
      0.0,
      1.0
    ]
  ]
}