{
  "K": 3072,
  "seed": 2,
  "voxel_size": 0.005,
  "patch_radius": 0.3,
  "ref_support_n": 61443,
  "mov_support_n": 65640,
  "ref_kp_n": 3072,
  "mov_kp_n": 3072,
  "fpfh_feat_s": 0.42603356670588255,
  "fpfh_ransac_s": 0.24673663824796677,
  "fpfh_icp_s": 2.823049722239375,
  "fpfh_total_s": 3.4958199271932244,
  "fpfh_ransac_fitness": 0.3274739583333333,
  "fpfh_ransac_rmse": 0.0053411715889741685,
  "fpfh_icp_fitness": 0.9862410742310107,
  "fpfh_icp_rmse": 0.0014638341647749196,
  "fpfh_cov_5mm": 0.9862410742310107,
  "fpfh_cov_10mm": 0.9974914665725048,
  "fpfh_trimrmse_5mm": 0.0014638341647749261,
  "fpfh_trimrmse_10mm": 0.0016229987881878221,
  "fpfh_chamfer": 0.0029856438383914527,
  "spinnet_ref_feat_s": 17.592232384718955,
  "spinnet_mov_feat_s": 17.944364150054753,
  "spinnet_feat_s": 35.53659653477371,
  "spinnet_ransac_s": 0.47917127422988415,
  "spinnet_icp_s": 3.0015941532328725,
  "spinnet_total_s": 39.017361962236464,
  "spinnet_ransac_fitness": 0.0,
  "spinnet_ransac_rmse": 0.0,
  "spinnet_icp_fitness": 0.0,
  "spinnet_icp_rmse": 0.0,
  "spinnet_cov_5mm": 0.0,
  "spinnet_cov_10mm": 0.0,
  "spinnet_trimrmse_5mm": NaN,
  "spinnet_trimrmse_10mm": NaN,
  "spinnet_chamfer": 3.435376785446324,
  "fpfh_T_icp": [
    [
      -0.9792730221308948,
      0.02105131742257553,
      0.20144773555788179,
      -0.039706278098165314
    ],
    [
      -0.20151436268069026,
      -0.001071140557457394,
      -0.9794849739997553,
      -2.3207009075905773
    ],
    [
      -0.020403670258547977,
      -0.9997778226649563,
      0.005291081864827555,
      -0.8192710831729048
    ],
    [
      0.0,
      0.0,
      0.0,
      1.0
    ]
  ],
  "spinnet_T_icp": [
    [
      1.0,
      0.0,
      0.0,
      0.0
    ],
    [
      0.0,
      1.0,
      0.0,
      0.0
    ],
    [
      0.0,
      0.0,
      1.0,
      0.0
    ],
    [
      0.0,
      0.0,
      0.0,
      1.0
    ]
  ]
}