{
  "K": 10485,
  "seed": 4,
  "voxel_size": 0.005,
  "patch_radius": 0.3,
  "ref_support_n": 52425,
  "mov_support_n": 59566,
  "ref_kp_n": 10485,
  "mov_kp_n": 10485,
  "fpfh_feat_s": 0.3593911360949278,
  "fpfh_ransac_s": 1.0892427125945687,
  "fpfh_icp_s": 5.505001372657716,
  "fpfh_total_s": 6.953635221347213,
  "fpfh_ransac_fitness": 0.0,
  "fpfh_ransac_rmse": 0.0,
  "fpfh_icp_fitness": 0.0,
  "fpfh_icp_rmse": 0.0,
  "fpfh_cov_5mm": 0.0,
  "fpfh_cov_10mm": 0.0,
  "fpfh_trimrmse_5mm": NaN,
  "fpfh_trimrmse_10mm": NaN,
  "fpfh_chamfer": 8.107914416820307,
  "spinnet_ref_feat_s": 58.601995344273746,
  "spinnet_mov_feat_s": 61.00583129841834,
  "spinnet_feat_s": 119.60782664269209,
  "spinnet_ransac_s": 4.17913874052465,
  "spinnet_icp_s": 47.71169911604375,
  "spinnet_total_s": 171.49866449926049,
  "spinnet_ransac_fitness": 0.48726752503576537,
  "spinnet_ransac_rmse": 0.005148229541230063,
  "spinnet_icp_fitness": 0.7907034368297714,
  "spinnet_icp_rmse": 0.0012211726373100207,
  "spinnet_cov_5mm": 0.7907034368297714,
  "spinnet_cov_10mm": 0.8165524173518703,
  "spinnet_trimrmse_5mm": 0.0012211726373100062,
  "spinnet_trimrmse_10mm": 0.001757583389926132,
  "spinnet_chamfer": 0.016678557035842825,
  "fpfh_T_icp": [
    [
      1.0,
      0.0,
      0.0,
      0.0
    ],
    [
      0.0,
      1.0,
      0.0,
      0.0
    ],
    [
      0.0,
      0.0,
      1.0,
      0.0
    ],
    [
      0.0,
      0.0,
      0.0,
      1.0
    ]
  ],
  "spinnet_T_icp": [
    [
      0.4415954096064745,
      -0.04350367131665034,
      0.8961589841074366,
      4.248416520157593
    ],
    [
      0.8933241510783934,
      0.11423008344893346,
      -0.4346532516102001,
      -1.5722349860175342
    ],
    [
      -0.08345930334334002,
      0.9925013443906484,
      0.08930636073775423,
      0.5783093234032037
    ],
    [
      0.0,
      0.0,
      0.0,
      1.0
    ]
  ],
  "combine_w_fpfh": 1.0,
  "combine_w_spinnet": 1.0,
  "combine_feat_s": 119.96721777878702,
  "combine_ransac_s": 8.117782343178988,
  "combine_icp_s": 24.36882785335183,
  "combine_total_s": 152.45382797531784,
  "combine_ransac_fitness": 0.5491654744873629,
  "combine_ransac_rmse": 0.005050660167051731,
  "combine_icp_fitness": 0.7906946708976899,
  "combine_icp_rmse": 0.0012219446877242655,
  "combine_cov_5mm": 0.7906946708976899,
  "combine_cov_10mm": 0.8165629364703683,
  "combine_trimrmse_5mm": 0.0012219446877242675,
  "combine_trimrmse_10mm": 0.001758368623081689,
  "combine_chamfer": 0.016681017169868462,
  "combine_T_icp": [
    [
      0.44159448586459626,
      -0.04350361991926935,
      0.8961594417891863,
      4.248504625873142
    ],
    [
      0.8933260251634191,
      0.1142130982785512,
      -0.43465386337560263,
      -1.5723286713855655
    ],
    [
      -0.08344412992958573,
      0.9925033013726181,
      0.0892987902760211,
      0.578288702905231
    ],
    [
      0.0,
      0.0,
      0.0,
      1.0
    ]
  ]
}