{
  "K": 40464,
  "seed": 2,
  "voxel_size": 0.005,
  "patch_radius": 0.3,
  "ref_support_n": 202322,
  "mov_support_n": 470991,
  "ref_kp_n": 40464,
  "mov_kp_n": 40464,
  "fpfh_feat_s": 2.3905607918277383,
  "fpfh_ransac_s": 22.05317945871502,
  "fpfh_icp_s": 1.54066492151469,
  "fpfh_total_s": 25.98440517205745,
  "fpfh_ransac_fitness": 0.0,
  "fpfh_ransac_rmse": 0.0,
  "fpfh_icp_fitness": 0.0,
  "fpfh_icp_rmse": 0.0,
  "fpfh_cov_5mm": 0.0,
  "fpfh_cov_10mm": 0.0,
  "fpfh_trimrmse_5mm": NaN,
  "fpfh_trimrmse_10mm": NaN,
  "fpfh_chamfer": 12.585496376008571,
  "spinnet_ref_feat_s": 201.3809874188155,
  "spinnet_mov_feat_s": 305.1751800784841,
  "spinnet_feat_s": 506.5561674972996,
  "spinnet_ransac_s": 32.837292238138616,
  "spinnet_icp_s": 1.6824574414640665,
  "spinnet_total_s": 541.0759171769023,
  "spinnet_ransac_fitness": 0.4392546461051799,
  "spinnet_ransac_rmse": 0.005063425583224086,
  "spinnet_icp_fitness": 0.7843268344541576,
  "spinnet_icp_rmse": 0.0029116014398500485,
  "spinnet_cov_5mm": 0.7843268344541576,
  "spinnet_cov_10mm": 0.940592428429429,
  "spinnet_trimrmse_5mm": 0.002911601439850046,
  "spinnet_trimrmse_10mm": 0.0038093443756234305,
  "spinnet_chamfer": 0.006363109852290241,
  "fpfh_T_icp": [
    [
      1.0,
      0.0,
      0.0,
      0.0
    ],
    [
      0.0,
      1.0,
      0.0,
      0.0
    ],
    [
      0.0,
      0.0,
      1.0,
      0.0
    ],
    [
      0.0,
      0.0,
      0.0,
      1.0
    ]
  ],
  "spinnet_T_icp": [
    [
      0.01940218418484033,
      -0.6825717036138442,
      -0.7305610341884877,
      -5.865325130477475
    ],
    [
      0.008822174868131631,
      0.7307870137083595,
      -0.6825485402708104,
      -5.08427624825884
    ],
    [
      0.999772836438085,
      0.0067977952979743055,
      0.02020063116917882,
      0.11885384066290558
    ],
    [
      0.0,
      0.0,
      0.0,
      1.0
    ]
  ]
}