{
  "K": 44803,
  "seed": 3,
  "voxel_size": 0.005,
  "patch_radius": 0.3,
  "ref_support_n": 451634,
  "mov_support_n": 448032,
  "ref_kp_n": 44803,
  "mov_kp_n": 44803,
  "fpfh_feat_s": 3.523174587637186,
  "fpfh_ransac_s": 21.628591329790652,
  "fpfh_icp_s": 20.458659136667848,
  "fpfh_total_s": 45.610425054095685,
  "fpfh_ransac_fitness": 0.0,
  "fpfh_ransac_rmse": 0.0,
  "fpfh_icp_fitness": 0.0014692894484199333,
  "fpfh_icp_rmse": 0.0031377315107188157,
  "fpfh_cov_5mm": 0.0014692894484199333,
  "fpfh_cov_10mm": 0.0026431196017625068,
  "fpfh_trimrmse_5mm": 0.0031377315107188105,
  "fpfh_trimrmse_10mm": 0.00553034180361423,
  "fpfh_chamfer": 2.0489803121514667,
  "spinnet_ref_feat_s": 412.1029043700546,
  "spinnet_mov_feat_s": 373.5390294827521,
  "spinnet_feat_s": 785.6419338528067,
  "spinnet_ransac_s": 42.897688971832395,
  "spinnet_icp_s": 4.2887082118541,
  "spinnet_total_s": 832.8283310364932,
  "spinnet_ransac_fitness": 0.4598129589536415,
  "spinnet_ransac_rmse": 0.005141526130096338,
  "spinnet_icp_fitness": 0.8891835474812696,
  "spinnet_icp_rmse": 0.0021661379580304074,
  "spinnet_cov_5mm": 0.8891835474812696,
  "spinnet_cov_10mm": 0.9594372020885529,
  "spinnet_trimrmse_5mm": 0.00216613795803041,
  "spinnet_trimrmse_10mm": 0.0028149872342581182,
  "spinnet_chamfer": 0.005839250899042546,
  "fpfh_T_icp": [
    [
      0.9965362460303991,
      -0.06086737382892621,
      -0.0566628021792928,
      -0.030914974354589494
    ],
    [
      0.05660374356668057,
      0.995648235162509,
      -0.07403112880415971,
      0.0017471646375628942
    ],
    [
      0.06092229938107548,
      0.070567376463564,
      0.9956448758554286,
      0.017723169531811453
    ],
    [
      0.0,
      0.0,
      0.0,
      1.0
    ]
  ],
  "spinnet_T_icp": [
    [
      0.007190111983112004,
      -0.9993649495947217,
      0.034899854028499516,
      -0.37494114933794537
    ],
    [
      -0.007011424621169069,
      -0.03495028178610507,
      -0.9993644569064151,
      0.9613061691963644
    ],
    [
      0.9999495698356257,
      0.00694084466128849,
      -0.007258268453005285,
      -0.10579910088609105
    ],
    [
      0.0,
      0.0,
      0.0,
      1.0
    ]
  ]
}