{
  "K": 19629,
  "seed": 2,
  "voxel_size": 0.005,
  "patch_radius": 0.3,
  "ref_support_n": 196290,
  "mov_support_n": 400580,
  "ref_kp_n": 19629,
  "mov_kp_n": 19629,
  "fpfh_feat_s": 2.1260758014395833,
  "fpfh_ransac_s": 5.470210434868932,
  "fpfh_icp_s": 0.8199388226494193,
  "fpfh_total_s": 8.416225058957934,
  "fpfh_ransac_fitness": 0.0,
  "fpfh_ransac_rmse": 0.0,
  "fpfh_icp_fitness": 0.0,
  "fpfh_icp_rmse": 0.0,
  "fpfh_cov_5mm": 0.0,
  "fpfh_cov_10mm": 0.0,
  "fpfh_trimrmse_5mm": NaN,
  "fpfh_trimrmse_10mm": NaN,
  "fpfh_chamfer": 6.64051921124479,
  "spinnet_ref_feat_s": 100.31211939547211,
  "spinnet_mov_feat_s": 140.3261256441474,
  "spinnet_feat_s": 240.6382450396195,
  "spinnet_ransac_s": 8.315077807754278,
  "spinnet_icp_s": 12.07938621379435,
  "spinnet_total_s": 261.03270906116813,
  "spinnet_ransac_fitness": 0.23388863416373734,
  "spinnet_ransac_rmse": 0.005568486636933967,
  "spinnet_icp_fitness": 0.6449219038564689,
  "spinnet_icp_rmse": 0.0033600595298496766,
  "spinnet_cov_5mm": 0.6449219038564689,
  "spinnet_cov_10mm": 0.9508434319264357,
  "spinnet_trimrmse_5mm": 0.0033600595298496744,
  "spinnet_trimrmse_10mm": 0.004706769421766472,
  "spinnet_chamfer": 0.008422847342881255,
  "fpfh_T_icp": [
    [
      1.0,
      0.0,
      0.0,
      0.0
    ],
    [
      0.0,
      1.0,
      0.0,
      0.0
    ],
    [
      0.0,
      0.0,
      1.0,
      0.0
    ],
    [
      0.0,
      0.0,
      0.0,
      1.0
    ]
  ],
  "spinnet_T_icp": [
    [
      0.007021551403318687,
      -0.9183468663203183,
      0.39571420360602144,
      1.620341096366787
    ],
    [
      0.0509140612877997,
      -0.3948823733042157,
      -0.9173198295124939,
      -4.463540020924983
    ],
    [
      0.9986783547164153,
      0.026588425551054232,
      0.043984081752871315,
      0.04492891118812662
    ],
    [
      0.0,
      0.0,
      0.0,
      1.0
    ]
  ],
  "combine_w_fpfh": 1.0,
  "combine_w_spinnet": 1.0,
  "combine_feat_s": 242.7643208410591,
  "combine_ransac_s": 30.441648434847593,
  "combine_icp_s": 7.411791835911572,
  "combine_total_s": 280.61776111181825,
  "combine_ransac_fitness": 0.241479443680269,
  "combine_ransac_rmse": 0.0054945398199246764,
  "combine_icp_fitness": 0.6445661914198627,
  "combine_icp_rmse": 0.0033347769835603176,
  "combine_cov_5mm": 0.6445661914198627,
  "combine_cov_10mm": 0.9400435848105169,
  "combine_trimrmse_5mm": 0.003334776983560405,
  "combine_trimrmse_10mm": 0.004692704554456637,
  "combine_chamfer": 0.008564273049308714,
  "combine_T_icp": [
    [
      0.006408927894349927,
      -0.9182243012205037,
      0.3960089118837574,
      1.6224322792450516
    ],
    [
      0.05041398467305054,
      -0.39521676159715813,
      -0.9172034351778464,
      -4.465876149462316
    ],
    [
      0.9987078430615389,
      0.025842677894603403,
      0.043758430120438056,
      0.04381712265447842
    ],
    [
      0.0,
      0.0,
      0.0,
      1.0
    ]
  ]
}