{
  "K": 78516,
  "seed": 1,
  "voxel_size": 0.005,
  "patch_radius": 0.3,
  "ref_support_n": 196290,
  "mov_support_n": 400580,
  "ref_kp_n": 78516,
  "mov_kp_n": 78516,
  "fpfh_feat_s": 2.0728850895538926,
  "fpfh_ransac_s": 96.52334714587778,
  "fpfh_icp_s": 1.3966094898059964,
  "fpfh_total_s": 99.99284172523767,
  "fpfh_ransac_fitness": 0.0,
  "fpfh_ransac_rmse": 0.0,
  "fpfh_icp_fitness": 0.0,
  "fpfh_icp_rmse": 0.0,
  "fpfh_cov_5mm": 0.0,
  "fpfh_cov_10mm": 0.0,
  "fpfh_trimrmse_5mm": NaN,
  "fpfh_trimrmse_10mm": NaN,
  "fpfh_chamfer": 6.64051921124479,
  "spinnet_ref_feat_s": 464.7636544816196,
  "spinnet_mov_feat_s": 607.2975333761424,
  "spinnet_feat_s": 1072.061187857762,
  "spinnet_ransac_s": 175.68872036971152,
  "spinnet_icp_s": 4.713220599107444,
  "spinnet_total_s": 1252.463128826581,
  "spinnet_ransac_fitness": 0.6006291711243568,
  "spinnet_ransac_rmse": 0.005175330500791692,
  "spinnet_icp_fitness": 0.6375796137428656,
  "spinnet_icp_rmse": 0.0033108218713129444,
  "spinnet_cov_5mm": 0.6375796137428656,
  "spinnet_cov_10mm": 0.9300611536324422,
  "spinnet_trimrmse_5mm": 0.0033108218713129656,
  "spinnet_trimrmse_10mm": 0.004707399668238979,
  "spinnet_chamfer": 0.00875489749991918,
  "fpfh_T_icp": [
    [
      1.0,
      0.0,
      0.0,
      0.0
    ],
    [
      0.0,
      1.0,
      0.0,
      0.0
    ],
    [
      0.0,
      0.0,
      1.0,
      0.0
    ],
    [
      0.0,
      0.0,
      0.0,
      1.0
    ]
  ],
  "spinnet_T_icp": [
    [
      0.006110061562527571,
      -0.9181572035475956,
      0.39616917689462045,
      1.6234986722183686
    ],
    [
      0.050343331406425024,
      -0.39539175334884225,
      -0.9171318936590488,
      -4.466909815560926
    ],
    [
      0.9987132802414341,
      0.025548208496630715,
      0.04380722442711588,
      0.0444492637156446
    ],
    [
      0.0,
      0.0,
      0.0,
      1.0
    ]
  ]
}