{
  "K": 20232,
  "seed": 2,
  "voxel_size": 0.005,
  "patch_radius": 0.3,
  "ref_support_n": 202322,
  "mov_support_n": 470991,
  "ref_kp_n": 20232,
  "mov_kp_n": 20232,
  "fpfh_feat_s": 2.5297789806500077,
  "fpfh_ransac_s": 6.75723575334996,
  "fpfh_icp_s": 0.8836083998903632,
  "fpfh_total_s": 10.17062313389033,
  "fpfh_ransac_fitness": 0.0,
  "fpfh_ransac_rmse": 0.0,
  "fpfh_icp_fitness": 0.0,
  "fpfh_icp_rmse": 0.0,
  "fpfh_cov_5mm": 0.0,
  "fpfh_cov_10mm": 0.0,
  "fpfh_trimrmse_5mm": NaN,
  "fpfh_trimrmse_10mm": NaN,
  "fpfh_chamfer": 12.585496376008571,
  "spinnet_ref_feat_s": 101.43444905802608,
  "spinnet_mov_feat_s": 152.2476680446416,
  "spinnet_feat_s": 253.6821171026677,
  "spinnet_ransac_s": 9.863671098835766,
  "spinnet_icp_s": 2.2190653597936034,
  "spinnet_total_s": 265.76485356129706,
  "spinnet_ransac_fitness": 0.24713325425069196,
  "spinnet_ransac_rmse": 0.005439574852327748,
  "spinnet_icp_fitness": 0.7842826389686863,
  "spinnet_icp_rmse": 0.0029121809392601153,
  "spinnet_cov_5mm": 0.7842826389686863,
  "spinnet_cov_10mm": 0.9405811786694909,
  "spinnet_trimrmse_5mm": 0.002912180939260108,
  "spinnet_trimrmse_10mm": 0.0038100574228997213,
  "spinnet_chamfer": 0.006367023607664788,
  "fpfh_T_icp": [
    [
      1.0,
      0.0,
      0.0,
      0.0
    ],
    [
      0.0,
      1.0,
      0.0,
      0.0
    ],
    [
      0.0,
      0.0,
      1.0,
      0.0
    ],
    [
      0.0,
      0.0,
      0.0,
      1.0
    ]
  ],
  "spinnet_T_icp": [
    [
      0.019441483965243297,
      -0.6825176061242584,
      -0.7306105296473949,
      -5.86560745551865
    ],
    [
      0.008939072523760555,
      0.7308380949002489,
      -0.6824923237846682,
      -5.083661819386463
    ],
    [
      0.999771034629254,
      0.006737683058120102,
      0.020309651483080275,
      0.11964966239518117
    ],
    [
      0.0,
      0.0,
      0.0,
      1.0
    ]
  ],
  "combine_w_fpfh": 1.0,
  "combine_w_spinnet": 1.0,
  "combine_feat_s": 256.2118960833177,
  "combine_ransac_s": 37.895177527330816,
  "combine_icp_s": 3.271503260359168,
  "combine_total_s": 297.3785768710077,
  "combine_ransac_fitness": 0.2594899169632266,
  "combine_ransac_rmse": 0.005234952674497333,
  "combine_icp_fitness": 0.7842995136085935,
  "combine_icp_rmse": 0.0029112964837988095,
  "combine_cov_5mm": 0.7842995136085935,
  "combine_cov_10mm": 0.9405691253552715,
  "combine_trimrmse_5mm": 0.0029112964837988116,
  "combine_trimrmse_10mm": 0.0038092318752634045,
  "combine_chamfer": 0.006363065603850623,
  "combine_T_icp": [
    [
      0.019398242010854626,
      -0.6825309931246769,
      -0.73059917302933,
      -5.86563562112365
    ],
    [
      0.008850066947212396,
      0.7308252608657663,
      -0.6825072266251277,
      -5.08390949290788
    ],
    [
      0.9997726664206824,
      0.006773588763343689,
      0.020217170260621028,
      0.11897594324185784
    ],
    [
      0.0,
      0.0,
      0.0,
      1.0
    ]
  ]
}