{
  "K": 22402,
  "seed": 2,
  "voxel_size": 0.005,
  "patch_radius": 0.3,
  "ref_support_n": 451634,
  "mov_support_n": 448032,
  "ref_kp_n": 22402,
  "mov_kp_n": 22402,
  "fpfh_feat_s": 3.7117103347554803,
  "fpfh_ransac_s": 6.096798493526876,
  "fpfh_icp_s": 49.347696227021515,
  "fpfh_total_s": 59.15620505530387,
  "fpfh_ransac_fitness": 0.0,
  "fpfh_ransac_rmse": 0.0,
  "fpfh_icp_fitness": 0.0014957126374105915,
  "fpfh_icp_rmse": 0.0031637015049261054,
  "fpfh_cov_5mm": 0.0014957126374105915,
  "fpfh_cov_10mm": 0.0028360889516639803,
  "fpfh_trimrmse_5mm": 0.0031637015049261067,
  "fpfh_trimrmse_10mm": 0.005649091632407537,
  "fpfh_chamfer": 2.0545392516242655,
  "spinnet_ref_feat_s": 190.12190234661102,
  "spinnet_mov_feat_s": 173.7914776308462,
  "spinnet_feat_s": 363.9133799774572,
  "spinnet_ransac_s": 9.652032890357077,
  "spinnet_icp_s": 7.517450517043471,
  "spinnet_total_s": 381.0828633848578,
  "spinnet_ransac_fitness": 0.27189536648513524,
  "spinnet_ransac_rmse": 0.005342440258008687,
  "spinnet_icp_fitness": 0.8891034772116009,
  "spinnet_icp_rmse": 0.0021653003108023086,
  "spinnet_cov_5mm": 0.8891034772116009,
  "spinnet_cov_10mm": 0.9594203873319225,
  "spinnet_trimrmse_5mm": 0.0021653003108022735,
  "spinnet_trimrmse_10mm": 0.0028146410029898363,
  "spinnet_chamfer": 0.005840206689836896,
  "fpfh_T_icp": [
    [
      0.9997816005689838,
      0.015095177379049602,
      0.01445291609443408,
      0.007742069622970617
    ],
    [
      -0.01413925800084805,
      0.9978432273766823,
      -0.06410128673963998,
      -0.006172468686169353
    ],
    [
      -0.015389364734232611,
      0.06388293354556955,
      0.9978387335911072,
      0.006605978914384751
    ],
    [
      0.0,
      0.0,
      0.0,
      1.0
    ]
  ],
  "spinnet_T_icp": [
    [
      0.007162860901562178,
      -0.9993675187359896,
      0.03483182336862756,
      -0.37483935975089966
    ],
    [
      -0.0070000497652408615,
      -0.03488197472682723,
      -0.9993669231780902,
      0.9613412354260148
    ],
    [
      0.9999498451057424,
      0.006914501763352123,
      -0.00724547709785735,
      -0.10581687414040354
    ],
    [
      0.0,
      0.0,
      0.0,
      1.0
    ]
  ],
  "combine_w_fpfh": 1.0,
  "combine_w_spinnet": 1.0,
  "combine_feat_s": 367.6250903122127,
  "combine_ransac_s": 56.373039374127984,
  "combine_icp_s": 7.250720280222595,
  "combine_total_s": 431.2488499665633,
  "combine_ransac_fitness": 0.27247567181501653,
  "combine_ransac_rmse": 0.005359144954409341,
  "combine_icp_fitness": 0.8890850610495771,
  "combine_icp_rmse": 0.0021651998171850827,
  "combine_cov_5mm": 0.8890850610495771,
  "combine_cov_10mm": 0.9594083767914722,
  "combine_trimrmse_5mm": 0.0021651998171850653,
  "combine_trimrmse_10mm": 0.0028146571327421774,
  "combine_chamfer": 0.00584023040582559,
  "combine_T_icp": [
    [
      0.007162529839384018,
      -0.9993675072060341,
      0.03483222225333297,
      -0.37484011674821477
    ],
    [
      -0.007002027222523503,
      -0.03488238488556309,
      -0.9993668950087713,
      0.9613318648439908
    ],
    [
      0.9999498336322064,
      0.0069140990375539954,
      -0.0072474446133737914,
      -0.10581109680824495
    ],
    [
      0.0,
      0.0,
      0.0,
      1.0
    ]
  ]
}