{
  "K": 2621,
  "seed": 1,
  "voxel_size": 0.005,
  "patch_radius": 0.3,
  "ref_support_n": 52425,
  "mov_support_n": 59566,
  "ref_kp_n": 2621,
  "mov_kp_n": 2621,
  "fpfh_feat_s": 0.41420950647443533,
  "fpfh_ransac_s": 0.22843431867659092,
  "fpfh_icp_s": 5.67008557356894,
  "fpfh_total_s": 6.312729398719966,
  "fpfh_ransac_fitness": 0.0,
  "fpfh_ransac_rmse": 0.0,
  "fpfh_icp_fitness": 0.0,
  "fpfh_icp_rmse": 0.0,
  "fpfh_cov_5mm": 0.0,
  "fpfh_cov_10mm": 0.0,
  "fpfh_trimrmse_5mm": NaN,
  "fpfh_trimrmse_10mm": NaN,
  "fpfh_chamfer": 8.107914416820307,
  "spinnet_ref_feat_s": 14.76633881777525,
  "spinnet_mov_feat_s": 15.336920775473118,
  "spinnet_feat_s": 30.103259593248367,
  "spinnet_ransac_s": 0.4025021670386195,
  "spinnet_icp_s": 6.140881426632404,
  "spinnet_total_s": 36.64664318691939,
  "spinnet_ransac_fitness": 0.18122853872567724,
  "spinnet_ransac_rmse": 0.005699837718125274,
  "spinnet_icp_fitness": 0.7907028524342994,
  "spinnet_icp_rmse": 0.0012211518320016886,
  "spinnet_cov_5mm": 0.7907028524342994,
  "spinnet_cov_10mm": 0.8165477421880936,
  "spinnet_trimrmse_5mm": 0.0012211518320016882,
  "spinnet_trimrmse_10mm": 0.0017575512535039552,
  "spinnet_chamfer": 0.016678770573325542,
  "fpfh_T_icp": [
    [
      1.0,
      0.0,
      0.0,
      0.0
    ],
    [
      0.0,
      1.0,
      0.0,
      0.0
    ],
    [
      0.0,
      0.0,
      1.0,
      0.0
    ],
    [
      0.0,
      0.0,
      0.0,
      1.0
    ]
  ],
  "spinnet_T_icp": [
    [
      0.44159198515134257,
      -0.043492972116929714,
      0.8961611908727879,
      4.248413260006578
    ],
    [
      0.8933240326991055,
      0.11424605111524418,
      -0.43464929817817644,
      -1.5721928009310528
    ],
    [
      -0.0834786874136439,
      0.9924999754060496,
      0.08930345775324787,
      0.5782888521958233
    ],
    [
      0.0,
      0.0,
      0.0,
      1.0
    ]
  ]
}