{
  "K": 5242,
  "seed": 4,
  "voxel_size": 0.005,
  "patch_radius": 0.3,
  "ref_support_n": 52425,
  "mov_support_n": 59566,
  "ref_kp_n": 5242,
  "mov_kp_n": 5242,
  "fpfh_feat_s": 0.325842397287488,
  "fpfh_ransac_s": 0.3901159167289734,
  "fpfh_icp_s": 4.713199960999191,
  "fpfh_total_s": 5.429158275015652,
  "fpfh_ransac_fitness": 0.0,
  "fpfh_ransac_rmse": 0.0,
  "fpfh_icp_fitness": 0.0,
  "fpfh_icp_rmse": 0.0,
  "fpfh_cov_5mm": 0.0,
  "fpfh_cov_10mm": 0.0,
  "fpfh_trimrmse_5mm": NaN,
  "fpfh_trimrmse_10mm": NaN,
  "fpfh_chamfer": 8.107914416820307,
  "spinnet_ref_feat_s": 29.394927215762436,
  "spinnet_mov_feat_s": 30.509085460565984,
  "spinnet_feat_s": 59.90401267632842,
  "spinnet_ransac_s": 1.145856911316514,
  "spinnet_icp_s": 54.64731117710471,
  "spinnet_total_s": 115.69718076474965,
  "spinnet_ransac_fitness": 0.21671117893933614,
  "spinnet_ransac_rmse": 0.005498641617933056,
  "spinnet_icp_fitness": 0.7907046056207157,
  "spinnet_icp_rmse": 0.0012213188009345445,
  "spinnet_cov_5mm": 0.7907046056207157,
  "spinnet_cov_10mm": 0.8165518329563982,
  "spinnet_trimrmse_5mm": 0.001221318800934517,
  "spinnet_trimrmse_10mm": 0.0017575972222871068,
  "spinnet_chamfer": 0.01667915363005871,
  "fpfh_T_icp": [
    [
      1.0,
      0.0,
      0.0,
      0.0
    ],
    [
      0.0,
      1.0,
      0.0,
      0.0
    ],
    [
      0.0,
      0.0,
      1.0,
      0.0
    ],
    [
      0.0,
      0.0,
      0.0,
      1.0
    ]
  ],
  "spinnet_T_icp": [
    [
      0.44159506498258533,
      -0.04350016140552429,
      0.8961593243060785,
      4.2484467445119005
    ],
    [
      0.8933245258260841,
      0.11422591227140319,
      -0.43465357760332596,
      -1.5722643143261974
    ],
    [
      -0.08345711557815177,
      0.9925019782970078,
      0.08930136021313421,
      0.5782896638316188
    ],
    [
      0.0,
      0.0,
      0.0,
      1.0
    ]
  ],
  "combine_w_fpfh": 1.0,
  "combine_w_spinnet": 1.0,
  "combine_feat_s": 60.22985507361591,
  "combine_ransac_s": 2.1810900662094355,
  "combine_icp_s": 35.96780423168093,
  "combine_total_s": 98.37874937150627,
  "combine_ransac_fitness": 0.3300267073636017,
  "combine_ransac_rmse": 0.005462897937594345,
  "combine_icp_fitness": 0.7906999304569389,
  "combine_icp_rmse": 0.0012211397251780495,
  "combine_cov_5mm": 0.7906999304569389,
  "combine_cov_10mm": 0.8165524173518703,
  "combine_trimrmse_5mm": 0.0012211397251780597,
  "combine_trimrmse_10mm": 0.001757582742175981,
  "combine_chamfer": 0.016678628090454783,
  "combine_T_icp": [
    [
      0.44159568730250276,
      -0.04350272636228724,
      0.8961588931405451,
      4.248420349782843
    ],
    [
      0.8933239955720573,
      0.11422987270532244,
      -0.4346536266004273,
      -1.5722403360666641
    ],
    [
      -0.08345949850681231,
      0.9925014100648858,
      0.08930544848002066,
      0.5783053423013786
    ],
    [
      0.0,
      0.0,
      0.0,
      1.0
    ]
  ]
}