{
  "K": 179213,
  "seed": 1,
  "voxel_size": 0.005,
  "patch_radius": 0.3,
  "ref_support_n": 451634,
  "mov_support_n": 448032,
  "ref_kp_n": 179213,
  "mov_kp_n": 179213,
  "fpfh_feat_s": 3.8653225991874933,
  "fpfh_ransac_s": 577.2208243403584,
  "fpfh_icp_s": 4.426137562841177,
  "fpfh_total_s": 585.512284502387,
  "fpfh_ransac_fitness": 0.8178870952442067,
  "fpfh_ransac_rmse": 0.0044926932890976875,
  "fpfh_icp_fitness": 0.889174739751606,
  "fpfh_icp_rmse": 0.002166099060340307,
  "fpfh_cov_5mm": 0.889174739751606,
  "fpfh_cov_10mm": 0.9594412056020364,
  "fpfh_trimrmse_5mm": 0.0021660990603403216,
  "fpfh_trimrmse_10mm": 0.0028150881637338783,
  "fpfh_chamfer": 0.0058392390771157664,
  "spinnet_ref_feat_s": 1504.281049582176,
  "spinnet_mov_feat_s": 1384.8204083340243,
  "spinnet_feat_s": 2889.1014579162,
  "spinnet_ransac_s": 1008.0925748171285,
  "spinnet_icp_s": 4.469751654192805,
  "spinnet_total_s": 3901.6637843875214,
  "spinnet_ransac_fitness": 0.8357317828505745,
  "spinnet_ransac_rmse": 0.0043348710956505575,
  "spinnet_icp_fitness": 0.889174739751606,
  "spinnet_icp_rmse": 0.0021660986614384535,
  "spinnet_cov_5mm": 0.889174739751606,
  "spinnet_cov_10mm": 0.9594412056020364,
  "spinnet_trimrmse_5mm": 0.002166098661438445,
  "spinnet_trimrmse_10mm": 0.00281509011971499,
  "spinnet_chamfer": 0.00583923891517673,
  "fpfh_T_icp": [
    [
      0.007191196541768462,
      -0.9993649259637137,
      0.03490030724560607,
      -0.37494136479915874
    ],
    [
      -0.007009280502256667,
      -0.0349507279902787,
      -0.9993644563420242,
      0.9613072284280508
    ],
    [
      0.9999495770683332,
      0.006942000179313162,
      -0.0072561666444526714,
      -0.10580205286523081
    ],
    [
      0.0,
      0.0,
      0.0,
      1.0
    ]
  ],
  "spinnet_T_icp": [
    [
      0.007191117333735933,
      -0.9993649276043839,
      0.03490027658596865,
      -0.3749413555969238
    ],
    [
      -0.007009273245872434,
      -0.03495069670550462,
      -0.9993644574870385,
      0.9613071943441259
    ],
    [
      0.9999495776888234,
      0.006941921498007037,
      -0.007256156410825765,
      -0.10580209062313167
    ],
    [
      0.0,
      0.0,
      0.0,
      1.0
    ]
  ]
}