{
  "K": 42631,
  "seed": 1,
  "voxel_size": 0.005,
  "patch_radius": 0.3,
  "ref_support_n": 213157,
  "mov_support_n": 400580,
  "ref_kp_n": 42631,
  "mov_kp_n": 42631,
  "fpfh_feat_s": 2.1581471245735884,
  "fpfh_ransac_s": 18.66342315170914,
  "fpfh_icp_s": 0.9922663634642959,
  "fpfh_total_s": 21.813836639747024,
  "fpfh_ransac_fitness": 0.0,
  "fpfh_ransac_rmse": 0.0,
  "fpfh_icp_fitness": 0.0,
  "fpfh_icp_rmse": 0.0,
  "fpfh_cov_5mm": 0.0,
  "fpfh_cov_10mm": 0.0,
  "fpfh_trimrmse_5mm": NaN,
  "fpfh_trimrmse_10mm": NaN,
  "fpfh_chamfer": 6.9438705283903115,
  "spinnet_ref_feat_s": 204.91122484672815,
  "spinnet_mov_feat_s": 289.7693383730948,
  "spinnet_feat_s": 494.68056321982294,
  "spinnet_ransac_s": 82.62598139792681,
  "spinnet_icp_s": 0.9921369468793273,
  "spinnet_total_s": 578.2986815646291,
  "spinnet_ransac_fitness": 0.0,
  "spinnet_ransac_rmse": 0.0,
  "spinnet_icp_fitness": 0.0,
  "spinnet_icp_rmse": 0.0,
  "spinnet_cov_5mm": 0.0,
  "spinnet_cov_10mm": 0.0,
  "spinnet_trimrmse_5mm": NaN,
  "spinnet_trimrmse_10mm": NaN,
  "spinnet_chamfer": 6.9438705283903115,
  "fpfh_T_icp": [
    [
      1.0,
      0.0,
      0.0,
      0.0
    ],
    [
      0.0,
      1.0,
      0.0,
      0.0
    ],
    [
      0.0,
      0.0,
      1.0,
      0.0
    ],
    [
      0.0,
      0.0,
      0.0,
      1.0
    ]
  ],
  "spinnet_T_icp": [
    [
      1.0,
      0.0,
      0.0,
      0.0
    ],
    [
      0.0,
      1.0,
      0.0,
      0.0
    ],
    [
      0.0,
      0.0,
      1.0,
      0.0
    ],
    [
      0.0,
      0.0,
      0.0,
      1.0
    ]
  ],
  "combine_w_fpfh": 1.0,
  "combine_w_spinnet": 1.0,
  "combine_feat_s": 496.83871034439653,
  "combine_ransac_s": 411.6116089206189,
  "combine_icp_s": 1.0108800996094942,
  "combine_total_s": 909.4611993646249,
  "combine_ransac_fitness": 0.0,
  "combine_ransac_rmse": 0.0,
  "combine_icp_fitness": 0.0,
  "combine_icp_rmse": 0.0,
  "combine_cov_5mm": 0.0,
  "combine_cov_10mm": 0.0,
  "combine_trimrmse_5mm": NaN,
  "combine_trimrmse_10mm": NaN,
  "combine_chamfer": 6.9438705283903115,
  "combine_T_icp": [
    [
      1.0,
      0.0,
      0.0,
      0.0
    ],
    [
      0.0,
      1.0,
      0.0,
      0.0
    ],
    [
      0.0,
      0.0,
      1.0,
      0.0
    ],
    [
      0.0,
      0.0,
      0.0,
      1.0
    ]
  ]
}