{
  "K": 78516,
  "seed": 3,
  "voxel_size": 0.005,
  "patch_radius": 0.3,
  "ref_support_n": 196290,
  "mov_support_n": 400580,
  "ref_kp_n": 78516,
  "mov_kp_n": 78516,
  "fpfh_feat_s": 2.1171503756195307,
  "fpfh_ransac_s": 123.60425793100148,
  "fpfh_icp_s": 0.7543906811624765,
  "fpfh_total_s": 126.47579898778349,
  "fpfh_ransac_fitness": 0.0,
  "fpfh_ransac_rmse": 0.0,
  "fpfh_icp_fitness": 0.0,
  "fpfh_icp_rmse": 0.0,
  "fpfh_cov_5mm": 0.0,
  "fpfh_cov_10mm": 0.0,
  "fpfh_trimrmse_5mm": NaN,
  "fpfh_trimrmse_10mm": NaN,
  "fpfh_chamfer": 6.64051921124479,
  "spinnet_ref_feat_s": 448.09472583420575,
  "spinnet_mov_feat_s": 651.0951866330579,
  "spinnet_feat_s": 1099.1899124672636,
  "spinnet_ransac_s": 181.45868113450706,
  "spinnet_icp_s": 4.755827508866787,
  "spinnet_total_s": 1285.4044211106375,
  "spinnet_ransac_fitness": 0.6001197208212339,
  "spinnet_ransac_rmse": 0.005142385825831414,
  "spinnet_icp_fitness": 0.6451138119204617,
  "spinnet_icp_rmse": 0.0033375510279246533,
  "spinnet_cov_5mm": 0.6451138119204617,
  "spinnet_cov_10mm": 0.9411717472787597,
  "spinnet_trimrmse_5mm": 0.003337551027924621,
  "spinnet_trimrmse_10mm": 0.004693425932353763,
  "spinnet_chamfer": 0.008548497040987361,
  "fpfh_T_icp": [
    [
      1.0,
      0.0,
      0.0,
      0.0
    ],
    [
      0.0,
      1.0,
      0.0,
      0.0
    ],
    [
      0.0,
      0.0,
      1.0,
      0.0
    ],
    [
      0.0,
      0.0,
      0.0,
      1.0
    ]
  ],
  "spinnet_T_icp": [
    [
      0.006393773616189108,
      -0.9182385022687766,
      0.39597622732954757,
      1.6222065572914415
    ],
    [
      0.05057952099729009,
      -0.3951804903671942,
      -0.9172099498418208,
      -4.465693793132437
    ],
    [
      0.9986995702986137,
      0.025892720682447065,
      0.04391736901308137,
      0.04458114088937265
    ],
    [
      0.0,
      0.0,
      0.0,
      1.0
    ]
  ],
  "combine_w_fpfh": 1.0,
  "combine_w_spinnet": 1.0,
  "combine_feat_s": 1101.3070628428832,
  "combine_ransac_s": 1264.78081226442,
  "combine_icp_s": 11.06282376497984,
  "combine_total_s": 2377.150698872283,
  "combine_ransac_fitness": 0.59108971419838,
  "combine_ransac_rmse": 0.005146941737997717,
  "combine_icp_fitness": 0.644909859417306,
  "combine_icp_rmse": 0.0033602494424996563,
  "combine_cov_5mm": 0.644909859417306,
  "combine_cov_10mm": 0.9508787622813132,
  "combine_trimrmse_5mm": 0.0033602494424996533,
  "combine_trimrmse_10mm": 0.004707219459284272,
  "combine_chamfer": 0.008422977198143708,
  "combine_T_icp": [
    [
      0.0070259160232551635,
      -0.9183480646781252,
      0.3957113450559474,
      1.6203175964211884
    ],
    [
      0.050923060571860475,
      -0.39487908629712565,
      -0.917320744945383,
      -4.463510856832278
    ],
    [
      0.9986778651827809,
      0.02659585131363202,
      0.04399070682399169,
      0.04496106943391552
    ],
    [
      0.0,
      0.0,
      0.0,
      1.0
    ]
  ]
}