{
  "K": 20011,
  "seed": 2,
  "voxel_size": 0.005,
  "patch_radius": 0.3,
  "ref_support_n": 200112,
  "mov_support_n": 457980,
  "ref_kp_n": 20011,
  "mov_kp_n": 20011,
  "fpfh_feat_s": 2.2539173820987344,
  "fpfh_ransac_s": 6.323359718546271,
  "fpfh_icp_s": 6.503654411062598,
  "fpfh_total_s": 15.080931511707604,
  "fpfh_ransac_fitness": 0.0,
  "fpfh_ransac_rmse": 0.0,
  "fpfh_icp_fitness": 0.0012199443705367035,
  "fpfh_icp_rmse": 0.003561943380193048,
  "fpfh_cov_5mm": 0.0012199443705367035,
  "fpfh_cov_10mm": 0.0033374478123797554,
  "fpfh_trimrmse_5mm": 0.0035619433801930608,
  "fpfh_trimrmse_10mm": 0.006420014478097013,
  "fpfh_chamfer": 2.0749589498997993,
  "spinnet_ref_feat_s": 96.37776112835854,
  "spinnet_mov_feat_s": 138.14534792676568,
  "spinnet_feat_s": 234.52310905512422,
  "spinnet_ransac_s": 10.713019936345518,
  "spinnet_icp_s": 2.594576094299555,
  "spinnet_total_s": 247.8307050857693,
  "spinnet_ransac_fitness": 0.16201089400829544,
  "spinnet_ransac_rmse": 0.005575586747823236,
  "spinnet_icp_fitness": 0.4524529681446526,
  "spinnet_icp_rmse": 0.0034152670910601118,
  "spinnet_cov_5mm": 0.4524529681446526,
  "spinnet_cov_10mm": 0.8212409514126155,
  "spinnet_trimrmse_5mm": 0.003415267091060136,
  "spinnet_trimrmse_10mm": 0.005404242034423761,
  "spinnet_chamfer": 0.012789932517520992,
  "fpfh_T_icp": [
    [
      0.999333539174597,
      0.011278514123827143,
      -0.034717036162852426,
      -0.02113660941975501
    ],
    [
      -0.010776419093213259,
      0.9998351099461318,
      0.014615803451538293,
      0.008799809587165398
    ],
    [
      0.03487615621454861,
      -0.014231937259740902,
      0.9992903010084375,
      -0.0057443149863737565
    ],
    [
      0.0,
      0.0,
      0.0,
      1.0
    ]
  ],
  "spinnet_T_icp": [
    [
      -0.04062575282991385,
      -0.9743765651313663,
      0.22122354650851067,
      0.14075058737419316
    ],
    [
      0.008593076136082425,
      -0.2217388614842402,
      -0.9750682213825823,
      -2.1698622262926386
    ],
    [
      0.999137481655814,
      -0.03771188977595067,
      0.017381200188833337,
      -0.04326525447603619
    ],
    [
      0.0,
      0.0,
      0.0,
      1.0
    ]
  ]
}