{
  "K": 40022,
  "seed": 4,
  "voxel_size": 0.005,
  "patch_radius": 0.3,
  "ref_support_n": 200112,
  "mov_support_n": 457980,
  "ref_kp_n": 40022,
  "mov_kp_n": 40022,
  "fpfh_feat_s": 2.210525553673506,
  "fpfh_ransac_s": 21.031934743747115,
  "fpfh_icp_s": 6.418717375956476,
  "fpfh_total_s": 29.661177673377097,
  "fpfh_ransac_fitness": 0.0,
  "fpfh_ransac_rmse": 0.0,
  "fpfh_icp_fitness": 0.0012199443705367035,
  "fpfh_icp_rmse": 0.0035619433801930504,
  "fpfh_cov_5mm": 0.0012199443705367035,
  "fpfh_cov_10mm": 0.0033374478123797554,
  "fpfh_trimrmse_5mm": 0.0035619433801930586,
  "fpfh_trimrmse_10mm": 0.006420014478097014,
  "fpfh_chamfer": 2.0749589498997993,
  "spinnet_ref_feat_s": 194.18934614025056,
  "spinnet_mov_feat_s": 274.6631366517395,
  "spinnet_feat_s": 468.85248279199004,
  "spinnet_ransac_s": 37.53940259013325,
  "spinnet_icp_s": 5.230060825124383,
  "spinnet_total_s": 511.6219462072477,
  "spinnet_ransac_fitness": 0.27747239018539804,
  "spinnet_ransac_rmse": 0.0055158798887838985,
  "spinnet_icp_fitness": 0.4521689810944621,
  "spinnet_icp_rmse": 0.0034162549441557827,
  "spinnet_cov_5mm": 0.4521689810944621,
  "spinnet_cov_10mm": 0.8219401195305495,
  "spinnet_trimrmse_5mm": 0.0034162549441557684,
  "spinnet_trimrmse_10mm": 0.005407898736107413,
  "spinnet_chamfer": 0.01276662000226119,
  "fpfh_T_icp": [
    [
      0.9993335391745973,
      0.011278514123827226,
      -0.03471703616285244,
      -0.021136609419755023
    ],
    [
      -0.010776419093213344,
      0.9998351099461318,
      0.01461580345153824,
      0.008799809587165225
    ],
    [
      0.034876156214548655,
      -0.014231937259740852,
      0.9992903010084375,
      -0.005744314986373663
    ],
    [
      0.0,
      0.0,
      0.0,
      1.0
    ]
  ],
  "spinnet_T_icp": [
    [
      -0.04078143158291129,
      -0.9743682354096185,
      0.22123159056245845,
      0.14058994006472417
    ],
    [
      0.008572874523326071,
      -0.22174885853645288,
      -0.975066125737218,
      -2.1693133362640395
    ],
    [
      0.999131313021695,
      -0.03786800182907893,
      0.017396372524674384,
      -0.043427528419467155
    ],
    [
      0.0,
      0.0,
      0.0,
      1.0
    ]
  ]
}