{
  "K": 179213,
  "seed": 4,
  "voxel_size": 0.005,
  "patch_radius": 0.3,
  "ref_support_n": 451634,
  "mov_support_n": 448032,
  "ref_kp_n": 179213,
  "mov_kp_n": 179213,
  "fpfh_feat_s": 3.333546072244644,
  "fpfh_ransac_s": 544.8358102850616,
  "fpfh_icp_s": 4.269439055584371,
  "fpfh_total_s": 552.4387954128906,
  "fpfh_ransac_fitness": 0.8383655203584561,
  "fpfh_ransac_rmse": 0.004236160568393659,
  "fpfh_icp_fitness": 0.8891739390489093,
  "fpfh_icp_rmse": 0.0021660944846017974,
  "fpfh_cov_5mm": 0.8891739390489093,
  "fpfh_cov_10mm": 0.9594412056020364,
  "fpfh_trimrmse_5mm": 0.0021660944846018165,
  "fpfh_trimrmse_10mm": 0.002815087884463133,
  "fpfh_chamfer": 0.005839239034124217,
  "spinnet_ref_feat_s": 1323.36390566919,
  "spinnet_mov_feat_s": 1259.7034538509324,
  "spinnet_feat_s": 2583.0673595201224,
  "spinnet_ransac_s": 952.8058963939548,
  "spinnet_icp_s": 4.054537890478969,
  "spinnet_total_s": 3539.927793804556,
  "spinnet_ransac_fitness": 0.8380307232176237,
  "spinnet_ransac_rmse": 0.00423190991692633,
  "spinnet_icp_fitness": 0.889174739751606,
  "spinnet_icp_rmse": 0.002166099086057558,
  "spinnet_cov_5mm": 0.889174739751606,
  "spinnet_cov_10mm": 0.9594412056020364,
  "spinnet_trimrmse_5mm": 0.0021660990860575486,
  "spinnet_trimrmse_10mm": 0.0028150887830459183,
  "spinnet_chamfer": 0.005839238951414447,
  "fpfh_T_icp": [
    [
      0.007191118064513864,
      -0.9993649272447557,
      0.03490028673329183,
      -0.37494137058115756
    ],
    [
      -0.0070092986686936185,
      -0.0349507070346181,
      -0.999364456947491,
      0.9613072133888034
    ],
    [
      0.9999495775053635,
      0.006941921266051487,
      -0.0072561819147997815,
      -0.10580202030337059
    ],
    [
      0.0,
      0.0,
      0.0,
      1.0
    ]
  ],
  "spinnet_T_icp": [
    [
      0.00719116074331984,
      -0.9993649260563934,
      0.034900311967983724,
      -0.37494139095620677
    ],
    [
      -0.007009280565864126,
      -0.03495073245332314,
      -0.9993644561854916,
      0.961307211586389
    ],
    [
      0.9999495773253326,
      0.006941964367170677,
      -0.00725616548958199,
      -0.10580206205278171
    ],
    [
      0.0,
      0.0,
      0.0,
      1.0
    ]
  ]
}