{
  "K": 2621,
  "seed": 3,
  "voxel_size": 0.005,
  "patch_radius": 0.3,
  "ref_support_n": 52425,
  "mov_support_n": 59566,
  "ref_kp_n": 2621,
  "mov_kp_n": 2621,
  "fpfh_feat_s": 0.4020871380344033,
  "fpfh_ransac_s": 0.2374952118843794,
  "fpfh_icp_s": 5.706422489136457,
  "fpfh_total_s": 6.34600483905524,
  "fpfh_ransac_fitness": 0.0,
  "fpfh_ransac_rmse": 0.0,
  "fpfh_icp_fitness": 0.0,
  "fpfh_icp_rmse": 0.0,
  "fpfh_cov_5mm": 0.0,
  "fpfh_cov_10mm": 0.0,
  "fpfh_trimrmse_5mm": NaN,
  "fpfh_trimrmse_10mm": NaN,
  "fpfh_chamfer": 8.107914416820307,
  "spinnet_ref_feat_s": 14.972591469064355,
  "spinnet_mov_feat_s": 15.158820437267423,
  "spinnet_feat_s": 30.131411906331778,
  "spinnet_ransac_s": 0.3835561228916049,
  "spinnet_icp_s": 5.737903828732669,
  "spinnet_total_s": 36.25287185795605,
  "spinnet_ransac_fitness": 0.1434566959175887,
  "spinnet_ransac_rmse": 0.005676934966703156,
  "spinnet_icp_fitness": 0.7906999304569389,
  "spinnet_icp_rmse": 0.0012211154629317583,
  "spinnet_cov_5mm": 0.7906999304569389,
  "spinnet_cov_10mm": 0.8165489109790377,
  "spinnet_trimrmse_5mm": 0.0012211154629317637,
  "spinnet_trimrmse_10mm": 0.001757579146630878,
  "spinnet_chamfer": 0.016678763142344837,
  "fpfh_T_icp": [
    [
      1.0,
      0.0,
      0.0,
      0.0
    ],
    [
      0.0,
      1.0,
      0.0,
      0.0
    ],
    [
      0.0,
      0.0,
      1.0,
      0.0
    ],
    [
      0.0,
      0.0,
      0.0,
      1.0
    ]
  ],
  "spinnet_T_icp": [
    [
      0.4415929524342386,
      -0.04349379876338048,
      0.8961606741146038,
      4.248412100284721
    ],
    [
      0.8933237000793425,
      0.11424482885143801,
      -0.4346503030681763,
      -1.5721994071787448
    ],
    [
      -0.08347713002352235,
      0.9925000798739688,
      0.08930375251466025,
      0.57829080148154
    ],
    [
      0.0,
      0.0,
      0.0,
      1.0
    ]
  ]
}