{
  "K": 40464,
  "seed": 4,
  "voxel_size": 0.005,
  "patch_radius": 0.3,
  "ref_support_n": 202322,
  "mov_support_n": 470991,
  "ref_kp_n": 40464,
  "mov_kp_n": 40464,
  "fpfh_feat_s": 2.48061933927238,
  "fpfh_ransac_s": 23.897572132758796,
  "fpfh_icp_s": 0.949925072491169,
  "fpfh_total_s": 27.328116544522345,
  "fpfh_ransac_fitness": 0.0,
  "fpfh_ransac_rmse": 0.0,
  "fpfh_icp_fitness": 0.0,
  "fpfh_icp_rmse": 0.0,
  "fpfh_cov_5mm": 0.0,
  "fpfh_cov_10mm": 0.0,
  "fpfh_trimrmse_5mm": NaN,
  "fpfh_trimrmse_10mm": NaN,
  "fpfh_chamfer": 12.585496376008571,
  "spinnet_ref_feat_s": 198.698923044838,
  "spinnet_mov_feat_s": 303.80635830108076,
  "spinnet_feat_s": 502.5052813459188,
  "spinnet_ransac_s": 40.16209162119776,
  "spinnet_icp_s": 5.727212379686534,
  "spinnet_total_s": 548.3945853468031,
  "spinnet_ransac_fitness": 0.4324337682878608,
  "spinnet_ransac_rmse": 0.005124983033049649,
  "spinnet_icp_fitness": 0.7843091562599691,
  "spinnet_icp_rmse": 0.002911329858923992,
  "spinnet_cov_5mm": 0.7843091562599691,
  "spinnet_cov_10mm": 0.9405715360181153,
  "spinnet_trimrmse_5mm": 0.0029113298589239925,
  "spinnet_trimrmse_10mm": 0.003809222829181229,
  "spinnet_chamfer": 0.006363013527601776,
  "fpfh_T_icp": [
    [
      1.0,
      0.0,
      0.0,
      0.0
    ],
    [
      0.0,
      1.0,
      0.0,
      0.0
    ],
    [
      0.0,
      0.0,
      1.0,
      0.0
    ],
    [
      0.0,
      0.0,
      0.0,
      1.0
    ]
  ],
  "spinnet_T_icp": [
    [
      0.019396103795473796,
      -0.6825314658857393,
      -0.7305987881412223,
      -5.865637585039792
    ],
    [
      0.008849884193860812,
      0.7308248315178257,
      -0.6825076887381565,
      -5.083915877125842
    ],
    [
      0.9997727095231742,
      0.006772275304749234,
      0.02021547872018454,
      0.11896711412976158
    ],
    [
      0.0,
      0.0,
      0.0,
      1.0
    ]
  ],
  "combine_w_fpfh": 1.0,
  "combine_w_spinnet": 1.0,
  "combine_feat_s": 504.98590068519115,
  "combine_ransac_s": 302.2477334411815,
  "combine_icp_s": 3.5277239130809903,
  "combine_total_s": 810.7613580394536,
  "combine_ransac_fitness": 0.43097568208778175,
  "combine_ransac_rmse": 0.005164032129820453,
  "combine_icp_fitness": 0.7843236202370324,
  "combine_icp_rmse": 0.002911382733167512,
  "combine_cov_5mm": 0.7843236202370324,
  "combine_cov_10mm": 0.9405747502352405,
  "combine_trimrmse_5mm": 0.0029113827331675116,
  "combine_trimrmse_10mm": 0.003809251409265462,
  "combine_chamfer": 0.006363045867663753,
  "combine_T_icp": [
    [
      0.01939854662502321,
      -0.682530909806487,
      -0.7305992427778536,
      -5.865641065332109
    ],
    [
      0.008852278954077602,
      0.7308253517568173,
      -0.6825071006127722,
      -5.08391050188297
    ],
    [
      0.9997726409270036,
      0.006772177512438668,
      0.0202189036691912,
      0.11899511164006862
    ],
    [
      0.0,
      0.0,
      0.0,
      1.0
    ]
  ]
}