{
  "K": 20011,
  "seed": 1,
  "voxel_size": 0.005,
  "patch_radius": 0.3,
  "ref_support_n": 200112,
  "mov_support_n": 457980,
  "ref_kp_n": 20011,
  "mov_kp_n": 20011,
  "fpfh_feat_s": 2.3107909243553877,
  "fpfh_ransac_s": 6.346156130544841,
  "fpfh_icp_s": 6.5523733124136925,
  "fpfh_total_s": 15.209320367313921,
  "fpfh_ransac_fitness": 0.0,
  "fpfh_ransac_rmse": 0.0,
  "fpfh_icp_fitness": 0.0012199443705367035,
  "fpfh_icp_rmse": 0.0035619433801930478,
  "fpfh_cov_5mm": 0.0012199443705367035,
  "fpfh_cov_10mm": 0.0033374478123797554,
  "fpfh_trimrmse_5mm": 0.0035619433801930577,
  "fpfh_trimrmse_10mm": 0.006420014478097012,
  "fpfh_chamfer": 2.0749589498997993,
  "spinnet_ref_feat_s": 99.8516769874841,
  "spinnet_mov_feat_s": 144.45958661101758,
  "spinnet_feat_s": 244.31126359850168,
  "spinnet_ransac_s": 9.919755773618817,
  "spinnet_icp_s": 6.6025958666577935,
  "spinnet_total_s": 260.8336152387783,
  "spinnet_ransac_fitness": 0.1483683973814402,
  "spinnet_ransac_rmse": 0.00555302227431737,
  "spinnet_icp_fitness": 0.4522737763158,
  "spinnet_icp_rmse": 0.0034148715108321113,
  "spinnet_cov_5mm": 0.4522737763158,
  "spinnet_cov_10mm": 0.8211457557535377,
  "spinnet_trimrmse_5mm": 0.003414871510832069,
  "spinnet_trimrmse_10mm": 0.005405019580190716,
  "spinnet_chamfer": 0.012793996152334033,
  "fpfh_T_icp": [
    [
      0.9993335391745972,
      0.011278514123827181,
      -0.03471703616285247,
      -0.02113660941975504
    ],
    [
      -0.010776419093213294,
      0.9998351099461318,
      0.014615803451538246,
      0.008799809587165218
    ],
    [
      0.03487615621454869,
      -0.014231937259740868,
      0.9992903010084375,
      -0.005744314986373654
    ],
    [
      0.0,
      0.0,
      0.0,
      1.0
    ]
  ],
  "spinnet_T_icp": [
    [
      -0.04061115077319306,
      -0.9743751389546269,
      0.2212325089584,
      0.1407893543694797
    ],
    [
      0.008558714865578831,
      -0.22174627953198622,
      -0.975066836639197,
      -2.1698934492910986
    ],
    [
      0.9991383702134186,
      -0.03770512035352282,
      0.01734477057788953,
      -0.04338811574016892
    ],
    [
      0.0,
      0.0,
      0.0,
      1.0
    ]
  ]
}