{
  "K": 80045,
  "seed": 1,
  "voxel_size": 0.005,
  "patch_radius": 0.3,
  "ref_support_n": 200112,
  "mov_support_n": 457980,
  "ref_kp_n": 80045,
  "mov_kp_n": 80045,
  "fpfh_feat_s": 2.3610113728791475,
  "fpfh_ransac_s": 132.2161945141852,
  "fpfh_icp_s": 4.7234206814318895,
  "fpfh_total_s": 139.30062656849623,
  "fpfh_ransac_fitness": 0.0,
  "fpfh_ransac_rmse": 0.0,
  "fpfh_icp_fitness": 0.0011591471428902842,
  "fpfh_icp_rmse": 0.00352162344835226,
  "fpfh_cov_5mm": 0.0011591471428902842,
  "fpfh_cov_10mm": 0.0032822503293849802,
  "fpfh_trimrmse_5mm": 0.003521623448352258,
  "fpfh_trimrmse_10mm": 0.006468548816129206,
  "fpfh_chamfer": 2.07082451608566,
  "spinnet_ref_feat_s": 397.2275477340445,
  "spinnet_mov_feat_s": 605.0594862913713,
  "spinnet_feat_s": 1002.2870340254158,
  "spinnet_ransac_s": 296.87053621467203,
  "spinnet_icp_s": 8.214437721297145,
  "spinnet_total_s": 1307.372007961385,
  "spinnet_ransac_fitness": 0.3606971078768193,
  "spinnet_ransac_rmse": 0.005334596885473979,
  "spinnet_icp_fitness": 0.4533497272524373,
  "spinnet_icp_rmse": 0.003425955153943036,
  "spinnet_cov_5mm": 0.4533497272524373,
  "spinnet_cov_10mm": 0.8193682368084015,
  "spinnet_trimrmse_5mm": 0.0034259551539430875,
  "spinnet_trimrmse_10mm": 0.0053967997956563514,
  "spinnet_chamfer": 0.012882263910398695,
  "fpfh_T_icp": [
    [
      0.9999129859183816,
      -0.004355788273684276,
      -0.012451815141055684,
      -0.010954685334136358
    ],
    [
      0.004290801227431514,
      0.9999770599893363,
      -0.0052410418731873906,
      -0.002981754599870707
    ],
    [
      0.012474358365016721,
      0.005187157565051323,
      0.9999087377254923,
      0.002752464018568206
    ],
    [
      0.0,
      0.0,
      0.0,
      1.0
    ]
  ],
  "spinnet_T_icp": [
    [
      -0.04042110798244689,
      -0.9744417634869063,
      0.2209737169937306,
      0.1403295932247972
    ],
    [
      0.009971738779275648,
      -0.2215368554276983,
      -0.9751010132867978,
      -2.170605832061261
    ],
    [
      0.9991329733600046,
      -0.03721117116891151,
      0.018671643876442743,
      -0.03855476728655228
    ],
    [
      0.0,
      0.0,
      0.0,
      1.0
    ]
  ],
  "combine_w_fpfh": 1.0,
  "combine_w_spinnet": 1.0,
  "combine_feat_s": 1004.6480453982949,
  "combine_ransac_s": 1647.8317759437487,
  "combine_icp_s": 8.211098238825798,
  "combine_total_s": 2660.6909195808694,
  "combine_ransac_fitness": 0.41642825910425385,
  "combine_ransac_rmse": 0.005304042432009399,
  "combine_icp_fitness": 0.45383370518304367,
  "combine_icp_rmse": 0.00342014182111638,
  "combine_cov_5mm": 0.45383370518304367,
  "combine_cov_10mm": 0.820824170417829,
  "combine_trimrmse_5mm": 0.0034201418211163995,
  "combine_trimrmse_10mm": 0.005401027397634103,
  "combine_chamfer": 0.012856182078643013,
  "combine_T_icp": [
    [
      -0.04031928233609774,
      -0.974429770821134,
      0.2210451926855651,
      0.14058172234289423
    ],
    [
      0.009286436319502668,
      -0.221580970224727,
      -0.9750977570145246,
      -2.1709051694558377
    ],
    [
      0.9991436921546366,
      -0.03726251966475702,
      0.017982965713355056,
      -0.040601925419508696
    ],
    [
      0.0,
      0.0,
      0.0,
      1.0
    ]
  ]
}