{
  "K": 10006,
  "seed": 1,
  "voxel_size": 0.005,
  "patch_radius": 0.3,
  "ref_support_n": 200112,
  "mov_support_n": 457980,
  "ref_kp_n": 10006,
  "mov_kp_n": 10006,
  "fpfh_feat_s": 2.3755332278087735,
  "fpfh_ransac_s": 1.9773359280079603,
  "fpfh_icp_s": 4.426513261161745,
  "fpfh_total_s": 8.779382416978478,
  "fpfh_ransac_fitness": 0.0,
  "fpfh_ransac_rmse": 0.0,
  "fpfh_icp_fitness": 0.0011591471428902842,
  "fpfh_icp_rmse": 0.0035216234483522535,
  "fpfh_cov_5mm": 0.0011591471428902842,
  "fpfh_cov_10mm": 0.0032822503293849802,
  "fpfh_trimrmse_5mm": 0.003521623448352254,
  "fpfh_trimrmse_10mm": 0.006468548816129211,
  "fpfh_chamfer": 2.0708245160856595,
  "spinnet_ref_feat_s": 48.99061175342649,
  "spinnet_mov_feat_s": 75.31807385571301,
  "spinnet_feat_s": 124.3086856091395,
  "spinnet_ransac_s": 3.150404497049749,
  "spinnet_icp_s": 8.70343236066401,
  "spinnet_total_s": 136.16252246685326,
  "spinnet_ransac_fitness": 0.0833499900059964,
  "spinnet_ransac_rmse": 0.005776809031452627,
  "spinnet_icp_fitness": 0.45386650368743187,
  "spinnet_icp_rmse": 0.003423181734224132,
  "spinnet_cov_5mm": 0.45386650368743187,
  "spinnet_cov_10mm": 0.8232608593048157,
  "spinnet_trimrmse_5mm": 0.0034231817342241055,
  "spinnet_trimrmse_10mm": 0.005404930396916935,
  "spinnet_chamfer": 0.012730923270714668,
  "fpfh_T_icp": [
    [
      0.9999129859183807,
      -0.004355788273684175,
      -0.01245181514105593,
      -0.010954685334136637
    ],
    [
      0.004290801227431443,
      0.9999770599893367,
      -0.005241041873187786,
      -0.0029817545998707604
    ],
    [
      0.012474358365016999,
      0.005187157565051865,
      0.9999087377254907,
      0.0027524640185653112
    ],
    [
      0.0,
      0.0,
      0.0,
      1.0
    ]
  ],
  "spinnet_T_icp": [
    [
      -0.040805690013912266,
      -0.9743818438098519,
      0.22116717232949262,
      0.14023621563626432
    ],
    [
      0.008792982155408541,
      -0.2216931592296224,
      -0.9750768311346591,
      -2.16886608109706
    ],
    [
      0.9991284097288634,
      -0.03784396391137392,
      0.01761406449890246,
      -0.04257141686428598
    ],
    [
      0.0,
      0.0,
      0.0,
      1.0
    ]
  ],
  "combine_w_fpfh": 1.0,
  "combine_w_spinnet": 1.0,
  "combine_feat_s": 126.68421883694828,
  "combine_ransac_s": 7.746718231588602,
  "combine_icp_s": 4.715373796410859,
  "combine_total_s": 139.14631086494774,
  "combine_ransac_fitness": 0.08594843094143514,
  "combine_ransac_rmse": 0.0055868854444106894,
  "combine_icp_fitness": 0.45266655840493675,
  "combine_icp_rmse": 0.003415435897705414,
  "combine_cov_5mm": 0.45266655840493675,
  "combine_cov_10mm": 0.8216377333193606,
  "combine_trimrmse_5mm": 0.0034154358977054387,
  "combine_trimrmse_10mm": 0.005402886367102737,
  "combine_chamfer": 0.012792208288161362,
  "combine_T_icp": [
    [
      -0.04046994838876219,
      -0.9743864602081959,
      0.22120852027071705,
      0.14075016669527948
    ],
    [
      0.008319272828982247,
      -0.22171081380737917,
      -0.9750769737515438,
      -2.170175006308872
    ],
    [
      0.9991461219346363,
      -0.03762102077056792,
      0.01707881199535321,
      -0.04377245880785857
    ],
    [
      0.0,
      0.0,
      0.0,
      1.0
    ]
  ]
}