{
  "K": 6144,
  "seed": 2,
  "voxel_size": 0.005,
  "patch_radius": 0.3,
  "ref_support_n": 61443,
  "mov_support_n": 65640,
  "ref_kp_n": 6144,
  "mov_kp_n": 6144,
  "fpfh_feat_s": 0.43428702373057604,
  "fpfh_ransac_s": 0.496923191472888,
  "fpfh_icp_s": 3.018781214952469,
  "fpfh_total_s": 3.949991430155933,
  "fpfh_ransac_fitness": 0.5457356770833334,
  "fpfh_ransac_rmse": 0.004988969609146071,
  "fpfh_icp_fitness": 0.9862410742310107,
  "fpfh_icp_rmse": 0.0014638340959870079,
  "fpfh_cov_5mm": 0.9862410742310107,
  "fpfh_cov_10mm": 0.9974914665725048,
  "fpfh_trimrmse_5mm": 0.0014638340959870035,
  "fpfh_trimrmse_10mm": 0.0016230012227085241,
  "fpfh_chamfer": 0.002985630863892647,
  "spinnet_ref_feat_s": 35.21597976330668,
  "spinnet_mov_feat_s": 36.025108981877565,
  "spinnet_feat_s": 71.24108874518424,
  "spinnet_ransac_s": 1.6608599573373795,
  "spinnet_icp_s": 3.03721933811903,
  "spinnet_total_s": 75.93916804064065,
  "spinnet_ransac_fitness": 0.0,
  "spinnet_ransac_rmse": 0.0,
  "spinnet_icp_fitness": 0.0,
  "spinnet_icp_rmse": 0.0,
  "spinnet_cov_5mm": 0.0,
  "spinnet_cov_10mm": 0.0,
  "spinnet_trimrmse_5mm": NaN,
  "spinnet_trimrmse_10mm": NaN,
  "spinnet_chamfer": 3.435376785446324,
  "fpfh_T_icp": [
    [
      -0.9792731489654255,
      0.02105011516030178,
      0.20144724462517788,
      -0.039707643731348656
    ],
    [
      -0.2015138782080091,
      -0.001071774173488302,
      -0.9794850729795166,
      -2.3207020126590807
    ],
    [
      -0.020402367629906354,
      -0.9997778473000185,
      0.005291450012529324,
      -0.8192695599486215
    ],
    [
      0.0,
      0.0,
      0.0,
      1.0
    ]
  ],
  "spinnet_T_icp": [
    [
      1.0,
      0.0,
      0.0,
      0.0
    ],
    [
      0.0,
      1.0,
      0.0,
      0.0
    ],
    [
      0.0,
      0.0,
      1.0,
      0.0
    ],
    [
      0.0,
      0.0,
      0.0,
      1.0
    ]
  ]
}