{
  "K": 40022,
  "seed": 1,
  "voxel_size": 0.005,
  "patch_radius": 0.3,
  "ref_support_n": 200112,
  "mov_support_n": 457980,
  "ref_kp_n": 40022,
  "mov_kp_n": 40022,
  "fpfh_feat_s": 2.1655606059357524,
  "fpfh_ransac_s": 20.053196563385427,
  "fpfh_icp_s": 6.506163758225739,
  "fpfh_total_s": 28.72492092754692,
  "fpfh_ransac_fitness": 0.0,
  "fpfh_ransac_rmse": 0.0,
  "fpfh_icp_fitness": 0.0012199443705367035,
  "fpfh_icp_rmse": 0.003561943380193053,
  "fpfh_cov_5mm": 0.0012199443705367035,
  "fpfh_cov_10mm": 0.0033374478123797554,
  "fpfh_trimrmse_5mm": 0.003561943380193057,
  "fpfh_trimrmse_10mm": 0.006420014478097011,
  "fpfh_chamfer": 2.074958949899799,
  "spinnet_ref_feat_s": 194.0942685250193,
  "spinnet_mov_feat_s": 273.1364299086854,
  "spinnet_feat_s": 467.2306984337047,
  "spinnet_ransac_s": 38.954912608489394,
  "spinnet_icp_s": 3.9157186690717936,
  "spinnet_total_s": 510.10132971126586,
  "spinnet_ransac_fitness": 0.2733246714307131,
  "spinnet_ransac_rmse": 0.005501862978215763,
  "spinnet_icp_fitness": 0.4523481729233147,
  "spinnet_icp_rmse": 0.00341534212607308,
  "spinnet_cov_5mm": 0.4523481729233147,
  "spinnet_cov_10mm": 0.8212761498075688,
  "spinnet_trimrmse_5mm": 0.0034153421260730795,
  "spinnet_trimrmse_10mm": 0.005404628125971412,
  "spinnet_chamfer": 0.012786024292210265,
  "fpfh_T_icp": [
    [
      0.9993335391745972,
      0.011278514123827134,
      -0.034717036162852474,
      -0.02113660941975502
    ],
    [
      -0.01077641909321325,
      0.9998351099461318,
      0.014615803451538425,
      0.008799809587165423
    ],
    [
      0.03487615621454868,
      -0.01423193725974104,
      0.9992903010084375,
      -0.005744314986373595
    ],
    [
      0.0,
      0.0,
      0.0,
      1.0
    ]
  ],
  "spinnet_T_icp": [
    [
      -0.040658155841961176,
      -0.9743737602689132,
      0.2212299474821354,
      0.14073667548686897
    ],
    [
      0.008568016679269415,
      -0.22174488450103438,
      -0.9750670721995516,
      -2.169765787456137
    ],
    [
      0.9991363788060733,
      -0.03774892709787355,
      0.01736418870102727,
      -0.04336389701107967
    ],
    [
      0.0,
      0.0,
      0.0,
      1.0
    ]
  ]
}