{
  "K": 10006,
  "seed": 3,
  "voxel_size": 0.005,
  "patch_radius": 0.3,
  "ref_support_n": 200112,
  "mov_support_n": 457980,
  "ref_kp_n": 10006,
  "mov_kp_n": 10006,
  "fpfh_feat_s": 2.254470211453736,
  "fpfh_ransac_s": 1.9240977615118027,
  "fpfh_icp_s": 6.511671667918563,
  "fpfh_total_s": 10.690239640884101,
  "fpfh_ransac_fitness": 0.0,
  "fpfh_ransac_rmse": 0.0,
  "fpfh_icp_fitness": 0.0012199443705367035,
  "fpfh_icp_rmse": 0.0035619433801930504,
  "fpfh_cov_5mm": 0.0012199443705367035,
  "fpfh_cov_10mm": 0.0033374478123797554,
  "fpfh_trimrmse_5mm": 0.0035619433801930586,
  "fpfh_trimrmse_10mm": 0.006420014478097014,
  "fpfh_chamfer": 2.0749589498997993,
  "spinnet_ref_feat_s": 49.22230960801244,
  "spinnet_mov_feat_s": 73.92750671133399,
  "spinnet_feat_s": 123.14981631934643,
  "spinnet_ransac_s": 3.146781185641885,
  "spinnet_icp_s": 6.7178106075152755,
  "spinnet_total_s": 133.0144081125036,
  "spinnet_ransac_fitness": 0.08115130921447132,
  "spinnet_ransac_rmse": 0.00562685841552657,
  "spinnet_icp_fitness": 0.4520617859825592,
  "spinnet_icp_rmse": 0.003413622030370715,
  "spinnet_cov_5mm": 0.4520617859825592,
  "spinnet_cov_10mm": 0.8208865675725187,
  "spinnet_trimrmse_5mm": 0.003413622030370737,
  "spinnet_trimrmse_10mm": 0.005404330043890373,
  "spinnet_chamfer": 0.012803840450362881,
  "fpfh_T_icp": [
    [
      0.9993335391745971,
      0.01127851412382743,
      -0.03471703616285252,
      -0.021136609419755027
    ],
    [
      -0.01077641909321355,
      0.9998351099461319,
      0.014615803451538295,
      0.008799809587165268
    ],
    [
      0.03487615621454874,
      -0.01423193725974089,
      0.9992903010084375,
      -0.005744314986373772
    ],
    [
      0.0,
      0.0,
      0.0,
      1.0
    ]
  ],
  "spinnet_T_icp": [
    [
      -0.040560987331540566,
      -0.9743775148417596,
      0.2212312475160088,
      0.14084793242060326
    ],
    [
      0.008552786654587087,
      -0.2217439226061919,
      -0.9750674246572194,
      -2.170068349259208
    ],
    [
      0.9991404586679155,
      -0.03765755379758676,
      0.017327795441144118,
      -0.04338183077625813
    ],
    [
      0.0,
      0.0,
      0.0,
      1.0
    ]
  ]
}