{
  "K": 39258,
  "seed": 3,
  "voxel_size": 0.005,
  "patch_radius": 0.3,
  "ref_support_n": 196290,
  "mov_support_n": 400580,
  "ref_kp_n": 39258,
  "mov_kp_n": 39258,
  "fpfh_feat_s": 2.1833041412755847,
  "fpfh_ransac_s": 16.909412257373333,
  "fpfh_icp_s": 0.8012261902913451,
  "fpfh_total_s": 19.893942588940263,
  "fpfh_ransac_fitness": 0.0,
  "fpfh_ransac_rmse": 0.0,
  "fpfh_icp_fitness": 0.0,
  "fpfh_icp_rmse": 0.0,
  "fpfh_cov_5mm": 0.0,
  "fpfh_cov_10mm": 0.0,
  "fpfh_trimrmse_5mm": NaN,
  "fpfh_trimrmse_10mm": NaN,
  "fpfh_chamfer": 6.64051921124479,
  "spinnet_ref_feat_s": 201.06911228317767,
  "spinnet_mov_feat_s": 282.96005812380463,
  "spinnet_feat_s": 484.0291704069823,
  "spinnet_ransac_s": 31.97335355076939,
  "spinnet_icp_s": 12.310615775175393,
  "spinnet_total_s": 528.3131397329271,
  "spinnet_ransac_fitness": 0.40068266340618475,
  "spinnet_ransac_rmse": 0.0054082687417442345,
  "spinnet_icp_fitness": 0.6422938072311601,
  "spinnet_icp_rmse": 0.0033245136701249797,
  "spinnet_cov_5mm": 0.6422938072311601,
  "spinnet_cov_10mm": 0.9362230887080975,
  "spinnet_trimrmse_5mm": 0.0033245136701250295,
  "spinnet_trimrmse_10mm": 0.004698073878875124,
  "spinnet_chamfer": 0.008634189232345425,
  "fpfh_T_icp": [
    [
      1.0,
      0.0,
      0.0,
      0.0
    ],
    [
      0.0,
      1.0,
      0.0,
      0.0
    ],
    [
      0.0,
      0.0,
      1.0,
      0.0
    ],
    [
      0.0,
      0.0,
      0.0,
      1.0
    ]
  ],
  "spinnet_T_icp": [
    [
      0.0062338455974067135,
      -0.9182013825646087,
      0.3960648434606597,
      1.622798315908667
    ],
    [
      0.05047317734549218,
      -0.39527877645258364,
      -0.9171734553806163,
      -4.4662877866081585
    ],
    [
      0.9987059615010532,
      0.025708168791186523,
      0.04388043436072198,
      0.044458034113869296
    ],
    [
      0.0,
      0.0,
      0.0,
      1.0
    ]
  ],
  "combine_w_fpfh": 1.0,
  "combine_w_spinnet": 1.0,
  "combine_feat_s": 486.2124745482579,
  "combine_ransac_s": 290.2855332251638,
  "combine_icp_s": 10.591799320653081,
  "combine_total_s": 787.0898070940748,
  "combine_ransac_fitness": 0.41405573386316163,
  "combine_ransac_rmse": 0.00537508851259605,
  "combine_icp_fitness": 0.6470730406909333,
  "combine_icp_rmse": 0.0033545179303609376,
  "combine_cov_5mm": 0.6470730406909333,
  "combine_cov_10mm": 0.9474147815781105,
  "combine_trimrmse_5mm": 0.0033545179303608908,
  "combine_trimrmse_10mm": 0.004695153793114097,
  "combine_chamfer": 0.008455632746124316,
  "combine_T_icp": [
    [
      0.006834156661822203,
      -0.9182817897893989,
      0.3958684741727949,
      1.6214865345824871
    ],
    [
      0.0504609875990135,
      -0.3950566684964326,
      -0.9172698171241883,
      -4.464796574402158
    ],
    [
      0.9987026499580712,
      0.02624467979746071,
      0.043637526844160376,
      0.0431930789220634
    ],
    [
      0.0,
      0.0,
      0.0,
      1.0
    ]
  ]
}