{
  "K": 12289,
  "seed": 3,
  "voxel_size": 0.005,
  "patch_radius": 0.3,
  "ref_support_n": 61443,
  "mov_support_n": 65640,
  "ref_kp_n": 12289,
  "mov_kp_n": 12289,
  "fpfh_feat_s": 0.4447100907564163,
  "fpfh_ransac_s": 1.3586113099008799,
  "fpfh_icp_s": 2.9159752540290356,
  "fpfh_total_s": 4.719296654686332,
  "fpfh_ransac_fitness": 0.7549841321507039,
  "fpfh_ransac_rmse": 0.004676234405035722,
  "fpfh_icp_fitness": 0.9862410742310107,
  "fpfh_icp_rmse": 0.001463834145067068,
  "fpfh_cov_5mm": 0.9862410742310107,
  "fpfh_cov_10mm": 0.9974914665725048,
  "fpfh_trimrmse_5mm": 0.0014638341450670565,
  "fpfh_trimrmse_10mm": 0.0016230012596340946,
  "fpfh_chamfer": 0.0029856319862355944,
  "spinnet_ref_feat_s": 70.31322033517063,
  "spinnet_mov_feat_s": 72.75943811237812,
  "spinnet_feat_s": 143.07265844754875,
  "spinnet_ransac_s": 6.207179751247168,
  "spinnet_icp_s": 3.0479546235874295,
  "spinnet_total_s": 152.32779282238334,
  "spinnet_ransac_fitness": 0.0,
  "spinnet_ransac_rmse": 0.0,
  "spinnet_icp_fitness": 0.0,
  "spinnet_icp_rmse": 0.0,
  "spinnet_cov_5mm": 0.0,
  "spinnet_cov_10mm": 0.0,
  "spinnet_trimrmse_5mm": NaN,
  "spinnet_trimrmse_10mm": NaN,
  "spinnet_chamfer": 3.435376785446324,
  "fpfh_T_icp": [
    [
      -0.97927314196419,
      0.021050054393271508,
      0.20144728500931344,
      -0.03970757943161592
    ],
    [
      -0.20151391733911675,
      -0.0010717281065280063,
      -0.9794850649793027,
      -2.320701975900172
    ],
    [
      -0.020402317177883118,
      -0.9997778486288371,
      0.005291393471200664,
      -0.8192696767779069
    ],
    [
      0.0,
      0.0,
      0.0,
      1.0
    ]
  ],
  "spinnet_T_icp": [
    [
      1.0,
      0.0,
      0.0,
      0.0
    ],
    [
      0.0,
      1.0,
      0.0,
      0.0
    ],
    [
      0.0,
      0.0,
      1.0,
      0.0
    ],
    [
      0.0,
      0.0,
      0.0,
      1.0
    ]
  ]
}