{
  "K": 80929,
  "seed": 3,
  "voxel_size": 0.005,
  "patch_radius": 0.3,
  "ref_support_n": 202322,
  "mov_support_n": 470991,
  "ref_kp_n": 80929,
  "mov_kp_n": 80929,
  "fpfh_feat_s": 2.458758309483528,
  "fpfh_ransac_s": 128.38327477686107,
  "fpfh_icp_s": 0.9190948018804193,
  "fpfh_total_s": 131.76112788822502,
  "fpfh_ransac_fitness": 0.0,
  "fpfh_ransac_rmse": 0.0,
  "fpfh_icp_fitness": 0.0,
  "fpfh_icp_rmse": 0.0,
  "fpfh_cov_5mm": 0.0,
  "fpfh_cov_10mm": 0.0,
  "fpfh_trimrmse_5mm": NaN,
  "fpfh_trimrmse_10mm": NaN,
  "fpfh_chamfer": 12.585496376008571,
  "spinnet_ref_feat_s": 394.15243495907634,
  "spinnet_mov_feat_s": 576.9482637643814,
  "spinnet_feat_s": 971.1006987234578,
  "spinnet_ransac_s": 200.83397963829339,
  "spinnet_icp_s": 3.875586890615523,
  "spinnet_total_s": 1175.8102652523667,
  "spinnet_ransac_fitness": 0.6407344709560232,
  "spinnet_ransac_rmse": 0.00491905515831946,
  "spinnet_icp_fitness": 0.7843107633685317,
  "spinnet_icp_rmse": 0.002911337479759286,
  "spinnet_cov_5mm": 0.7843107633685317,
  "spinnet_cov_10mm": 0.940578768006647,
  "spinnet_trimrmse_5mm": 0.002911337479759285,
  "spinnet_trimrmse_10mm": 0.0038092896555143784,
  "spinnet_chamfer": 0.006362988549959635,
  "fpfh_T_icp": [
    [
      1.0,
      0.0,
      0.0,
      0.0
    ],
    [
      0.0,
      1.0,
      0.0,
      0.0
    ],
    [
      0.0,
      0.0,
      1.0,
      0.0
    ],
    [
      0.0,
      0.0,
      0.0,
      1.0
    ]
  ],
  "spinnet_T_icp": [
    [
      0.019395496415227163,
      -0.682531066974261,
      -0.7305991769320506,
      -5.865644950180655
    ],
    [
      0.008849392586878483,
      0.7308252046844669,
      -0.6825072955278613,
      -5.083916063284505
    ],
    [
      0.999772725658012,
      0.006772208863455406,
      0.02021470300201162,
      0.11896494315234481
    ],
    [
      0.0,
      0.0,
      0.0,
      1.0
    ]
  ],
  "combine_w_fpfh": 1.0,
  "combine_w_spinnet": 1.0,
  "combine_feat_s": 973.5594570329413,
  "combine_ransac_s": 1608.018126658164,
  "combine_icp_s": 3.4771096473559737,
  "combine_total_s": 2585.054693338461,
  "combine_ransac_fitness": 0.6396594545836474,
  "combine_ransac_rmse": 0.004910787108423804,
  "combine_icp_fitness": 0.7843131740313756,
  "combine_icp_rmse": 0.0029113467968131107,
  "combine_cov_5mm": 0.7843131740313756,
  "combine_cov_10mm": 0.9405763573438031,
  "combine_trimrmse_5mm": 0.0029113467968131077,
  "combine_trimrmse_10mm": 0.003809264128787059,
  "combine_chamfer": 0.006362989162102064,
  "combine_T_icp": [
    [
      0.01939605778021823,
      -0.6825311222204414,
      -0.7305991104176748,
      -5.865645165547079
    ],
    [
      0.008849598994680788,
      0.7308251509207493,
      -0.6825073504214464,
      -5.083917237277398
    ],
    [
      0.9997727129404068,
      0.00677244285113106,
      0.020215253587536203,
      0.11896925823003111
    ],
    [
      0.0,
      0.0,
      0.0,
      1.0
    ]
  ]
}