{
  "K": 24577,
  "seed": 0,
  "voxel_size": 0.005,
  "patch_radius": 0.3,
  "ref_support_n": 61443,
  "mov_support_n": 65640,
  "ref_kp_n": 24577,
  "mov_kp_n": 24577,
  "fpfh_feat_s": 0.39890704210847616,
  "fpfh_ransac_s": 4.45398120302707,
  "fpfh_icp_s": 2.640703155659139,
  "fpfh_total_s": 7.493591400794685,
  "fpfh_ransac_fitness": 0.8703666029214306,
  "fpfh_ransac_rmse": 0.003869294896125258,
  "fpfh_icp_fitness": 0.9862116486189579,
  "fpfh_icp_rmse": 0.0014636671736226964,
  "fpfh_cov_5mm": 0.9862116486189579,
  "fpfh_cov_10mm": 0.9974865623038293,
  "fpfh_trimrmse_5mm": 0.0014636671736226955,
  "fpfh_trimrmse_10mm": 0.0016229468941199078,
  "fpfh_chamfer": 0.002985137858737874,
  "spinnet_ref_feat_s": 144.05449820961803,
  "spinnet_mov_feat_s": 148.33457620628178,
  "spinnet_feat_s": 292.3890744158998,
  "spinnet_ransac_s": 22.207359563559294,
  "spinnet_icp_s": 7.066379087977111,
  "spinnet_total_s": 321.6628130674362,
  "spinnet_ransac_fitness": 0.367864263335639,
  "spinnet_ransac_rmse": 0.0049180809226298606,
  "spinnet_icp_fitness": 0.9862435263653484,
  "spinnet_icp_rmse": 0.0014638543528454724,
  "spinnet_cov_5mm": 0.9862435263653484,
  "spinnet_cov_10mm": 0.997489014438167,
  "spinnet_trimrmse_5mm": 0.0014638543528456209,
  "spinnet_trimrmse_10mm": 0.0016229387734992805,
  "spinnet_chamfer": 0.002985415237212664,
  "fpfh_T_icp": [
    [
      -0.9792763506275277,
      0.021071107218746478,
      0.2014294852850921,
      -0.03972465675896906
    ],
    [
      -0.20149644459533408,
      -0.0010824665045369793,
      -0.9794886477554072,
      -2.320741721763123
    ],
    [
      -0.020420869645552182,
      -0.9997773935766143,
      0.005305787036503886,
      -0.8192427387977963
    ],
    [
      0.0,
      0.0,
      0.0,
      1.0
    ]
  ],
  "spinnet_T_icp": [
    [
      -0.9792755645101012,
      0.021077080252554142,
      0.20143268215825408,
      -0.0397224137306209
    ],
    [
      -0.2014995071977862,
      -0.0010743090692394933,
      -0.9794880267053158,
      -2.320713425108661
    ],
    [
      -0.020428346788000998,
      -0.9997772764711504,
      0.005299065904295714,
      -0.8192612868990163
    ],
    [
      0.0,
      0.0,
      0.0,
      1.0
    ]
  ],
  "combine_w_fpfh": 1.0,
  "combine_w_spinnet": 1.0,
  "combine_feat_s": 292.7879814580083,
  "combine_ransac_s": 77.43829614110291,
  "combine_icp_s": 1.8527082968503237,
  "combine_total_s": 372.0789858959615,
  "combine_ransac_fitness": 0.0,
  "combine_ransac_rmse": 0.0,
  "combine_icp_fitness": 0.0,
  "combine_icp_rmse": 0.0,
  "combine_cov_5mm": 0.0,
  "combine_cov_10mm": 0.0,
  "combine_trimrmse_5mm": NaN,
  "combine_trimrmse_10mm": NaN,
  "combine_chamfer": 3.435376785446324,
  "combine_T_icp": [
    [
      1.0,
      0.0,
      0.0,
      0.0
    ],
    [
      0.0,
      1.0,
      0.0,
      0.0
    ],
    [
      0.0,
      0.0,
      1.0,
      0.0
    ],
    [
      0.0,
      0.0,
      0.0,
      1.0
    ]
  ]
}