{
  "K": 40022,
  "seed": 2,
  "voxel_size": 0.005,
  "patch_radius": 0.3,
  "ref_support_n": 200112,
  "mov_support_n": 457980,
  "ref_kp_n": 40022,
  "mov_kp_n": 40022,
  "fpfh_feat_s": 2.4128817869350314,
  "fpfh_ransac_s": 21.44514351245016,
  "fpfh_icp_s": 4.348586834035814,
  "fpfh_total_s": 28.206612133421004,
  "fpfh_ransac_fitness": 0.0,
  "fpfh_ransac_rmse": 0.0,
  "fpfh_icp_fitness": 0.0011591471428902842,
  "fpfh_icp_rmse": 0.003521623448352245,
  "fpfh_cov_5mm": 0.0011591471428902842,
  "fpfh_cov_10mm": 0.0032822503293849802,
  "fpfh_trimrmse_5mm": 0.0035216234483522444,
  "fpfh_trimrmse_10mm": 0.006468548816129186,
  "fpfh_chamfer": 2.0708245160856573,
  "spinnet_ref_feat_s": 197.2132789157331,
  "spinnet_mov_feat_s": 316.54547595698386,
  "spinnet_feat_s": 513.758754872717,
  "spinnet_ransac_s": 37.593885727226734,
  "spinnet_icp_s": 8.99703485891223,
  "spinnet_total_s": 560.3496754588559,
  "spinnet_ransac_fitness": 0.26457948128529307,
  "spinnet_ransac_rmse": 0.005536875915296696,
  "spinnet_icp_fitness": 0.44801157067237735,
  "spinnet_icp_rmse": 0.0034518098447917,
  "spinnet_cov_5mm": 0.44801157067237735,
  "spinnet_cov_10mm": 0.8108086271266031,
  "spinnet_trimrmse_5mm": 0.0034518098447916903,
  "spinnet_trimrmse_10mm": 0.005412137590298512,
  "spinnet_chamfer": 0.01302626456175546,
  "fpfh_T_icp": [
    [
      0.9999129859183807,
      -0.004355788273684268,
      -0.012451815141055792,
      -0.010954685334136504
    ],
    [
      0.004290801227431477,
      0.9999770599893363,
      -0.00524104187318775,
      -0.002981754599871256
    ],
    [
      0.012474358365016848,
      0.005187157565051793,
      0.9999087377254913,
      0.002752464018568866
    ],
    [
      0.0,
      0.0,
      0.0,
      1.0
    ]
  ],
  "spinnet_T_icp": [
    [
      -0.0421232247321292,
      -0.9743171177289571,
      0.22120530743748848,
      0.13789674593952794
    ],
    [
      0.008522951582593044,
      -0.22174417820170633,
      -0.9750676277725479,
      -2.1611701748160663
    ],
    [
      0.9990760697937418,
      -0.03918767068858526,
      0.01764463747192721,
      -0.04370514859358208
    ],
    [
      0.0,
      0.0,
      0.0,
      1.0
    ]
  ],
  "combine_w_fpfh": 1.0,
  "combine_w_spinnet": 1.0,
  "combine_feat_s": 516.171636659652,
  "combine_ransac_s": 377.8085681274533,
  "combine_icp_s": 4.932766940444708,
  "combine_total_s": 898.91297172755,
  "combine_ransac_fitness": 0.2715756334016291,
  "combine_ransac_rmse": 0.005490915995163796,
  "combine_icp_fitness": 0.45316653560597636,
  "combine_icp_rmse": 0.0034497139332779424,
  "combine_cov_5mm": 0.45316653560597636,
  "combine_cov_10mm": 0.8208545690316521,
  "combine_trimrmse_5mm": 0.0034497139332779272,
  "combine_trimrmse_10mm": 0.005399269908562016,
  "combine_chamfer": 0.012721893885382684,
  "combine_T_icp": [
    [
      -0.04145227653756578,
      -0.9743602824883475,
      0.2211419197689378,
      0.13905599876353691
    ],
    [
      0.009163313526397307,
      -0.22169358791255875,
      -0.9750733237883561,
      -2.1651371399768995
    ],
    [
      0.9990984648447255,
      -0.038392616317406404,
      0.01811807266886577,
      -0.04172015551101121
    ],
    [
      0.0,
      0.0,
      0.0,
      1.0
    ]
  ]
}