{
  "K": 44803,
  "seed": 1,
  "voxel_size": 0.005,
  "patch_radius": 0.3,
  "ref_support_n": 451634,
  "mov_support_n": 448032,
  "ref_kp_n": 44803,
  "mov_kp_n": 44803,
  "fpfh_feat_s": 3.570988674648106,
  "fpfh_ransac_s": 20.326604219153523,
  "fpfh_icp_s": 52.02381352800876,
  "fpfh_total_s": 75.92140642181039,
  "fpfh_ransac_fitness": 0.0,
  "fpfh_ransac_rmse": 0.0,
  "fpfh_icp_fitness": 0.0014957126374105915,
  "fpfh_icp_rmse": 0.003163701504926107,
  "fpfh_cov_5mm": 0.0014957126374105915,
  "fpfh_cov_10mm": 0.0028360889516639803,
  "fpfh_trimrmse_5mm": 0.003163701504926103,
  "fpfh_trimrmse_10mm": 0.00564909163240754,
  "fpfh_chamfer": 2.054539251624267,
  "spinnet_ref_feat_s": 426.0338578047231,
  "spinnet_mov_feat_s": 353.36314769554883,
  "spinnet_feat_s": 779.3970055002719,
  "spinnet_ransac_s": 44.17782395891845,
  "spinnet_icp_s": 3.6859803944826126,
  "spinnet_total_s": 827.260809853673,
  "spinnet_ransac_fitness": 0.4558400107135683,
  "spinnet_ransac_rmse": 0.005175468532261095,
  "spinnet_icp_fitness": 0.8890041900772118,
  "spinnet_icp_rmse": 0.002166004231528525,
  "spinnet_cov_5mm": 0.8890041900772118,
  "spinnet_cov_10mm": 0.9593122924678698,
  "spinnet_trimrmse_5mm": 0.0021660042315285056,
  "spinnet_trimrmse_10mm": 0.002814903348314977,
  "spinnet_chamfer": 0.005843027882409993,
  "fpfh_T_icp": [
    [
      0.9997816005689852,
      0.01509517737904933,
      0.014452916094434082,
      0.007742069622970674
    ],
    [
      -0.014139258000848528,
      0.9978432273766833,
      -0.06410128673964095,
      -0.006172468686169026
    ],
    [
      -0.01538936473423232,
      0.06388293354556956,
      0.9978387335911093,
      0.006605978914385082
    ],
    [
      0.0,
      0.0,
      0.0,
      1.0
    ]
  ],
  "spinnet_T_icp": [
    [
      0.007148715245955939,
      -0.9993667781492819,
      0.03485596938635024,
      -0.3748847238733667
    ],
    [
      -0.007139914230448931,
      -0.03490698303290141,
      -0.9993650605060826,
      0.9611544260446736
    ],
    [
      0.9999489574448874,
      0.006895307612478349,
      -0.007384933162543912,
      -0.10557562199573955
    ],
    [
      0.0,
      0.0,
      0.0,
      1.0
    ]
  ],
  "combine_w_fpfh": 1.0,
  "combine_w_spinnet": 1.0,
  "combine_feat_s": 782.96799417492,
  "combine_ransac_s": 427.50445986911654,
  "combine_icp_s": 8.320199844427407,
  "combine_total_s": 1218.792653888464,
  "combine_ransac_fitness": 0.4595451197464456,
  "combine_ransac_rmse": 0.005172115266621758,
  "combine_icp_fitness": 0.8891010751035109,
  "combine_icp_rmse": 0.0021652860038641284,
  "combine_cov_5mm": 0.8891010751035109,
  "combine_cov_10mm": 0.9594163838184391,
  "combine_trimrmse_5mm": 0.002165286003864139,
  "combine_trimrmse_10mm": 0.0028146242946142748,
  "combine_chamfer": 0.005840213761905293,
  "combine_T_icp": [
    [
      0.00716277443369077,
      -0.9993675136098561,
      0.03483198822461358,
      -0.3748396507570242
    ],
    [
      -0.00700097641068834,
      -0.03488214536369963,
      -0.9993669107310523,
      0.9613384736863547
    ],
    [
      0.9999498392378093,
      0.006914381830163139,
      -0.00724640132739398,
      -0.1058146472173446
    ],
    [
      0.0,
      0.0,
      0.0,
      1.0
    ]
  ]
}