{
  "K": 22402,
  "seed": 1,
  "voxel_size": 0.005,
  "patch_radius": 0.3,
  "ref_support_n": 451634,
  "mov_support_n": 448032,
  "ref_kp_n": 22402,
  "mov_kp_n": 22402,
  "fpfh_feat_s": 3.6733378916978836,
  "fpfh_ransac_s": 5.625552807934582,
  "fpfh_icp_s": 20.0774801755324,
  "fpfh_total_s": 29.376370875164866,
  "fpfh_ransac_fitness": 0.0,
  "fpfh_ransac_rmse": 0.0,
  "fpfh_icp_fitness": 0.0014692894484199333,
  "fpfh_icp_rmse": 0.0031377315107188053,
  "fpfh_cov_5mm": 0.0014692894484199333,
  "fpfh_cov_10mm": 0.0026431196017625068,
  "fpfh_trimrmse_5mm": 0.0031377315107188105,
  "fpfh_trimrmse_10mm": 0.005530341803614232,
  "fpfh_chamfer": 2.0489803121514667,
  "spinnet_ref_feat_s": 193.24157880339772,
  "spinnet_mov_feat_s": 182.6330046299845,
  "spinnet_feat_s": 375.8745834333822,
  "spinnet_ransac_s": 9.866440740413964,
  "spinnet_icp_s": 4.5555577874183655,
  "spinnet_total_s": 390.29658196121454,
  "spinnet_ransac_fitness": 0.26497634139808945,
  "spinnet_ransac_rmse": 0.005381248953278902,
  "spinnet_icp_fitness": 0.889174739751606,
  "spinnet_icp_rmse": 0.0021660987390360337,
  "spinnet_cov_5mm": 0.889174739751606,
  "spinnet_cov_10mm": 0.9594412056020364,
  "spinnet_trimrmse_5mm": 0.0021660987390360546,
  "spinnet_trimrmse_10mm": 0.0028150899618469964,
  "spinnet_chamfer": 0.005839238926049817,
  "fpfh_T_icp": [
    [
      0.9965362460303994,
      -0.060867373828926145,
      -0.0566628021792927,
      -0.03091497435458945
    ],
    [
      0.056603743566680596,
      0.995648235162509,
      -0.07403112880415925,
      0.0017471646375629736
    ],
    [
      0.060922299381075365,
      0.07056737646356356,
      0.9956448758554286,
      0.017723169531811273
    ],
    [
      0.0,
      0.0,
      0.0,
      1.0
    ]
  ],
  "spinnet_T_icp": [
    [
      0.0071911338677112325,
      -0.999364927270781,
      0.03490028273184232,
      -0.3749413563583983
    ],
    [
      -0.0070092676121753985,
      -0.0349507029322437,
      -0.999364457308785,
      0.9613072012371591
    ],
    [
      0.9999495776094102,
      0.006941938173732007,
      -0.007256151401019574,
      -0.10580209283645747
    ],
    [
      0.0,
      0.0,
      0.0,
      1.0
    ]
  ]
}