{
  "K": 10485,
  "seed": 2,
  "voxel_size": 0.005,
  "patch_radius": 0.3,
  "ref_support_n": 52425,
  "mov_support_n": 59566,
  "ref_kp_n": 10485,
  "mov_kp_n": 10485,
  "fpfh_feat_s": 0.405101110227406,
  "fpfh_ransac_s": 1.1673889523372054,
  "fpfh_icp_s": 5.597768480889499,
  "fpfh_total_s": 7.170258543454111,
  "fpfh_ransac_fitness": 0.0,
  "fpfh_ransac_rmse": 0.0,
  "fpfh_icp_fitness": 0.0,
  "fpfh_icp_rmse": 0.0,
  "fpfh_cov_5mm": 0.0,
  "fpfh_cov_10mm": 0.0,
  "fpfh_trimrmse_5mm": NaN,
  "fpfh_trimrmse_10mm": NaN,
  "fpfh_chamfer": 8.107914416820307,
  "spinnet_ref_feat_s": 59.123974236659706,
  "spinnet_mov_feat_s": 60.75749400630593,
  "spinnet_feat_s": 119.88146824296564,
  "spinnet_ransac_s": 4.498421632684767,
  "spinnet_icp_s": 6.746439140290022,
  "spinnet_total_s": 131.12632901594043,
  "spinnet_ransac_fitness": 0.42708631378159273,
  "spinnet_ransac_rmse": 0.005264724219832649,
  "spinnet_icp_fitness": 0.7907028524342994,
  "spinnet_icp_rmse": 0.001221151850290783,
  "spinnet_cov_5mm": 0.7907028524342994,
  "spinnet_cov_10mm": 0.8165477421880936,
  "spinnet_trimrmse_5mm": 0.0012211518502907802,
  "spinnet_trimrmse_10mm": 0.0017575515285728853,
  "spinnet_chamfer": 0.016678771460388542,
  "fpfh_T_icp": [
    [
      1.0,
      0.0,
      0.0,
      0.0
    ],
    [
      0.0,
      1.0,
      0.0,
      0.0
    ],
    [
      0.0,
      0.0,
      1.0,
      0.0
    ],
    [
      0.0,
      0.0,
      0.0,
      1.0
    ]
  ],
  "spinnet_T_icp": [
    [
      0.44159188419416795,
      -0.04349304441265065,
      0.8961612371116955,
      4.248413393179327
    ],
    [
      0.8933240870765832,
      0.11424602183482564,
      -0.4346491941137201,
      -1.5721922985187113
    ],
    [
      -0.08347863955907585,
      0.9924999756083808,
      0.08930350023784078,
      0.5782890769952099
    ],
    [
      0.0,
      0.0,
      0.0,
      1.0
    ]
  ]
}