{
  "K": 12289,
  "seed": 4,
  "voxel_size": 0.005,
  "patch_radius": 0.3,
  "ref_support_n": 61443,
  "mov_support_n": 65640,
  "ref_kp_n": 12289,
  "mov_kp_n": 12289,
  "fpfh_feat_s": 0.41107761207967997,
  "fpfh_ransac_s": 1.413194385357201,
  "fpfh_icp_s": 2.0627357540652156,
  "fpfh_total_s": 3.8870077515020967,
  "fpfh_ransac_fitness": 0.7612498982830174,
  "fpfh_ransac_rmse": 0.004615203065070023,
  "fpfh_icp_fitness": 0.9861920315442562,
  "fpfh_icp_rmse": 0.0014636016418822675,
  "fpfh_cov_5mm": 0.9861920315442562,
  "fpfh_cov_10mm": 0.9974865623038293,
  "fpfh_trimrmse_5mm": 0.00146360164188229,
  "fpfh_trimrmse_10mm": 0.0016231199771275736,
  "fpfh_chamfer": 0.002985691350809367,
  "spinnet_ref_feat_s": 72.40795268397778,
  "spinnet_mov_feat_s": 73.95694500487298,
  "spinnet_feat_s": 146.36489768885076,
  "spinnet_ransac_s": 6.0839554918929935,
  "spinnet_icp_s": 1.7538183173164725,
  "spinnet_total_s": 154.20267149806023,
  "spinnet_ransac_fitness": 0.0,
  "spinnet_ransac_rmse": 0.0,
  "spinnet_icp_fitness": 0.0,
  "spinnet_icp_rmse": 0.0,
  "spinnet_cov_5mm": 0.0,
  "spinnet_cov_10mm": 0.0,
  "spinnet_trimrmse_5mm": NaN,
  "spinnet_trimrmse_10mm": NaN,
  "spinnet_chamfer": 3.435376785446324,
  "fpfh_T_icp": [
    [
      -0.9792787086172926,
      0.02114938898496327,
      0.20140981652940956,
      -0.03970995116162186
    ],
    [
      -0.20147646484788662,
      -0.0010472158389126084,
      -0.9794927960181131,
      -2.320727291869684
    ],
    [
      -0.02050475460097424,
      -0.9997757782045698,
      0.0052866203007571316,
      -0.8193246404451971
    ],
    [
      0.0,
      0.0,
      0.0,
      1.0
    ]
  ],
  "spinnet_T_icp": [
    [
      1.0,
      0.0,
      0.0,
      0.0
    ],
    [
      0.0,
      1.0,
      0.0,
      0.0
    ],
    [
      0.0,
      0.0,
      1.0,
      0.0
    ],
    [
      0.0,
      0.0,
      0.0,
      1.0
    ]
  ],
  "combine_w_fpfh": 1.0,
  "combine_w_spinnet": 1.0,
  "combine_feat_s": 146.77597530093044,
  "combine_ransac_s": 11.834610383026302,
  "combine_icp_s": 4.546901326626539,
  "combine_total_s": 163.15748701058328,
  "combine_ransac_fitness": 0.4802669053625193,
  "combine_ransac_rmse": 0.005220774460217621,
  "combine_icp_fitness": 0.9862361699623352,
  "combine_icp_rmse": 0.0014637922881071891,
  "combine_cov_5mm": 0.9862361699623352,
  "combine_cov_10mm": 0.997489014438167,
  "combine_trimrmse_5mm": 0.0014637922881072009,
  "combine_trimrmse_10mm": 0.001622933130848081,
  "combine_chamfer": 0.002985449675814013,
  "combine_T_icp": [
    [
      -0.9792753958817001,
      0.021077601177159542,
      0.20143344744447425,
      -0.03972139626825487
    ],
    [
      -0.20150025426281765,
      -0.0010732740591304767,
      -0.9794878741540471,
      -2.320709568822235
    ],
    [
      -0.02042906147549945,
      -0.9997772666006248,
      0.005298172875592459,
      -0.8192635243719291
    ],
    [
      0.0,
      0.0,
      0.0,
      1.0
    ]
  ]
}