{
  "K": 6144,
  "seed": 3,
  "voxel_size": 0.005,
  "patch_radius": 0.3,
  "ref_support_n": 61443,
  "mov_support_n": 65640,
  "ref_kp_n": 6144,
  "mov_kp_n": 6144,
  "fpfh_feat_s": 0.42759488709270954,
  "fpfh_ransac_s": 0.48607488721609116,
  "fpfh_icp_s": 3.0033311219885945,
  "fpfh_total_s": 3.9170008962973952,
  "fpfh_ransac_fitness": 0.5266927083333334,
  "fpfh_ransac_rmse": 0.005203093068682904,
  "fpfh_icp_fitness": 0.9862410742310107,
  "fpfh_icp_rmse": 0.0014638340960355964,
  "fpfh_cov_5mm": 0.9862410742310107,
  "fpfh_cov_10mm": 0.9974914665725048,
  "fpfh_trimrmse_5mm": 0.0014638340960356046,
  "fpfh_trimrmse_10mm": 0.0016230012225987925,
  "fpfh_chamfer": 0.0029856308653729282,
  "spinnet_ref_feat_s": 35.11755413841456,
  "spinnet_mov_feat_s": 36.237778848037124,
  "spinnet_feat_s": 71.35533298645169,
  "spinnet_ransac_s": 1.6609682273119688,
  "spinnet_icp_s": 3.1001088554039598,
  "spinnet_total_s": 76.11641006916761,
  "spinnet_ransac_fitness": 0.0,
  "spinnet_ransac_rmse": 0.0,
  "spinnet_icp_fitness": 0.0,
  "spinnet_icp_rmse": 0.0,
  "spinnet_cov_5mm": 0.0,
  "spinnet_cov_10mm": 0.0,
  "spinnet_trimrmse_5mm": NaN,
  "spinnet_trimrmse_10mm": NaN,
  "spinnet_chamfer": 3.435376785446324,
  "fpfh_T_icp": [
    [
      -0.9792731489720798,
      0.02105011502911939,
      0.2014472446065428,
      -0.039707643859150356
    ],
    [
      -0.20151387818812685,
      -0.0010717741465906623,
      -0.9794850729836365,
      -2.3207020126431464
    ],
    [
      -0.020402367506939172,
      -0.99977784730281,
      0.005291449959342837,
      -0.8192695600243292
    ],
    [
      0.0,
      0.0,
      0.0,
      1.0
    ]
  ],
  "spinnet_T_icp": [
    [
      1.0,
      0.0,
      0.0,
      0.0
    ],
    [
      0.0,
      1.0,
      0.0,
      0.0
    ],
    [
      0.0,
      0.0,
      1.0,
      0.0
    ],
    [
      0.0,
      0.0,
      0.0,
      1.0
    ]
  ]
}