{
  "K": 80929,
  "seed": 0,
  "voxel_size": 0.005,
  "patch_radius": 0.3,
  "ref_support_n": 202322,
  "mov_support_n": 470991,
  "ref_kp_n": 80929,
  "mov_kp_n": 80929,
  "fpfh_feat_s": 2.588393669575453,
  "fpfh_ransac_s": 132.30765788350254,
  "fpfh_icp_s": 0.9318419471383095,
  "fpfh_total_s": 135.8278935002163,
  "fpfh_ransac_fitness": 0.0,
  "fpfh_ransac_rmse": 0.0,
  "fpfh_icp_fitness": 0.0,
  "fpfh_icp_rmse": 0.0,
  "fpfh_cov_5mm": 0.0,
  "fpfh_cov_10mm": 0.0,
  "fpfh_trimrmse_5mm": NaN,
  "fpfh_trimrmse_10mm": NaN,
  "fpfh_chamfer": 12.585496376008571,
  "spinnet_ref_feat_s": 401.7953369691968,
  "spinnet_mov_feat_s": 582.6811750642955,
  "spinnet_feat_s": 984.4765120334923,
  "spinnet_ransac_s": 214.74193449690938,
  "spinnet_icp_s": 3.461053565144539,
  "spinnet_total_s": 1202.6795000955462,
  "spinnet_ransac_fitness": 0.6474934819409606,
  "spinnet_ransac_rmse": 0.004808284947216316,
  "spinnet_icp_fitness": 0.7843107633685317,
  "spinnet_icp_rmse": 0.0029113357815448086,
  "spinnet_cov_5mm": 0.7843107633685317,
  "spinnet_cov_10mm": 0.9405715360181153,
  "spinnet_trimrmse_5mm": 0.0029113357815448047,
  "spinnet_trimrmse_10mm": 0.0038092194951580846,
  "spinnet_chamfer": 0.006363017670541711,
  "fpfh_T_icp": [
    [
      1.0,
      0.0,
      0.0,
      0.0
    ],
    [
      0.0,
      1.0,
      0.0,
      0.0
    ],
    [
      0.0,
      0.0,
      1.0,
      0.0
    ],
    [
      0.0,
      0.0,
      0.0,
      1.0
    ]
  ],
  "spinnet_T_icp": [
    [
      0.01939643080648452,
      -0.6825313896622419,
      -0.7305988506682032,
      -5.865638759927964
    ],
    [
      0.008850484113962024,
      0.7308249047183787,
      -0.6825076025762092,
      -5.083915638958274
    ],
    [
      0.9997726978683283,
      0.006772057966751246,
      0.020216127917512088,
      0.11897261125798468
    ],
    [
      0.0,
      0.0,
      0.0,
      1.0
    ]
  ],
  "combine_w_fpfh": 1.0,
  "combine_w_spinnet": 1.0,
  "combine_feat_s": 987.0649057030678,
  "combine_ransac_s": 1529.5132900411263,
  "combine_icp_s": 2.2606278359889984,
  "combine_total_s": 2518.838823580183,
  "combine_ransac_fitness": 0.653609954404478,
  "combine_ransac_rmse": 0.004754195870340468,
  "combine_icp_fitness": 0.7843621908425347,
  "combine_icp_rmse": 0.0029115937058595246,
  "combine_cov_5mm": 0.7843621908425347,
  "combine_cov_10mm": 0.9405940355379916,
  "combine_trimrmse_5mm": 0.0029115937058595168,
  "combine_trimrmse_10mm": 0.0038093316392303683,
  "combine_chamfer": 0.006363155541081519,
  "combine_T_icp": [
    [
      0.019401559727759265,
      -0.6825296248456224,
      -0.7306003631864911,
      -5.8656724930975
    ],
    [
      0.00886190409467895,
      0.7308265982466757,
      -0.6825056409664441,
      -5.083909344646723
    ],
    [
      0.9997724971892104,
      0.006767163607646885,
      0.0202276879736771,
      0.11909019587502613
    ],
    [
      0.0,
      0.0,
      0.0,
      1.0
    ]
  ]
}