{
  "K": 40464,
  "seed": 1,
  "voxel_size": 0.005,
  "patch_radius": 0.3,
  "ref_support_n": 202322,
  "mov_support_n": 470991,
  "ref_kp_n": 40464,
  "mov_kp_n": 40464,
  "fpfh_feat_s": 2.5013585314154625,
  "fpfh_ransac_s": 28.872155197896063,
  "fpfh_icp_s": 0.8849378023296595,
  "fpfh_total_s": 32.258451531641185,
  "fpfh_ransac_fitness": 0.0,
  "fpfh_ransac_rmse": 0.0,
  "fpfh_icp_fitness": 0.0,
  "fpfh_icp_rmse": 0.0,
  "fpfh_cov_5mm": 0.0,
  "fpfh_cov_10mm": 0.0,
  "fpfh_trimrmse_5mm": NaN,
  "fpfh_trimrmse_10mm": NaN,
  "fpfh_chamfer": 12.585496376008571,
  "spinnet_ref_feat_s": 204.5499854395166,
  "spinnet_mov_feat_s": 334.61408716160804,
  "spinnet_feat_s": 539.1640726011246,
  "spinnet_ransac_s": 38.17037750501186,
  "spinnet_icp_s": 2.4084145687520504,
  "spinnet_total_s": 579.7428646748886,
  "spinnet_ransac_fitness": 0.42959173586397786,
  "spinnet_ransac_rmse": 0.005163435509650075,
  "spinnet_icp_fitness": 0.7841749626949925,
  "spinnet_icp_rmse": 0.002911649580079742,
  "spinnet_cov_5mm": 0.7841749626949925,
  "spinnet_cov_10mm": 0.9405586791496146,
  "spinnet_trimrmse_5mm": 0.0029116495800797235,
  "spinnet_trimrmse_10mm": 0.0038101297840737133,
  "spinnet_chamfer": 0.006366146020583663,
  "fpfh_T_icp": [
    [
      1.0,
      0.0,
      0.0,
      0.0
    ],
    [
      0.0,
      1.0,
      0.0,
      0.0
    ],
    [
      0.0,
      0.0,
      1.0,
      0.0
    ],
    [
      0.0,
      0.0,
      0.0,
      1.0
    ]
  ],
  "spinnet_T_icp": [
    [
      0.019431126319498324,
      -0.6825260803241565,
      -0.7306028887208862,
      -5.865556688695416
    ],
    [
      0.008883844878221185,
      0.7308298709674501,
      -0.6825018512809209,
      -5.0837803657162235
    ],
    [
      0.9997717282610751,
      0.006771216954554142,
      0.020264303363771226,
      0.11926709792733901
    ],
    [
      0.0,
      0.0,
      0.0,
      1.0
    ]
  ],
  "combine_w_fpfh": 1.0,
  "combine_w_spinnet": 1.0,
  "combine_feat_s": 541.6654311325401,
  "combine_ransac_s": 365.33824645355344,
  "combine_icp_s": 2.835704041644931,
  "combine_total_s": 909.8393816277385,
  "combine_ransac_fitness": 0.440342032423883,
  "combine_ransac_rmse": 0.0050438899466308165,
  "combine_icp_fitness": 0.7843131740313756,
  "combine_icp_rmse": 0.002911351501175462,
  "combine_cov_5mm": 0.7843131740313756,
  "combine_cov_10mm": 0.9405683218009901,
  "combine_trimrmse_5mm": 0.0029113515011754522,
  "combine_trimrmse_10mm": 0.0038092096885237697,
  "combine_chamfer": 0.0063631805253438764,
  "combine_T_icp": [
    [
      0.01940027823934804,
      -0.6825300686277819,
      -0.7305999826329009,
      -5.865634982532572
    ],
    [
      0.00885556150439947,
      0.7308261488401852,
      -0.6825062045152919,
      -5.083893400399267
    ],
    [
      0.9997725782570143,
      0.006770937186359229,
      0.020222417633426255,
      0.11901525677149963
    ],
    [
      0.0,
      0.0,
      0.0,
      1.0
    ]
  ]
}