{
  "K": 3640,
  "seed": 4,
  "voxel_size": 0.005,
  "patch_radius": 0.3,
  "ref_support_n": 36395,
  "mov_support_n": 51616,
  "ref_kp_n": 3640,
  "mov_kp_n": 3640,
  "fpfh_feat_s": 0.27938507683575153,
  "fpfh_ransac_s": 0.28192814346402884,
  "fpfh_icp_s": 1.6938022691756487,
  "fpfh_total_s": 2.255115489475429,
  "fpfh_ransac_fitness": 0.0,
  "fpfh_ransac_rmse": 0.0,
  "fpfh_icp_fitness": 0.0,
  "fpfh_icp_rmse": 0.0,
  "fpfh_cov_5mm": 0.0,
  "fpfh_cov_10mm": 0.0,
  "fpfh_trimrmse_5mm": NaN,
  "fpfh_trimrmse_10mm": NaN,
  "fpfh_chamfer": 0.7110959697585784,
  "spinnet_ref_feat_s": 18.376062966883183,
  "spinnet_mov_feat_s": 20.628835763782263,
  "spinnet_feat_s": 39.004898730665445,
  "spinnet_ransac_s": 0.6595638422295451,
  "spinnet_icp_s": 10.124303504824638,
  "spinnet_total_s": 49.78876607771963,
  "spinnet_ransac_fitness": 0.1010989010989011,
  "spinnet_ransac_rmse": 0.005659929294361602,
  "spinnet_icp_fitness": 0.4998383246569713,
  "spinnet_icp_rmse": 0.002954806803919981,
  "spinnet_cov_5mm": 0.4998383246569713,
  "spinnet_cov_10mm": 0.7961454279372416,
  "spinnet_trimrmse_5mm": 0.002954806803919978,
  "spinnet_trimrmse_10mm": 0.0051559700778855255,
  "spinnet_chamfer": 0.011639466084486256,
  "fpfh_T_icp": [
    [
      1.0,
      0.0,
      0.0,
      0.0
    ],
    [
      0.0,
      1.0,
      0.0,
      0.0
    ],
    [
      0.0,
      0.0,
      1.0,
      0.0
    ],
    [
      0.0,
      0.0,
      0.0,
      1.0
    ]
  ],
  "spinnet_T_icp": [
    [
      -0.11034785276983883,
      0.019141972988754485,
      -0.9937086777618388,
      -0.5034197578922777
    ],
    [
      0.9938871634200921,
      -0.0013094491297520744,
      -0.11039289710729104,
      0.3243493115144012
    ],
    [
      -0.0034143488179005613,
      -0.9998159181634743,
      -0.018880466336277824,
      -0.9166426394939834
    ],
    [
      0.0,
      0.0,
      0.0,
      1.0
    ]
  ]
}