{
  "K": 1820,
  "seed": 4,
  "voxel_size": 0.005,
  "patch_radius": 0.3,
  "ref_support_n": 36395,
  "mov_support_n": 51616,
  "ref_kp_n": 1820,
  "mov_kp_n": 1820,
  "fpfh_feat_s": 0.27107846923172474,
  "fpfh_ransac_s": 0.15650361124426126,
  "fpfh_icp_s": 1.105955120176077,
  "fpfh_total_s": 1.533537200652063,
  "fpfh_ransac_fitness": 0.0,
  "fpfh_ransac_rmse": 0.0,
  "fpfh_icp_fitness": 0.0,
  "fpfh_icp_rmse": 0.0,
  "fpfh_cov_5mm": 0.0,
  "fpfh_cov_10mm": 0.0,
  "fpfh_trimrmse_5mm": NaN,
  "fpfh_trimrmse_10mm": NaN,
  "fpfh_chamfer": 0.7110959697585784,
  "spinnet_ref_feat_s": 9.480718311853707,
  "spinnet_mov_feat_s": 10.631176197901368,
  "spinnet_feat_s": 20.111894509755075,
  "spinnet_ransac_s": 0.2601042175665498,
  "spinnet_icp_s": 1.0676320251077414,
  "spinnet_total_s": 21.439630752429366,
  "spinnet_ransac_fitness": 0.0,
  "spinnet_ransac_rmse": 0.0,
  "spinnet_icp_fitness": 0.0,
  "spinnet_icp_rmse": 0.0,
  "spinnet_cov_5mm": 0.0,
  "spinnet_cov_10mm": 0.0,
  "spinnet_trimrmse_5mm": NaN,
  "spinnet_trimrmse_10mm": NaN,
  "spinnet_chamfer": 0.7110959697585784,
  "fpfh_T_icp": [
    [
      1.0,
      0.0,
      0.0,
      0.0
    ],
    [
      0.0,
      1.0,
      0.0,
      0.0
    ],
    [
      0.0,
      0.0,
      1.0,
      0.0
    ],
    [
      0.0,
      0.0,
      0.0,
      1.0
    ]
  ],
  "spinnet_T_icp": [
    [
      1.0,
      0.0,
      0.0,
      0.0
    ],
    [
      0.0,
      1.0,
      0.0,
      0.0
    ],
    [
      0.0,
      0.0,
      1.0,
      0.0
    ],
    [
      0.0,
      0.0,
      0.0,
      1.0
    ]
  ],
  "combine_w_fpfh": 1.0,
  "combine_w_spinnet": 1.0,
  "combine_feat_s": 20.3829729789868,
  "combine_ransac_s": 0.33551571890711784,
  "combine_icp_s": 1.0638113683089614,
  "combine_total_s": 21.78230006620288,
  "combine_ransac_fitness": 0.0,
  "combine_ransac_rmse": 0.0,
  "combine_icp_fitness": 0.0,
  "combine_icp_rmse": 0.0,
  "combine_cov_5mm": 0.0,
  "combine_cov_10mm": 0.0,
  "combine_trimrmse_5mm": NaN,
  "combine_trimrmse_10mm": NaN,
  "combine_chamfer": 0.7110959697585784,
  "combine_T_icp": [
    [
      1.0,
      0.0,
      0.0,
      0.0
    ],
    [
      0.0,
      1.0,
      0.0,
      0.0
    ],
    [
      0.0,
      0.0,
      1.0,
      0.0
    ],
    [
      0.0,
      0.0,
      0.0,
      1.0
    ]
  ]
}