{
  "K": 10116,
  "seed": 0,
  "voxel_size": 0.005,
  "patch_radius": 0.3,
  "ref_support_n": 202322,
  "mov_support_n": 470991,
  "ref_kp_n": 10116,
  "mov_kp_n": 10116,
  "fpfh_feat_s": 2.3566784569993615,
  "fpfh_ransac_s": 1.977137178182602,
  "fpfh_icp_s": 1.542986967600882,
  "fpfh_total_s": 5.8768026027828455,
  "fpfh_ransac_fitness": 0.0,
  "fpfh_ransac_rmse": 0.0,
  "fpfh_icp_fitness": 0.0,
  "fpfh_icp_rmse": 0.0,
  "fpfh_cov_5mm": 0.0,
  "fpfh_cov_10mm": 0.0,
  "fpfh_trimrmse_5mm": NaN,
  "fpfh_trimrmse_10mm": NaN,
  "fpfh_chamfer": 12.585496376008571,
  "spinnet_ref_feat_s": 50.94892956223339,
  "spinnet_mov_feat_s": 75.18365687970072,
  "spinnet_feat_s": 126.13258644193411,
  "spinnet_ransac_s": 2.7815261613577604,
  "spinnet_icp_s": 1.693845589645207,
  "spinnet_total_s": 130.60795819293708,
  "spinnet_ransac_fitness": 0.13701067615658363,
  "spinnet_ransac_rmse": 0.005399538698523989,
  "spinnet_icp_fitness": 0.784327638008439,
  "spinnet_icp_rmse": 0.002911604357919662,
  "spinnet_cov_5mm": 0.784327638008439,
  "spinnet_cov_10mm": 0.940592428429429,
  "spinnet_trimrmse_5mm": 0.002911604357919662,
  "spinnet_trimrmse_10mm": 0.0038093443404443434,
  "spinnet_chamfer": 0.006363109750616652,
  "fpfh_T_icp": [
    [
      1.0,
      0.0,
      0.0,
      0.0
    ],
    [
      0.0,
      1.0,
      0.0,
      0.0
    ],
    [
      0.0,
      0.0,
      1.0,
      0.0
    ],
    [
      0.0,
      0.0,
      0.0,
      1.0
    ]
  ],
  "spinnet_T_icp": [
    [
      0.01940217802499128,
      -0.6825717001847504,
      -0.7305610375559224,
      -5.865325156528269
    ],
    [
      0.008822155518276859,
      0.7307870168196572,
      -0.6825485371897282,
      -5.084276235456555
    ],
    [
      0.9997728367283725,
      0.006797805140340535,
      0.02020061349009204,
      0.11885371604558807
    ],
    [
      0.0,
      0.0,
      0.0,
      1.0
    ]
  ]
}