{
  "K": 80929,
  "seed": 1,
  "voxel_size": 0.005,
  "patch_radius": 0.3,
  "ref_support_n": 202322,
  "mov_support_n": 470991,
  "ref_kp_n": 80929,
  "mov_kp_n": 80929,
  "fpfh_feat_s": 2.469980644993484,
  "fpfh_ransac_s": 144.19433164969087,
  "fpfh_icp_s": 1.6009514555335045,
  "fpfh_total_s": 148.26526375021785,
  "fpfh_ransac_fitness": 0.0,
  "fpfh_ransac_rmse": 0.0,
  "fpfh_icp_fitness": 0.0,
  "fpfh_icp_rmse": 0.0,
  "fpfh_cov_5mm": 0.0,
  "fpfh_cov_10mm": 0.0,
  "fpfh_trimrmse_5mm": NaN,
  "fpfh_trimrmse_10mm": NaN,
  "fpfh_chamfer": 12.585496376008571,
  "spinnet_ref_feat_s": 424.0349553991109,
  "spinnet_mov_feat_s": 666.97475659661,
  "spinnet_feat_s": 1091.0097119957209,
  "spinnet_ransac_s": 218.61551561299711,
  "spinnet_icp_s": 1.7717423485592008,
  "spinnet_total_s": 1311.3969699572772,
  "spinnet_ransac_fitness": 0.6478518207317525,
  "spinnet_ransac_rmse": 0.004786171230748161,
  "spinnet_icp_fitness": 0.7843268344541576,
  "spinnet_icp_rmse": 0.0029116014327002916,
  "spinnet_cov_5mm": 0.7843268344541576,
  "spinnet_cov_10mm": 0.940592428429429,
  "spinnet_trimrmse_5mm": 0.002911601432700294,
  "spinnet_trimrmse_10mm": 0.0038093443931048027,
  "spinnet_chamfer": 0.006363110350243644,
  "fpfh_T_icp": [
    [
      1.0,
      0.0,
      0.0,
      0.0
    ],
    [
      0.0,
      1.0,
      0.0,
      0.0
    ],
    [
      0.0,
      0.0,
      1.0,
      0.0
    ],
    [
      0.0,
      0.0,
      0.0,
      1.0
    ]
  ],
  "spinnet_T_icp": [
    [
      0.01940222610016049,
      -0.6825716965982865,
      -0.7305610396300196,
      -5.865325150090657
    ],
    [
      0.00882218183649347,
      0.7307870200439677,
      -0.6825485333973709,
      -5.0842762059442945
    ],
    [
      0.99977283556316,
      0.006797818635034902,
      0.02020066661778949,
      0.1188541211089179
    ],
    [
      0.0,
      0.0,
      0.0,
      1.0
    ]
  ]
}