{
  "K": 10116,
  "seed": 4,
  "voxel_size": 0.005,
  "patch_radius": 0.3,
  "ref_support_n": 202322,
  "mov_support_n": 470991,
  "ref_kp_n": 10116,
  "mov_kp_n": 10116,
  "fpfh_feat_s": 2.414054579101503,
  "fpfh_ransac_s": 2.026280617341399,
  "fpfh_icp_s": 1.6014718925580382,
  "fpfh_total_s": 6.04180708900094,
  "fpfh_ransac_fitness": 0.0,
  "fpfh_ransac_rmse": 0.0,
  "fpfh_icp_fitness": 0.0,
  "fpfh_icp_rmse": 0.0,
  "fpfh_cov_5mm": 0.0,
  "fpfh_cov_10mm": 0.0,
  "fpfh_trimrmse_5mm": NaN,
  "fpfh_trimrmse_10mm": NaN,
  "fpfh_chamfer": 12.585496376008571,
  "spinnet_ref_feat_s": 51.08672799076885,
  "spinnet_mov_feat_s": 74.46644242201,
  "spinnet_feat_s": 125.55317041277885,
  "spinnet_ransac_s": 2.7648856304585934,
  "spinnet_icp_s": 1.5545297926291823,
  "spinnet_total_s": 129.87258583586663,
  "spinnet_ransac_fitness": 0.13602214313958086,
  "spinnet_ransac_rmse": 0.0053480851679359774,
  "spinnet_icp_fitness": 0.7843356735512519,
  "spinnet_icp_rmse": 0.0029116336937049367,
  "spinnet_cov_5mm": 0.7843356735512519,
  "spinnet_cov_10mm": 0.9405956426465543,
  "spinnet_trimrmse_5mm": 0.0029116336937049453,
  "spinnet_trimrmse_10mm": 0.003809379158605712,
  "spinnet_chamfer": 0.006363091594041564,
  "fpfh_T_icp": [
    [
      1.0,
      0.0,
      0.0,
      0.0
    ],
    [
      0.0,
      1.0,
      0.0,
      0.0
    ],
    [
      0.0,
      0.0,
      1.0,
      0.0
    ],
    [
      0.0,
      0.0,
      0.0,
      1.0
    ]
  ],
  "spinnet_T_icp": [
    [
      0.01940236055325871,
      -0.6825719317130113,
      -0.7305608163887041,
      -5.865324131522046
    ],
    [
      0.008821400482954702,
      0.7307867942137947,
      -0.6825487852866228,
      -5.084278753945406
    ],
    [
      0.9997728398483728,
      0.006798488088800855,
      0.0202002292369606,
      0.1188517291903941
    ],
    [
      0.0,
      0.0,
      0.0,
      1.0
    ]
  ]
}