{
  "K": 10116,
  "seed": 1,
  "voxel_size": 0.005,
  "patch_radius": 0.3,
  "ref_support_n": 202322,
  "mov_support_n": 470991,
  "ref_kp_n": 10116,
  "mov_kp_n": 10116,
  "fpfh_feat_s": 2.5040939832106233,
  "fpfh_ransac_s": 2.0539862951263785,
  "fpfh_icp_s": 0.922849434427917,
  "fpfh_total_s": 5.480929712764919,
  "fpfh_ransac_fitness": 0.0,
  "fpfh_ransac_rmse": 0.0,
  "fpfh_icp_fitness": 0.0,
  "fpfh_icp_rmse": 0.0,
  "fpfh_cov_5mm": 0.0,
  "fpfh_cov_10mm": 0.0,
  "fpfh_trimrmse_5mm": NaN,
  "fpfh_trimrmse_10mm": NaN,
  "fpfh_chamfer": 12.585496376008571,
  "spinnet_ref_feat_s": 51.902353580109775,
  "spinnet_mov_feat_s": 79.3608573069796,
  "spinnet_feat_s": 131.26321088708937,
  "spinnet_ransac_s": 2.8890991201624274,
  "spinnet_icp_s": 2.5505133708938956,
  "spinnet_total_s": 136.7028233781457,
  "spinnet_ransac_fitness": 0.13859232898378807,
  "spinnet_ransac_rmse": 0.005396582232134988,
  "spinnet_icp_fitness": 0.7841564809465227,
  "spinnet_icp_rmse": 0.002911259971959846,
  "spinnet_cov_5mm": 0.7841564809465227,
  "spinnet_cov_10mm": 0.940570732463834,
  "spinnet_trimrmse_5mm": 0.002911259971959865,
  "spinnet_trimrmse_10mm": 0.003810058129382038,
  "spinnet_chamfer": 0.006364823933847395,
  "fpfh_T_icp": [
    [
      1.0,
      0.0,
      0.0,
      0.0
    ],
    [
      0.0,
      1.0,
      0.0,
      0.0
    ],
    [
      0.0,
      0.0,
      1.0,
      0.0
    ],
    [
      0.0,
      0.0,
      0.0,
      1.0
    ]
  ],
  "spinnet_T_icp": [
    [
      0.019417418877108628,
      -0.6825298194432131,
      -0.7305997600704284,
      -5.865561990043028
    ],
    [
      0.008853933518958553,
      0.7308262620392906,
      -0.6825061044231936,
      -5.08384785563914
    ],
    [
      0.9997722599199247,
      0.00678382521113814,
      0.020233833302465483,
      0.11904236292650613
    ],
    [
      0.0,
      0.0,
      0.0,
      1.0
    ]
  ],
  "combine_w_fpfh": 1.0,
  "combine_w_spinnet": 1.0,
  "combine_feat_s": 133.7673048703,
  "combine_ransac_s": 7.527359544299543,
  "combine_icp_s": 3.051860796287656,
  "combine_total_s": 144.3465252108872,
  "combine_ransac_fitness": 0.1409648082245947,
  "combine_ransac_rmse": 0.005386178809786606,
  "combine_icp_fitness": 0.7842938887286245,
  "combine_icp_rmse": 0.0029112810295969615,
  "combine_cov_5mm": 0.7842938887286245,
  "combine_cov_10mm": 0.940573143126678,
  "combine_trimrmse_5mm": 0.0029112810295969663,
  "combine_trimrmse_10mm": 0.003809268370003806,
  "combine_chamfer": 0.006363124462733514,
  "combine_T_icp": [
    [
      0.01939681634327058,
      -0.6825302060005084,
      -0.7305999462172549,
      -5.865635968256399
    ],
    [
      0.008851682143419451,
      0.730826016139587,
      -0.6825063969346931,
      -5.083896532498182
    ],
    [
      0.9997726797822504,
      0.006771412736535227,
      0.020217238450742966,
      0.11897559088601489
    ],
    [
      0.0,
      0.0,
      0.0,
      1.0
    ]
  ]
}