{
  "K": 78516,
  "seed": 2,
  "voxel_size": 0.005,
  "patch_radius": 0.3,
  "ref_support_n": 196290,
  "mov_support_n": 400580,
  "ref_kp_n": 78516,
  "mov_kp_n": 78516,
  "fpfh_feat_s": 2.139392960816622,
  "fpfh_ransac_s": 113.06213586684316,
  "fpfh_icp_s": 0.795052457600832,
  "fpfh_total_s": 115.99658128526062,
  "fpfh_ransac_fitness": 0.0,
  "fpfh_ransac_rmse": 0.0,
  "fpfh_icp_fitness": 0.0,
  "fpfh_icp_rmse": 0.0,
  "fpfh_cov_5mm": 0.0,
  "fpfh_cov_10mm": 0.0,
  "fpfh_trimrmse_5mm": NaN,
  "fpfh_trimrmse_10mm": NaN,
  "fpfh_chamfer": 6.64051921124479,
  "spinnet_ref_feat_s": 437.21602943353355,
  "spinnet_mov_feat_s": 604.2917860317975,
  "spinnet_feat_s": 1041.507815465331,
  "spinnet_ransac_s": 192.12087562773377,
  "spinnet_icp_s": 5.080426461063325,
  "spinnet_total_s": 1238.7091175541282,
  "spinnet_ransac_fitness": 0.5891920118192471,
  "spinnet_ransac_rmse": 0.00514151140251455,
  "spinnet_icp_fitness": 0.6424078279219007,
  "spinnet_icp_rmse": 0.00335919526284763,
  "spinnet_cov_5mm": 0.6424078279219007,
  "spinnet_cov_10mm": 0.9512264450918108,
  "spinnet_trimrmse_5mm": 0.0033591952628476652,
  "spinnet_trimrmse_10mm": 0.004729824754914733,
  "spinnet_chamfer": 0.008449734109760194,
  "fpfh_T_icp": [
    [
      1.0,
      0.0,
      0.0,
      0.0
    ],
    [
      0.0,
      1.0,
      0.0,
      0.0
    ],
    [
      0.0,
      0.0,
      1.0,
      0.0
    ],
    [
      0.0,
      0.0,
      0.0,
      1.0
    ]
  ],
  "spinnet_T_icp": [
    [
      0.007196495493014172,
      -0.9183812200695861,
      0.39563132469019163,
      1.6196296352990807
    ],
    [
      0.05126618847504037,
      -0.39478244162606557,
      -0.9173432300415223,
      -4.462466024153619
    ],
    [
      0.9986590951730575,
      0.02688416647873768,
      0.04424085465814215,
      0.04618789286198462
    ],
    [
      0.0,
      0.0,
      0.0,
      1.0
    ]
  ],
  "combine_w_fpfh": 1.0,
  "combine_w_spinnet": 1.0,
  "combine_feat_s": 1043.6472084261477,
  "combine_ransac_s": 1350.5029619466513,
  "combine_icp_s": 3.0551862213760614,
  "combine_total_s": 2397.205356594175,
  "combine_ransac_fitness": 0.5968592388812471,
  "combine_ransac_rmse": 0.005104810645302896,
  "combine_icp_fitness": 0.645756182009141,
  "combine_icp_rmse": 0.003342092645854439,
  "combine_cov_5mm": 0.645756182009141,
  "combine_cov_10mm": 0.9428539539484884,
  "combine_trimrmse_5mm": 0.0033420926458544407,
  "combine_trimrmse_10mm": 0.0046915655107587564,
  "combine_chamfer": 0.008518530641314134,
  "combine_T_icp": [
    [
      0.006538550263882578,
      -0.9182682321404703,
      0.3959049143444274,
      1.6218362754228974
    ],
    [
      0.05046654136202837,
      -0.39510584300574714,
      -0.9172483311653836,
      -4.465591234940069
    ],
    [
      0.9987043484252032,
      0.025977426052979587,
      0.04375840230470681,
      0.04390272028633974
    ],
    [
      0.0,
      0.0,
      0.0,
      1.0
    ]
  ]
}