{
  "K": 20011,
  "seed": 4,
  "voxel_size": 0.005,
  "patch_radius": 0.3,
  "ref_support_n": 200112,
  "mov_support_n": 457980,
  "ref_kp_n": 20011,
  "mov_kp_n": 20011,
  "fpfh_feat_s": 2.3271458679810166,
  "fpfh_ransac_s": 6.218890250660479,
  "fpfh_icp_s": 4.924172735773027,
  "fpfh_total_s": 13.470208854414523,
  "fpfh_ransac_fitness": 0.0,
  "fpfh_ransac_rmse": 0.0,
  "fpfh_icp_fitness": 0.0011591471428902842,
  "fpfh_icp_rmse": 0.0035216234483522535,
  "fpfh_cov_5mm": 0.0011591471428902842,
  "fpfh_cov_10mm": 0.0032822503293849802,
  "fpfh_trimrmse_5mm": 0.00352162344835225,
  "fpfh_trimrmse_10mm": 0.006468548816129207,
  "fpfh_chamfer": 2.070824516085659,
  "spinnet_ref_feat_s": 100.99174475949258,
  "spinnet_mov_feat_s": 150.34785350970924,
  "spinnet_feat_s": 251.33959826920182,
  "spinnet_ransac_s": 10.261556133627892,
  "spinnet_icp_s": 9.161300510168076,
  "spinnet_total_s": 270.7624549129978,
  "spinnet_ransac_fitness": 0.154764879316376,
  "spinnet_ransac_rmse": 0.005649954558357811,
  "spinnet_icp_fitness": 0.4536065155428912,
  "spinnet_icp_rmse": 0.0034370228201541678,
  "spinnet_cov_5mm": 0.4536065155428912,
  "spinnet_cov_10mm": 0.8228040801339459,
  "spinnet_trimrmse_5mm": 0.0034370228201541955,
  "spinnet_trimrmse_10mm": 0.005403707801827254,
  "spinnet_chamfer": 0.012704296143651487,
  "fpfh_T_icp": [
    [
      0.9999129859183816,
      -0.004355788273684355,
      -0.012451815141055688,
      -0.010954685334136379
    ],
    [
      0.004290801227431597,
      0.9999770599893362,
      -0.005241041873188,
      -0.002981754599871422
    ],
    [
      0.012474358365016673,
      0.005187157565051104,
      0.9999087377254909,
      0.0027524640185662046
    ],
    [
      0.0,
      0.0,
      0.0,
      1.0
    ]
  ],
  "spinnet_T_icp": [
    [
      -0.04116599993199534,
      -0.9743680794325383,
      0.22116104139871692,
      0.1396296363480019
    ],
    [
      0.009008837638336077,
      -0.22170164178005933,
      -0.9750729320806907,
      -2.16689537671606
    ],
    [
      0.9991117061139977,
      -0.0381474483418378,
      0.017904493598025897,
      -0.042228254572868704
    ],
    [
      0.0,
      0.0,
      0.0,
      1.0
    ]
  ],
  "combine_w_fpfh": 1.0,
  "combine_w_spinnet": 1.0,
  "combine_feat_s": 253.66674413718283,
  "combine_ransac_s": 40.111791118979454,
  "combine_icp_s": 8.930400311946869,
  "combine_total_s": 302.70893556810915,
  "combine_ransac_fitness": 0.15531457698265955,
  "combine_ransac_rmse": 0.005562365626659838,
  "combine_icp_fitness": 0.4513594180105387,
  "combine_icp_rmse": 0.0034256860925480064,
  "combine_cov_5mm": 0.4513594180105387,
  "combine_cov_10mm": 0.8152268256567501,
  "combine_trimrmse_5mm": 0.0034256860925480003,
  "combine_trimrmse_10mm": 0.005404887519035134,
  "combine_chamfer": 0.013176229935868027,
  "combine_T_icp": [
    [
      -0.03954432605079841,
      -0.9744789642133416,
      0.22096831126409563,
      0.1413749163140793
    ],
    [
      0.008733402477240568,
      -0.2214699070695655,
      -0.9751280982228899,
      -2.1739319991383312
    ],
    [
      0.9991796504925291,
      -0.03663097826043471,
      0.01726839521567831,
      -0.041811670704841764
    ],
    [
      0.0,
      0.0,
      0.0,
      1.0
    ]
  ]
}