{
  "K": 40022,
  "seed": 1,
  "voxel_size": 0.005,
  "patch_radius": 0.3,
  "ref_support_n": 200112,
  "mov_support_n": 457980,
  "ref_kp_n": 40022,
  "mov_kp_n": 40022,
  "fpfh_feat_s": 2.329829391092062,
  "fpfh_ransac_s": 21.94508884754032,
  "fpfh_icp_s": 4.876012846827507,
  "fpfh_total_s": 29.150931085459888,
  "fpfh_ransac_fitness": 0.0,
  "fpfh_ransac_rmse": 0.0,
  "fpfh_icp_fitness": 0.0011591471428902842,
  "fpfh_icp_rmse": 0.003521623448352241,
  "fpfh_cov_5mm": 0.0011591471428902842,
  "fpfh_cov_10mm": 0.0032822503293849802,
  "fpfh_trimrmse_5mm": 0.0035216234483522444,
  "fpfh_trimrmse_10mm": 0.0064685488161292035,
  "fpfh_chamfer": 2.0708245160856587,
  "spinnet_ref_feat_s": 196.25376386474818,
  "spinnet_mov_feat_s": 289.21887106075883,
  "spinnet_feat_s": 485.472634925507,
  "spinnet_ransac_s": 44.73545673023909,
  "spinnet_icp_s": 7.074951516464353,
  "spinnet_total_s": 537.2830431722105,
  "spinnet_ransac_fitness": 0.27572335215631405,
  "spinnet_ransac_rmse": 0.005526230597294752,
  "spinnet_icp_fitness": 0.45373690959692237,
  "spinnet_icp_rmse": 0.003420565277060375,
  "spinnet_cov_5mm": 0.45373690959692237,
  "spinnet_cov_10mm": 0.8227704816660361,
  "spinnet_trimrmse_5mm": 0.003420565277060423,
  "spinnet_trimrmse_10mm": 0.005403040877132388,
  "spinnet_chamfer": 0.012747014292363357,
  "fpfh_T_icp": [
    [
      0.9999129859183808,
      -0.004355788273684401,
      -0.0124518151410557,
      -0.010954685334136483
    ],
    [
      0.0042908012274316095,
      0.9999770599893363,
      -0.005241041873188064,
      -0.0029817545998712582
    ],
    [
      0.01247435836501668,
      0.005187157565051421,
      0.9999087377254898,
      0.0027524640185645362
    ],
    [
      0.0,
      0.0,
      0.0,
      1.0
    ]
  ],
  "spinnet_T_icp": [
    [
      -0.04067854889798468,
      -0.9743860836194609,
      0.2211719143749888,
      0.14039708589219163
    ],
    [
      0.008702622399930136,
      -0.22169225119450617,
      -0.9750778482376026,
      -2.169326616369094
    ],
    [
      0.9991343853671184,
      -0.03773997627260044,
      0.01749783323800665,
      -0.0427567691009062
    ],
    [
      0.0,
      0.0,
      0.0,
      1.0
    ]
  ],
  "combine_w_fpfh": 1.0,
  "combine_w_spinnet": 1.0,
  "combine_feat_s": 487.80246431659907,
  "combine_ransac_s": 301.34693311713636,
  "combine_icp_s": 8.166995007544756,
  "combine_total_s": 797.3163924412802,
  "combine_ransac_fitness": 0.26945180150917,
  "combine_ransac_rmse": 0.005523055788443313,
  "combine_icp_fitness": 0.45339692510021545,
  "combine_icp_rmse": 0.003423319210479614,
  "combine_cov_5mm": 0.45339692510021545,
  "combine_cov_10mm": 0.8193210389606234,
  "combine_trimrmse_5mm": 0.0034233192104796023,
  "combine_trimrmse_10mm": 0.005408437610735383,
  "combine_chamfer": 0.012996079432937463,
  "combine_T_icp": [
    [
      -0.03990729761938251,
      -0.974454530478596,
      0.22101080432068496,
      0.14099897324800842
    ],
    [
      0.008923655546725081,
      -0.22152575920694087,
      -0.9751136889509203,
      -2.172511613625197
    ],
    [
      0.9991635381499981,
      -0.03694192790783588,
      0.017536190978967428,
      -0.04138634271154321
    ],
    [
      0.0,
      0.0,
      0.0,
      1.0
    ]
  ]
}