{
  "K": 20970,
  "seed": 3,
  "voxel_size": 0.005,
  "patch_radius": 0.3,
  "ref_support_n": 52425,
  "mov_support_n": 59566,
  "ref_kp_n": 20970,
  "mov_kp_n": 20970,
  "fpfh_feat_s": 0.4028732804581523,
  "fpfh_ransac_s": 3.4600914008915424,
  "fpfh_icp_s": 5.465132058598101,
  "fpfh_total_s": 9.328096739947796,
  "fpfh_ransac_fitness": 0.0,
  "fpfh_ransac_rmse": 0.0,
  "fpfh_icp_fitness": 0.0,
  "fpfh_icp_rmse": 0.0,
  "fpfh_cov_5mm": 0.0,
  "fpfh_cov_10mm": 0.0,
  "fpfh_trimrmse_5mm": NaN,
  "fpfh_trimrmse_10mm": NaN,
  "fpfh_chamfer": 8.107914416820307,
  "spinnet_ref_feat_s": 117.3309049429372,
  "spinnet_mov_feat_s": 121.9623093008995,
  "spinnet_feat_s": 239.2932142438367,
  "spinnet_ransac_s": 15.0233183382079,
  "spinnet_icp_s": 7.377868921495974,
  "spinnet_total_s": 261.6944015035406,
  "spinnet_ransac_fitness": 0.4744396757272294,
  "spinnet_ransac_rmse": 0.0048569932531834,
  "spinnet_icp_fitness": 0.7907028524342994,
  "spinnet_icp_rmse": 0.0012211518503704596,
  "spinnet_cov_5mm": 0.7907028524342994,
  "spinnet_cov_10mm": 0.8165477421880936,
  "spinnet_trimrmse_5mm": 0.0012211518503704574,
  "spinnet_trimrmse_10mm": 0.0017575514971266645,
  "spinnet_chamfer": 0.01667877039958911,
  "fpfh_T_icp": [
    [
      1.0,
      0.0,
      0.0,
      0.0
    ],
    [
      0.0,
      1.0,
      0.0,
      0.0
    ],
    [
      0.0,
      0.0,
      1.0,
      0.0
    ],
    [
      0.0,
      0.0,
      0.0,
      1.0
    ]
  ],
  "spinnet_T_icp": [
    [
      0.4415918926329911,
      -0.04349299600613822,
      0.8961612353026785,
      4.248413405330215
    ],
    [
      0.8933240791697546,
      0.1142460437014898,
      -0.43464920461685785,
      -1.5721923353693736
    ],
    [
      -0.08347867953149878,
      0.992499975212578,
      0.08930346727148954,
      0.5782889035389891
    ],
    [
      0.0,
      0.0,
      0.0,
      1.0
    ]
  ]
}