{
  "K": 5242,
  "seed": 4,
  "voxel_size": 0.005,
  "patch_radius": 0.3,
  "ref_support_n": 52425,
  "mov_support_n": 59566,
  "ref_kp_n": 5242,
  "mov_kp_n": 5242,
  "fpfh_feat_s": 0.41292389668524265,
  "fpfh_ransac_s": 0.4398196144029498,
  "fpfh_icp_s": 5.646356508135796,
  "fpfh_total_s": 6.499100019223988,
  "fpfh_ransac_fitness": 0.0,
  "fpfh_ransac_rmse": 0.0,
  "fpfh_icp_fitness": 0.0,
  "fpfh_icp_rmse": 0.0,
  "fpfh_cov_5mm": 0.0,
  "fpfh_cov_10mm": 0.0,
  "fpfh_trimrmse_5mm": NaN,
  "fpfh_trimrmse_10mm": NaN,
  "fpfh_chamfer": 8.107914416820307,
  "spinnet_ref_feat_s": 29.430592618882656,
  "spinnet_mov_feat_s": 30.38284009322524,
  "spinnet_feat_s": 59.8134327121079,
  "spinnet_ransac_s": 1.1906441114842892,
  "spinnet_icp_s": 8.903829886578023,
  "spinnet_total_s": 69.90790671017021,
  "spinnet_ransac_fitness": 0.1985883250667684,
  "spinnet_ransac_rmse": 0.005475968779999885,
  "spinnet_icp_fitness": 0.7907028524342994,
  "spinnet_icp_rmse": 0.0012211518480478856,
  "spinnet_cov_5mm": 0.7907028524342994,
  "spinnet_cov_10mm": 0.8165477421880936,
  "spinnet_trimrmse_5mm": 0.0012211518480478851,
  "spinnet_trimrmse_10mm": 0.0017575514331007484,
  "spinnet_chamfer": 0.016678770144026335,
  "fpfh_T_icp": [
    [
      1.0,
      0.0,
      0.0,
      0.0
    ],
    [
      0.0,
      1.0,
      0.0,
      0.0
    ],
    [
      0.0,
      0.0,
      1.0,
      0.0
    ],
    [
      0.0,
      0.0,
      0.0,
      1.0
    ]
  ],
  "spinnet_T_icp": [
    [
      0.4415918892481921,
      -0.04349296841095276,
      0.8961612383098354,
      4.24841343524035
    ],
    [
      0.8933240797676287,
      0.11424604272743309,
      -0.4346492036440881,
      -1.572192339324498
    ],
    [
      -0.08347869103867693,
      0.9924999765339672,
      0.08930344182921379,
      0.5782887825552453
    ],
    [
      0.0,
      0.0,
      0.0,
      1.0
    ]
  ]
}