{
  "K": 9814,
  "seed": 1,
  "voxel_size": 0.005,
  "patch_radius": 0.3,
  "ref_support_n": 196290,
  "mov_support_n": 400580,
  "ref_kp_n": 9814,
  "mov_kp_n": 9814,
  "fpfh_feat_s": 2.2829623324796557,
  "fpfh_ransac_s": 1.736755408346653,
  "fpfh_icp_s": 0.8020525267347693,
  "fpfh_total_s": 4.821770267561078,
  "fpfh_ransac_fitness": 0.0,
  "fpfh_ransac_rmse": 0.0,
  "fpfh_icp_fitness": 0.0,
  "fpfh_icp_rmse": 0.0,
  "fpfh_cov_5mm": 0.0,
  "fpfh_cov_10mm": 0.0,
  "fpfh_trimrmse_5mm": NaN,
  "fpfh_trimrmse_10mm": NaN,
  "fpfh_chamfer": 6.64051921124479,
  "spinnet_ref_feat_s": 50.893440805375576,
  "spinnet_mov_feat_s": 75.20115565881133,
  "spinnet_feat_s": 126.0945964641869,
  "spinnet_ransac_s": 2.5147148491814733,
  "spinnet_icp_s": 13.214771026745439,
  "spinnet_total_s": 141.82408234011382,
  "spinnet_ransac_fitness": 0.13368657020582841,
  "spinnet_ransac_rmse": 0.00562903662244795,
  "spinnet_icp_fitness": 0.6422938072311601,
  "spinnet_icp_rmse": 0.0033244966331807094,
  "spinnet_cov_5mm": 0.6422938072311601,
  "spinnet_cov_10mm": 0.9361636694748946,
  "spinnet_trimrmse_5mm": 0.003324496633180686,
  "spinnet_trimrmse_10mm": 0.004697904403396959,
  "spinnet_chamfer": 0.008634841608987072,
  "fpfh_T_icp": [
    [
      1.0,
      0.0,
      0.0,
      0.0
    ],
    [
      0.0,
      1.0,
      0.0,
      0.0
    ],
    [
      0.0,
      0.0,
      1.0,
      0.0
    ],
    [
      0.0,
      0.0,
      0.0,
      1.0
    ]
  ],
  "spinnet_T_icp": [
    [
      0.006233807055954817,
      -0.9182012198249556,
      0.3960652213481496,
      1.6228018063166174
    ],
    [
      0.05047162218249605,
      -0.3952791956402272,
      -0.9171733603023494,
      -4.466292770533103
    ],
    [
      0.9987060403361284,
      0.025707535976496488,
      0.043879010815657656,
      0.04445319596581457
    ],
    [
      0.0,
      0.0,
      0.0,
      1.0
    ]
  ],
  "combine_w_fpfh": 1.0,
  "combine_w_spinnet": 1.0,
  "combine_feat_s": 128.37755879666656,
  "combine_ransac_s": 6.981897198595107,
  "combine_icp_s": 13.070002724416554,
  "combine_total_s": 148.42945871967822,
  "combine_ransac_fitness": 0.13103729366211533,
  "combine_ransac_rmse": 0.0056249844842091255,
  "combine_icp_fitness": 0.6425403167526907,
  "combine_icp_rmse": 0.003358854771562268,
  "combine_cov_5mm": 0.6425403167526907,
  "combine_cov_10mm": 0.9513035295024522,
  "combine_trimrmse_5mm": 0.003358854771562207,
  "combine_trimrmse_10mm": 0.004728272895845341,
  "combine_chamfer": 0.008446108854929517,
  "combine_T_icp": [
    [
      0.00716651131317428,
      -0.9183883101433159,
      0.3956154103516493,
      1.6195754338946138
    ],
    [
      0.051237741204057045,
      -0.3947686371126075,
      -0.9173507600850268,
      -4.462619657863693
    ],
    [
      0.9986607707284473,
      0.02684464461223155,
      0.044227028656000186,
      0.046175585329019164
    ],
    [
      0.0,
      0.0,
      0.0,
      1.0
    ]
  ]
}