{
  "K": 39258,
  "seed": 1,
  "voxel_size": 0.005,
  "patch_radius": 0.3,
  "ref_support_n": 196290,
  "mov_support_n": 400580,
  "ref_kp_n": 39258,
  "mov_kp_n": 39258,
  "fpfh_feat_s": 2.1989898150786757,
  "fpfh_ransac_s": 18.94690070860088,
  "fpfh_icp_s": 0.7064671097323298,
  "fpfh_total_s": 21.852357633411884,
  "fpfh_ransac_fitness": 0.0,
  "fpfh_ransac_rmse": 0.0,
  "fpfh_icp_fitness": 0.0,
  "fpfh_icp_rmse": 0.0,
  "fpfh_cov_5mm": 0.0,
  "fpfh_cov_10mm": 0.0,
  "fpfh_trimrmse_5mm": NaN,
  "fpfh_trimrmse_10mm": NaN,
  "fpfh_chamfer": 6.64051921124479,
  "spinnet_ref_feat_s": 233.59023942425847,
  "spinnet_mov_feat_s": 305.47935877740383,
  "spinnet_feat_s": 539.0695982016623,
  "spinnet_ransac_s": 29.096884357742965,
  "spinnet_icp_s": 11.216949060559273,
  "spinnet_total_s": 579.3834316199645,
  "spinnet_ransac_fitness": 0.4037393652249223,
  "spinnet_ransac_rmse": 0.005391152589036422,
  "spinnet_icp_fitness": 0.6426728055834808,
  "spinnet_icp_rmse": 0.003326085585035942,
  "spinnet_cov_5mm": 0.6426728055834808,
  "spinnet_cov_10mm": 0.9368092514140172,
  "spinnet_trimrmse_5mm": 0.0033260855850359397,
  "spinnet_trimrmse_10mm": 0.004696801604087157,
  "spinnet_chamfer": 0.008622572582157163,
  "fpfh_T_icp": [
    [
      1.0,
      0.0,
      0.0,
      0.0
    ],
    [
      0.0,
      1.0,
      0.0,
      0.0
    ],
    [
      0.0,
      0.0,
      1.0,
      0.0
    ],
    [
      0.0,
      0.0,
      0.0,
      1.0
    ]
  ],
  "spinnet_T_icp": [
    [
      0.006259007669357341,
      -0.9182055561374319,
      0.39605477083523505,
      1.6227347341228635
    ],
    [
      0.05046504974047496,
      -0.39526782029288005,
      -0.9171786243669388,
      -4.466227477695203
    ],
    [
      0.9987062148488409,
      0.02572755175423492,
      0.043863304743792575,
      0.0443672246116087
    ],
    [
      0.0,
      0.0,
      0.0,
      1.0
    ]
  ],
  "combine_w_fpfh": 1.0,
  "combine_w_spinnet": 1.0,
  "combine_feat_s": 541.268588016741,
  "combine_ransac_s": 289.17239394877106,
  "combine_icp_s": 11.433867928571999,
  "combine_total_s": 841.874849894084,
  "combine_ransac_fitness": 0.4081206378317795,
  "combine_ransac_rmse": 0.005392854418673577,
  "combine_icp_fitness": 0.6427466781436789,
  "combine_icp_rmse": 0.0033264153124175277,
  "combine_cov_5mm": 0.6427466781436789,
  "combine_cov_10mm": 0.9369818883753497,
  "combine_trimrmse_5mm": 0.003326415312417511,
  "combine_trimrmse_10mm": 0.004696716010820032,
  "combine_chamfer": 0.008619661166524368,
  "combine_T_icp": [
    [
      0.006264505081642428,
      -0.9182067225330136,
      0.396051979759307,
      1.622717553662891
    ],
    [
      0.050462969137459755,
      -0.3952648447745702,
      -0.9171800211687947,
      -4.466212287581671
    ],
    [
      0.9987062855123788,
      0.025731637734815523,
      0.043859298872306905,
      0.04434531900525817
    ],
    [
      0.0,
      0.0,
      0.0,
      1.0
    ]
  ]
}