{
  "K": 9814,
  "seed": 3,
  "voxel_size": 0.005,
  "patch_radius": 0.3,
  "ref_support_n": 196290,
  "mov_support_n": 400580,
  "ref_kp_n": 9814,
  "mov_kp_n": 9814,
  "fpfh_feat_s": 2.1658864291384816,
  "fpfh_ransac_s": 1.7504225689917803,
  "fpfh_icp_s": 1.5652628419920802,
  "fpfh_total_s": 5.481571840122342,
  "fpfh_ransac_fitness": 0.0,
  "fpfh_ransac_rmse": 0.0,
  "fpfh_icp_fitness": 0.0,
  "fpfh_icp_rmse": 0.0,
  "fpfh_cov_5mm": 0.0,
  "fpfh_cov_10mm": 0.0,
  "fpfh_trimrmse_5mm": NaN,
  "fpfh_trimrmse_10mm": NaN,
  "fpfh_chamfer": 6.64051921124479,
  "spinnet_ref_feat_s": 51.96830424387008,
  "spinnet_mov_feat_s": 78.08323767688125,
  "spinnet_feat_s": 130.05154192075133,
  "spinnet_ransac_s": 2.536485183984041,
  "spinnet_icp_s": 4.282995229586959,
  "spinnet_total_s": 136.87102233432233,
  "spinnet_ransac_fitness": 0.13898512329325455,
  "spinnet_ransac_rmse": 0.005568073931355004,
  "spinnet_icp_fitness": 0.6375812196680873,
  "spinnet_icp_rmse": 0.003310834976298867,
  "spinnet_cov_5mm": 0.6375812196680873,
  "spinnet_cov_10mm": 0.9300699862211615,
  "spinnet_trimrmse_5mm": 0.0033108349762988724,
  "spinnet_trimrmse_10mm": 0.004707390140098293,
  "spinnet_chamfer": 0.008754706915158358,
  "fpfh_T_icp": [
    [
      1.0,
      0.0,
      0.0,
      0.0
    ],
    [
      0.0,
      1.0,
      0.0,
      0.0
    ],
    [
      0.0,
      0.0,
      1.0,
      0.0
    ],
    [
      0.0,
      0.0,
      0.0,
      1.0
    ]
  ],
  "spinnet_T_icp": [
    [
      0.006110584122170325,
      -0.9181581448235541,
      0.396166987337228,
      1.6234891339091373
    ],
    [
      0.05034114765840112,
      -0.39538959920337713,
      -0.917132942214065,
      -4.466913859346242
    ],
    [
      0.9987133871207106,
      0.02554771880153973,
      0.04380507333536277,
      0.044440412388880184
    ],
    [
      0.0,
      0.0,
      0.0,
      1.0
    ]
  ]
}