{
  "K": 2621,
  "seed": 1,
  "voxel_size": 0.005,
  "patch_radius": 0.3,
  "ref_support_n": 52425,
  "mov_support_n": 59566,
  "ref_kp_n": 2621,
  "mov_kp_n": 2621,
  "fpfh_feat_s": 0.3581217788159847,
  "fpfh_ransac_s": 0.18919712770730257,
  "fpfh_icp_s": 5.100742324255407,
  "fpfh_total_s": 5.648061230778694,
  "fpfh_ransac_fitness": 0.0,
  "fpfh_ransac_rmse": 0.0,
  "fpfh_icp_fitness": 0.0,
  "fpfh_icp_rmse": 0.0,
  "fpfh_cov_5mm": 0.0,
  "fpfh_cov_10mm": 0.0,
  "fpfh_trimrmse_5mm": NaN,
  "fpfh_trimrmse_10mm": NaN,
  "fpfh_chamfer": 8.107914416820307,
  "spinnet_ref_feat_s": 14.557697018608451,
  "spinnet_mov_feat_s": 15.024018230848014,
  "spinnet_feat_s": 29.581715249456465,
  "spinnet_ransac_s": 0.34744000155478716,
  "spinnet_icp_s": 45.748218030668795,
  "spinnet_total_s": 75.67737328168005,
  "spinnet_ransac_fitness": 0.07401755055322395,
  "spinnet_ransac_rmse": 0.005754755012312801,
  "spinnet_icp_fitness": 0.30688710063874425,
  "spinnet_icp_rmse": 0.002279667576618974,
  "spinnet_cov_5mm": 0.30688710063874425,
  "spinnet_cov_10mm": 0.44244522753437704,
  "spinnet_trimrmse_5mm": 0.0022796675766191578,
  "spinnet_trimrmse_10mm": 0.0045627751827501135,
  "spinnet_chamfer": 0.036964193476797295,
  "fpfh_T_icp": [
    [
      1.0,
      0.0,
      0.0,
      0.0
    ],
    [
      0.0,
      1.0,
      0.0,
      0.0
    ],
    [
      0.0,
      0.0,
      1.0,
      0.0
    ],
    [
      0.0,
      0.0,
      0.0,
      1.0
    ]
  ],
  "spinnet_T_icp": [
    [
      0.36322229760236463,
      -0.04646471386782858,
      0.9305431708898091,
      4.3950076835029455
    ],
    [
      0.9273916694933128,
      0.11399551114891121,
      -0.356300034791361,
      -1.1831079817876962
    ],
    [
      -0.0895223652440331,
      0.992394102059812,
      0.08449670004227774,
      0.5535379912948193
    ],
    [
      0.0,
      0.0,
      0.0,
      1.0
    ]
  ],
  "combine_w_fpfh": 1.0,
  "combine_w_spinnet": 1.0,
  "combine_feat_s": 29.93983702827245,
  "combine_ransac_s": 0.6167391128838062,
  "combine_icp_s": 15.319368445314467,
  "combine_total_s": 45.87594458647072,
  "combine_ransac_fitness": 0.28424265547500954,
  "combine_ransac_rmse": 0.005388970818935851,
  "combine_icp_fitness": 0.7906975928750504,
  "combine_icp_rmse": 0.0012219123523226827,
  "combine_cov_5mm": 0.7906975928750504,
  "combine_cov_10mm": 0.8165588457020635,
  "combine_trimrmse_5mm": 0.001221912352322696,
  "combine_trimrmse_10mm": 0.0017582064565015041,
  "combine_chamfer": 0.016680942276150083,
  "combine_T_icp": [
    [
      0.441589997956273,
      -0.043508558094040174,
      0.8961614135174331,
      4.248506190545429
    ],
    [
      0.8933284406926791,
      0.11421265268899651,
      -0.43464901589136223,
      -1.572301283755071
    ],
    [
      -0.0834420203169201,
      0.9925031361856393,
      0.08930259742645026,
      0.5783071496153387
    ],
    [
      0.0,
      0.0,
      0.0,
      1.0
    ]
  ]
}