{
  "K": 24577,
  "seed": 3,
  "voxel_size": 0.005,
  "patch_radius": 0.3,
  "ref_support_n": 61443,
  "mov_support_n": 65640,
  "ref_kp_n": 24577,
  "mov_kp_n": 24577,
  "fpfh_feat_s": 0.43942674715071917,
  "fpfh_ransac_s": 4.049804592505097,
  "fpfh_icp_s": 2.832788157276809,
  "fpfh_total_s": 7.322019496932626,
  "fpfh_ransac_fitness": 0.8763071164096513,
  "fpfh_ransac_rmse": 0.003810195844896163,
  "fpfh_icp_fitness": 0.9862435263653484,
  "fpfh_icp_rmse": 0.001463853521556382,
  "fpfh_cov_5mm": 0.9862435263653484,
  "fpfh_cov_10mm": 0.9974914665725048,
  "fpfh_trimrmse_5mm": 0.0014638535215563853,
  "fpfh_trimrmse_10mm": 0.001622999897896529,
  "fpfh_chamfer": 0.0029856369261960372,
  "spinnet_ref_feat_s": 140.5287322225049,
  "spinnet_mov_feat_s": 144.4886707244441,
  "spinnet_feat_s": 285.017402946949,
  "spinnet_ransac_s": 20.30951253604144,
  "spinnet_icp_s": 3.1412881510332227,
  "spinnet_total_s": 308.46820363402367,
  "spinnet_ransac_fitness": 0.0,
  "spinnet_ransac_rmse": 0.0,
  "spinnet_icp_fitness": 0.0,
  "spinnet_icp_rmse": 0.0,
  "spinnet_cov_5mm": 0.0,
  "spinnet_cov_10mm": 0.0,
  "spinnet_trimrmse_5mm": NaN,
  "spinnet_trimrmse_10mm": NaN,
  "spinnet_chamfer": 3.435376785446324,
  "fpfh_T_icp": [
    [
      -0.9792731076130742,
      0.021050542435466665,
      0.2014474009983878,
      -0.039707180902852156
    ],
    [
      -0.20151402787690278,
      -0.0010713331525924834,
      -0.9794850426699238,
      -2.32070150563048
    ],
    [
      -0.020402874176435062,
      -0.9997778387764199,
      0.005291107340792751,
      -0.8192705789574127
    ],
    [
      0.0,
      0.0,
      0.0,
      1.0
    ]
  ],
  "spinnet_T_icp": [
    [
      1.0,
      0.0,
      0.0,
      0.0
    ],
    [
      0.0,
      1.0,
      0.0,
      0.0
    ],
    [
      0.0,
      0.0,
      1.0,
      0.0
    ],
    [
      0.0,
      0.0,
      0.0,
      1.0
    ]
  ]
}