{
  "K": 40022,
  "seed": 3,
  "voxel_size": 0.005,
  "patch_radius": 0.3,
  "ref_support_n": 200112,
  "mov_support_n": 457980,
  "ref_kp_n": 40022,
  "mov_kp_n": 40022,
  "fpfh_feat_s": 2.4239990301430225,
  "fpfh_ransac_s": 23.006595510058105,
  "fpfh_icp_s": 4.933261148631573,
  "fpfh_total_s": 30.3638556888327,
  "fpfh_ransac_fitness": 0.0,
  "fpfh_ransac_rmse": 0.0,
  "fpfh_icp_fitness": 0.0011591471428902842,
  "fpfh_icp_rmse": 0.003521623448352247,
  "fpfh_cov_5mm": 0.0011591471428902842,
  "fpfh_cov_10mm": 0.0032822503293849802,
  "fpfh_trimrmse_5mm": 0.003521623448352246,
  "fpfh_trimrmse_10mm": 0.006468548816129202,
  "fpfh_chamfer": 2.0708245160856578,
  "spinnet_ref_feat_s": 203.32568117510527,
  "spinnet_mov_feat_s": 310.9931410122663,
  "spinnet_feat_s": 514.3188221873716,
  "spinnet_ransac_s": 48.714669291861355,
  "spinnet_icp_s": 6.043545687571168,
  "spinnet_total_s": 569.0770371668041,
  "spinnet_ransac_fitness": 0.28154515016740794,
  "spinnet_ransac_rmse": 0.005490298886279501,
  "spinnet_icp_fitness": 0.4541080926709742,
  "spinnet_icp_rmse": 0.0034304113658048933,
  "spinnet_cov_5mm": 0.4541080926709742,
  "spinnet_cov_10mm": 0.8233808538330653,
  "spinnet_trimrmse_5mm": 0.003430411365804869,
  "spinnet_trimrmse_10mm": 0.005402325192830617,
  "spinnet_chamfer": 0.012711283098201303,
  "fpfh_T_icp": [
    [
      0.9999129859183817,
      -0.004355788273684248,
      -0.012451815141055832,
      -0.010954685334136465
    ],
    [
      0.004290801227431482,
      0.9999770599893365,
      -0.005241041873188171,
      -0.0029817545998713107
    ],
    [
      0.012474358365016829,
      0.005187157565051588,
      0.9999087377254896,
      0.00275246401856509
    ],
    [
      0.0,
      0.0,
      0.0,
      1.0
    ]
  ],
  "spinnet_T_icp": [
    [
      -0.04099756325552472,
      -0.974382824618757,
      0.22112736351500104,
      0.13987046397845526
    ],
    [
      0.009215155655963222,
      -0.22167276124106794,
      -0.9750775701604435,
      -2.1679709363742194
    ],
    [
      0.9991167502916568,
      -0.03793808128711231,
      0.018067132448365955,
      -0.0414301262102721
    ],
    [
      0.0,
      0.0,
      0.0,
      1.0
    ]
  ],
  "combine_w_fpfh": 1.0,
  "combine_w_spinnet": 1.0,
  "combine_feat_s": 516.7428212175146,
  "combine_ransac_s": 361.25412401743233,
  "combine_icp_s": 3.9090198492631316,
  "combine_total_s": 881.90596508421,
  "combine_ransac_fitness": 0.26670331317775225,
  "combine_ransac_rmse": 0.0055248253050006685,
  "combine_icp_fitness": 0.4484075526156007,
  "combine_icp_rmse": 0.0034537009525603996,
  "combine_cov_5mm": 0.4484075526156007,
  "combine_cov_10mm": 0.8107502297895216,
  "combine_trimrmse_5mm": 0.0034537009525604,
  "combine_trimrmse_10mm": 0.005410758920876373,
  "combine_chamfer": 0.013024831730894668,
  "combine_T_icp": [
    [
      -0.0421464055831345,
      -0.9743196591290971,
      0.221189697614946,
      0.13783471712689818
    ],
    [
      0.008665114158977336,
      -0.22173454330414208,
      -0.9750685658466901,
      -2.1611119878933973
    ],
    [
      0.9990738692874728,
      -0.03917900126691659,
      0.017787905067576763,
      -0.04324234447727176
    ],
    [
      0.0,
      0.0,
      0.0,
      1.0
    ]
  ]
}