{
  "K": 20232,
  "seed": 3,
  "voxel_size": 0.005,
  "patch_radius": 0.3,
  "ref_support_n": 202322,
  "mov_support_n": 470991,
  "ref_kp_n": 20232,
  "mov_kp_n": 20232,
  "fpfh_feat_s": 2.4514336939901114,
  "fpfh_ransac_s": 6.703847045078874,
  "fpfh_icp_s": 0.8486226322129369,
  "fpfh_total_s": 10.003903371281922,
  "fpfh_ransac_fitness": 0.0,
  "fpfh_ransac_rmse": 0.0,
  "fpfh_icp_fitness": 0.0,
  "fpfh_icp_rmse": 0.0,
  "fpfh_cov_5mm": 0.0,
  "fpfh_cov_10mm": 0.0,
  "fpfh_trimrmse_5mm": NaN,
  "fpfh_trimrmse_10mm": NaN,
  "fpfh_chamfer": 12.585496376008571,
  "spinnet_ref_feat_s": 101.89527454972267,
  "spinnet_mov_feat_s": 151.7586383279413,
  "spinnet_feat_s": 253.65391287766397,
  "spinnet_ransac_s": 9.616278259083629,
  "spinnet_icp_s": 2.3370993863791227,
  "spinnet_total_s": 265.6072905231267,
  "spinnet_ransac_fitness": 0.24945630684064848,
  "spinnet_ransac_rmse": 0.00529137084378833,
  "spinnet_icp_fitness": 0.7843099598142504,
  "spinnet_icp_rmse": 0.0029113681345817443,
  "spinnet_cov_5mm": 0.7843099598142504,
  "spinnet_cov_10mm": 0.9405811786694909,
  "spinnet_trimrmse_5mm": 0.002911368134581749,
  "spinnet_trimrmse_10mm": 0.003809295947252543,
  "spinnet_chamfer": 0.00636289128789146,
  "fpfh_T_icp": [
    [
      1.0,
      0.0,
      0.0,
      0.0
    ],
    [
      0.0,
      1.0,
      0.0,
      0.0
    ],
    [
      0.0,
      0.0,
      1.0,
      0.0
    ],
    [
      0.0,
      0.0,
      0.0,
      1.0
    ]
  ],
  "spinnet_T_icp": [
    [
      0.019393198965329584,
      -0.6825327109083005,
      -0.7305977021412388,
      -5.865651048382367
    ],
    [
      0.008843877559458218,
      0.7308236461356534,
      -0.6825090358952778,
      -5.083946168799417
    ],
    [
      0.9997728190262044,
      0.006774716905793914,
      0.020209244103673994,
      0.11893344981875704
    ],
    [
      0.0,
      0.0,
      0.0,
      1.0
    ]
  ],
  "combine_w_fpfh": 1.0,
  "combine_w_spinnet": 1.0,
  "combine_feat_s": 256.1053465716541,
  "combine_ransac_s": 35.84349550586194,
  "combine_icp_s": 5.357987164519727,
  "combine_total_s": 297.30682924203575,
  "combine_ransac_fitness": 0.23630881771451168,
  "combine_ransac_rmse": 0.00539747853309059,
  "combine_icp_fitness": 0.7843252273455951,
  "combine_icp_rmse": 0.0029113885900365903,
  "combine_cov_5mm": 0.7843252273455951,
  "combine_cov_10mm": 0.9405739466809592,
  "combine_trimrmse_5mm": 0.002911388590036574,
  "combine_trimrmse_10mm": 0.003809243318385391,
  "combine_chamfer": 0.006363001990163151,
  "combine_T_icp": [
    [
      0.01939593902538213,
      -0.682531144675543,
      -0.7305990925926684,
      -5.865642180721378
    ],
    [
      0.008849506458956042,
      0.7308251300684147,
      -0.6825073739498556,
      -5.0839153943648325
    ],
    [
      0.999772716063386,
      0.006772430020698849,
      0.020215103434269004,
      0.1189661261353257
    ],
    [
      0.0,
      0.0,
      0.0,
      1.0
    ]
  ]
}