{
  "K": 9814,
  "seed": 0,
  "voxel_size": 0.005,
  "patch_radius": 0.3,
  "ref_support_n": 196290,
  "mov_support_n": 400580,
  "ref_kp_n": 9814,
  "mov_kp_n": 9814,
  "fpfh_feat_s": 2.241755176335573,
  "fpfh_ransac_s": 1.7250221325084567,
  "fpfh_icp_s": 0.7692272132262588,
  "fpfh_total_s": 4.736004522070289,
  "fpfh_ransac_fitness": 0.0,
  "fpfh_ransac_rmse": 0.0,
  "fpfh_icp_fitness": 0.0,
  "fpfh_icp_rmse": 0.0,
  "fpfh_cov_5mm": 0.0,
  "fpfh_cov_10mm": 0.0,
  "fpfh_trimrmse_5mm": NaN,
  "fpfh_trimrmse_10mm": NaN,
  "fpfh_chamfer": 6.64051921124479,
  "spinnet_ref_feat_s": 50.84238995984197,
  "spinnet_mov_feat_s": 79.96511984243989,
  "spinnet_feat_s": 130.80750980228186,
  "spinnet_ransac_s": 2.4817584194242954,
  "spinnet_icp_s": 8.190111171454191,
  "spinnet_total_s": 141.47937939316034,
  "spinnet_ransac_fitness": 0.12604442632973303,
  "spinnet_ransac_rmse": 0.005630649686208183,
  "spinnet_icp_fitness": 0.6438852791258628,
  "spinnet_icp_rmse": 0.0033597596161630845,
  "spinnet_cov_5mm": 0.6438852791258628,
  "spinnet_cov_10mm": 0.951331633193832,
  "spinnet_trimrmse_5mm": 0.00335975961616309,
  "spinnet_trimrmse_10mm": 0.004715718288117155,
  "spinnet_chamfer": 0.008428720224237934,
  "fpfh_T_icp": [
    [
      1.0,
      0.0,
      0.0,
      0.0
    ],
    [
      0.0,
      1.0,
      0.0,
      0.0
    ],
    [
      0.0,
      0.0,
      1.0,
      0.0
    ],
    [
      0.0,
      0.0,
      0.0,
      1.0
    ]
  ],
  "spinnet_T_icp": [
    [
      0.0070805507713277436,
      -0.9183683871968655,
      0.3956632042510419,
      1.6199652141696608
    ],
    [
      0.05108550166412102,
      -0.39482425694656237,
      -0.9173353136374556,
      -4.46313455291011
    ],
    [
      0.9986691831234783,
      0.026707892541739445,
      0.04411973657535958,
      0.04563072617671708
    ],
    [
      0.0,
      0.0,
      0.0,
      1.0
    ]
  ],
  "combine_w_fpfh": 1.0,
  "combine_w_spinnet": 1.0,
  "combine_feat_s": 133.04926497861743,
  "combine_ransac_s": 6.951890968717635,
  "combine_icp_s": 11.287960512563586,
  "combine_total_s": 151.28911645989865,
  "combine_ransac_fitness": 0.12441410230283269,
  "combine_ransac_rmse": 0.005597597918936921,
  "combine_icp_fitness": 0.6426061596867804,
  "combine_icp_rmse": 0.003358799842180198,
  "combine_cov_5mm": 0.6426061596867804,
  "combine_cov_10mm": 0.9513854316887589,
  "combine_trimrmse_5mm": 0.003358799842180224,
  "combine_trimrmse_10mm": 0.004727068375139992,
  "combine_chamfer": 0.008443326773509915,
  "combine_T_icp": [
    [
      0.007183614262688166,
      -0.9183837383591514,
      0.3956257130212766,
      1.6196527917952457
    ],
    [
      0.05118337935278411,
      -0.39477963321018117,
      -0.9173490627239317,
      -4.4626728273662435
    ],
    [
      0.9986634354797206,
      0.026839342762130434,
      0.04417003866811676,
      0.045871282930371654
    ],
    [
      0.0,
      0.0,
      0.0,
      1.0
    ]
  ]
}