{
  "K": 20011,
  "seed": 3,
  "voxel_size": 0.005,
  "patch_radius": 0.3,
  "ref_support_n": 200112,
  "mov_support_n": 457980,
  "ref_kp_n": 20011,
  "mov_kp_n": 20011,
  "fpfh_feat_s": 2.4060010462999344,
  "fpfh_ransac_s": 6.2332069762051105,
  "fpfh_icp_s": 4.392733664251864,
  "fpfh_total_s": 13.031941686756909,
  "fpfh_ransac_fitness": 0.0,
  "fpfh_ransac_rmse": 0.0,
  "fpfh_icp_fitness": 0.0011591471428902842,
  "fpfh_icp_rmse": 0.003521623448352234,
  "fpfh_cov_5mm": 0.0011591471428902842,
  "fpfh_cov_10mm": 0.0032822503293849802,
  "fpfh_trimrmse_5mm": 0.003521623448352235,
  "fpfh_trimrmse_10mm": 0.0064685488161291965,
  "fpfh_chamfer": 2.0708245160856578,
  "spinnet_ref_feat_s": 102.28828168474138,
  "spinnet_mov_feat_s": 155.51667501125485,
  "spinnet_feat_s": 257.8049566959962,
  "spinnet_ransac_s": 10.163463110104203,
  "spinnet_icp_s": 9.228395371697843,
  "spinnet_total_s": 277.19681517779827,
  "spinnet_ransac_fitness": 0.14656938683723952,
  "spinnet_ransac_rmse": 0.005673178382623893,
  "spinnet_icp_fitness": 0.45054985492661537,
  "spinnet_icp_rmse": 0.003430796259200936,
  "spinnet_cov_5mm": 0.45054985492661537,
  "spinnet_cov_10mm": 0.8124837507409662,
  "spinnet_trimrmse_5mm": 0.0034307962592009075,
  "spinnet_trimrmse_10mm": 0.005400337900211881,
  "spinnet_chamfer": 0.013247432637676849,
  "fpfh_T_icp": [
    [
      0.9999129859183805,
      -0.00435578827368435,
      -0.01245181514105576,
      -0.010954685334136552
    ],
    [
      0.004290801227431554,
      0.9999770599893347,
      -0.00524104187318811,
      -0.00298175459987192
    ],
    [
      0.012474358365016728,
      0.005187157565051311,
      0.9999087377254895,
      0.0027524640185650905
    ],
    [
      0.0,
      0.0,
      0.0,
      1.0
    ]
  ],
  "spinnet_T_icp": [
    [
      -0.039598323398102604,
      -0.9744969211714374,
      0.22087943184342138,
      0.14119096148440563
    ],
    [
      0.00934719551318952,
      -0.22140439636685375,
      -0.9751372842864123,
      -2.174127045610285
    ],
    [
      0.9991719585337192,
      -0.036549198306437714,
      0.017876056138286942,
      -0.03975730469025623
    ],
    [
      0.0,
      0.0,
      0.0,
      1.0
    ]
  ],
  "combine_w_fpfh": 1.0,
  "combine_w_spinnet": 1.0,
  "combine_feat_s": 260.21095774229616,
  "combine_ransac_s": 47.31124212779105,
  "combine_icp_s": 7.34955295547843,
  "combine_total_s": 314.87175282556564,
  "combine_ransac_fitness": 0.16370995952226275,
  "combine_ransac_rmse": 0.005570222185651714,
  "combine_icp_fitness": 0.45378410744470055,
  "combine_icp_rmse": 0.0034190259458325685,
  "combine_cov_5mm": 0.45378410744470055,
  "combine_cov_10mm": 0.8221497099732252,
  "combine_trimrmse_5mm": 0.0034190259458326284,
  "combine_trimrmse_10mm": 0.005399489775221252,
  "combine_chamfer": 0.012767603566638495,
  "combine_T_icp": [
    [
      -0.04056098769850053,
      -0.9743953717174447,
      0.22115258500085194,
      0.14049759741984758
    ],
    [
      0.008742432716391524,
      -0.22167234842800596,
      -0.9750820169670921,
      -2.1698121408257034
    ],
    [
      0.9991388172557161,
      -0.03761687810080579,
      0.0175098353740888,
      -0.04251499463896896
    ],
    [
      0.0,
      0.0,
      0.0,
      1.0
    ]
  ]
}