{
  "K": 89606,
  "seed": 2,
  "voxel_size": 0.005,
  "patch_radius": 0.3,
  "ref_support_n": 451634,
  "mov_support_n": 448032,
  "ref_kp_n": 89606,
  "mov_kp_n": 89606,
  "fpfh_feat_s": 3.3825652953237295,
  "fpfh_ransac_s": 109.38064566720277,
  "fpfh_icp_s": 8.339263142086565,
  "fpfh_total_s": 121.10247410461307,
  "fpfh_ransac_fitness": 0.6297904158203692,
  "fpfh_ransac_rmse": 0.004993945834233824,
  "fpfh_icp_fitness": 0.8890690469956434,
  "fpfh_icp_rmse": 0.0021651155208555115,
  "fpfh_cov_5mm": 0.8890690469956434,
  "fpfh_cov_10mm": 0.9594019711698987,
  "fpfh_trimrmse_5mm": 0.002165115520855539,
  "fpfh_trimrmse_10mm": 0.002814651089728736,
  "fpfh_chamfer": 0.0058402314370956466,
  "spinnet_ref_feat_s": 670.4297952260822,
  "spinnet_mov_feat_s": 638.7774151489139,
  "spinnet_feat_s": 1309.207210374996,
  "spinnet_ransac_s": 220.41888099629432,
  "spinnet_icp_s": 8.792286492884159,
  "spinnet_total_s": 1538.4183778641745,
  "spinnet_ransac_fitness": 0.6766399571457269,
  "spinnet_ransac_rmse": 0.0048844245690357595,
  "spinnet_icp_fitness": 0.8890554350497997,
  "spinnet_icp_rmse": 0.002165045658812505,
  "spinnet_cov_5mm": 0.8890554350497997,
  "spinnet_cov_10mm": 0.9593955655483252,
  "spinnet_trimrmse_5mm": 0.0021650456588125145,
  "spinnet_trimrmse_10mm": 0.002814687418303191,
  "spinnet_chamfer": 0.005840245273156091,
  "fpfh_T_icp": [
    [
      0.007162423509318589,
      -0.9993675211815809,
      0.03483184314475478,
      -0.3748397447899119
    ],
    [
      -0.007000750702604302,
      -0.03488199618023396,
      -0.9993669175193289,
      0.9613300700492926
    ],
    [
      0.9999498433316937,
      0.006914040054107132,
      -0.007246162505565228,
      -0.10581211981603532
    ],
    [
      0.0,
      0.0,
      0.0,
      1.0
    ]
  ],
  "spinnet_T_icp": [
    [
      0.007162227031321054,
      -0.9993675013519776,
      0.03483245247552663,
      -0.3748409325220056
    ],
    [
      -0.007002744734491923,
      -0.03488261787389376,
      -0.9993668818489243,
      0.9613233045779329
    ],
    [
      0.9999498307765972,
      0.006913769722222575,
      -0.007248152736574495,
      -0.10580761715268375
    ],
    [
      0.0,
      0.0,
      0.0,
      1.0
    ]
  ],
  "combine_w_fpfh": 1.0,
  "combine_w_spinnet": 1.0,
  "combine_feat_s": 1312.5897756703198,
  "combine_ransac_s": 1747.6288145724684,
  "combine_icp_s": 6.292957976460457,
  "combine_total_s": 3066.5115482192487,
  "combine_ransac_fitness": 0.6813271432716559,
  "combine_ransac_rmse": 0.004850975555875353,
  "combine_icp_fitness": 0.8890714491037335,
  "combine_icp_rmse": 0.002165132568528379,
  "combine_cov_5mm": 0.8890714491037335,
  "combine_cov_10mm": 0.9593947648456286,
  "combine_trimrmse_5mm": 0.0021651325685283366,
  "combine_trimrmse_10mm": 0.0028146576306826454,
  "combine_chamfer": 0.005840271524049912,
  "combine_T_icp": [
    [
      0.007162189086952931,
      -0.9993674710050963,
      0.03483333093985102,
      -0.3748421569234403
    ],
    [
      -0.00700680384819629,
      -0.03488352412735177,
      -0.9993668217648048,
      0.96131909229279
    ],
    [
      0.9999498026137721,
      0.0069135838274318176,
      -0.00725221423742012,
      -0.10580052748037727
    ],
    [
      0.0,
      0.0,
      0.0,
      1.0
    ]
  ]
}