{
  "K": 20011,
  "seed": 1,
  "voxel_size": 0.005,
  "patch_radius": 0.3,
  "ref_support_n": 200112,
  "mov_support_n": 457980,
  "ref_kp_n": 20011,
  "mov_kp_n": 20011,
  "fpfh_feat_s": 2.3537802202627063,
  "fpfh_ransac_s": 6.2005686135962605,
  "fpfh_icp_s": 4.6264077527448535,
  "fpfh_total_s": 13.18075658660382,
  "fpfh_ransac_fitness": 0.0,
  "fpfh_ransac_rmse": 0.0,
  "fpfh_icp_fitness": 0.0011591471428902842,
  "fpfh_icp_rmse": 0.003521623448352236,
  "fpfh_cov_5mm": 0.0011591471428902842,
  "fpfh_cov_10mm": 0.0032822503293849802,
  "fpfh_trimrmse_5mm": 0.003521623448352236,
  "fpfh_trimrmse_10mm": 0.006468548816129183,
  "fpfh_chamfer": 2.0708245160856564,
  "spinnet_ref_feat_s": 100.21512474026531,
  "spinnet_mov_feat_s": 151.4555955901742,
  "spinnet_feat_s": 251.6707203304395,
  "spinnet_ransac_s": 10.863003447651863,
  "spinnet_icp_s": 8.956976580433547,
  "spinnet_total_s": 271.4907003585249,
  "spinnet_ransac_fitness": 0.1642596571885463,
  "spinnet_ransac_rmse": 0.00551477884939678,
  "spinnet_icp_fitness": 0.45353451882594153,
  "spinnet_icp_rmse": 0.0034174573277006037,
  "spinnet_cov_5mm": 0.45353451882594153,
  "spinnet_cov_10mm": 0.8210713591460229,
  "spinnet_trimrmse_5mm": 0.0034174573277006228,
  "spinnet_trimrmse_10mm": 0.005406213350612226,
  "spinnet_chamfer": 0.012882403985639338,
  "fpfh_T_icp": [
    [
      0.9999129859183802,
      -0.004355788273684185,
      -0.012451815141055872,
      -0.010954685334136589
    ],
    [
      0.004290801227431445,
      0.999977059989336,
      -0.005241041873187993,
      -0.0029817545998713606
    ],
    [
      0.012474358365016897,
      0.00518715756505171,
      0.99990873772549,
      0.002752464018567088
    ],
    [
      0.0,
      0.0,
      0.0,
      1.0
    ]
  ],
  "spinnet_T_icp": [
    [
      -0.04014401293676976,
      -0.9744291668114784,
      0.22107975278718128,
      0.14083501233786508
    ],
    [
      0.008825650218918218,
      -0.22159527141685204,
      -0.9750987865769909,
      -2.1714266290417483
    ],
    [
      0.9991549259867375,
      -0.0371932057343904,
      0.01749569443187495,
      -0.0419381397323335
    ],
    [
      0.0,
      0.0,
      0.0,
      1.0
    ]
  ],
  "combine_w_fpfh": 1.0,
  "combine_w_spinnet": 1.0,
  "combine_feat_s": 254.02450055070221,
  "combine_ransac_s": 32.9775149859488,
  "combine_icp_s": 9.179623168893158,
  "combine_total_s": 296.1816387055442,
  "combine_ransac_fitness": 0.15591424716405977,
  "combine_ransac_rmse": 0.005592446531422521,
  "combine_icp_fitness": 0.453585716491328,
  "combine_icp_rmse": 0.003418955098593248,
  "combine_cov_5mm": 0.453585716491328,
  "combine_cov_10mm": 0.8224568959655439,
  "combine_trimrmse_5mm": 0.003418955098593244,
  "combine_trimrmse_10mm": 0.005402390227187474,
  "combine_chamfer": 0.012760395880398546,
  "combine_T_icp": [
    [
      -0.04061580201881367,
      -0.9743881165369568,
      0.2211744898896421,
      0.14049632298036424
    ],
    [
      0.008650824939862726,
      -0.22169177565887227,
      -0.9750784172737427,
      -2.1696392625216574
    ],
    [
      0.9991373878772866,
      -0.03769025015561021,
      0.017433450289003567,
      -0.042851522201632755
    ],
    [
      0.0,
      0.0,
      0.0,
      1.0
    ]
  ]
}