{
  "K": 7279,
  "seed": 1,
  "voxel_size": 0.005,
  "patch_radius": 0.3,
  "ref_support_n": 36395,
  "mov_support_n": 51616,
  "ref_kp_n": 7279,
  "mov_kp_n": 7279,
  "fpfh_feat_s": 0.2866245359182358,
  "fpfh_ransac_s": 0.6289919028058648,
  "fpfh_icp_s": 1.6678849775344133,
  "fpfh_total_s": 2.583501416258514,
  "fpfh_ransac_fitness": 0.0,
  "fpfh_ransac_rmse": 0.0,
  "fpfh_icp_fitness": 0.0,
  "fpfh_icp_rmse": 0.0,
  "fpfh_cov_5mm": 0.0,
  "fpfh_cov_10mm": 0.0,
  "fpfh_trimrmse_5mm": NaN,
  "fpfh_trimrmse_10mm": NaN,
  "fpfh_chamfer": 0.7110959697585784,
  "spinnet_ref_feat_s": 36.75878391880542,
  "spinnet_mov_feat_s": 41.40444744285196,
  "spinnet_feat_s": 78.16323136165738,
  "spinnet_ransac_s": 2.493557562120259,
  "spinnet_icp_s": 15.274680150672793,
  "spinnet_total_s": 95.93146907445043,
  "spinnet_ransac_fitness": 0.10440994642121171,
  "spinnet_ransac_rmse": 0.005479727988005558,
  "spinnet_icp_fitness": 0.10598495066647601,
  "spinnet_icp_rmse": 0.003100047931739388,
  "spinnet_cov_5mm": 0.10598495066647601,
  "spinnet_cov_10mm": 0.2112278694796888,
  "spinnet_trimrmse_5mm": 0.0031000479317394,
  "spinnet_trimrmse_10mm": 0.005784151761908276,
  "spinnet_chamfer": 0.07409133024003428,
  "fpfh_T_icp": [
    [
      1.0,
      0.0,
      0.0,
      0.0
    ],
    [
      0.0,
      1.0,
      0.0,
      0.0
    ],
    [
      0.0,
      0.0,
      1.0,
      0.0
    ],
    [
      0.0,
      0.0,
      0.0,
      1.0
    ]
  ],
  "spinnet_T_icp": [
    [
      -0.4149987879229394,
      -0.23706627482703638,
      0.8783937541684385,
      0.10523032520472929
    ],
    [
      0.9056046345881973,
      -0.014781690488140596,
      0.4238652467927656,
      0.5156624996053915
    ],
    [
      -0.08750001048497,
      0.9713810184299182,
      0.22082270082395375,
      0.13305263950882965
    ],
    [
      0.0,
      0.0,
      0.0,
      1.0
    ]
  ]
}