{
  "K": 80045,
  "seed": 3,
  "voxel_size": 0.005,
  "patch_radius": 0.3,
  "ref_support_n": 200112,
  "mov_support_n": 457980,
  "ref_kp_n": 80045,
  "mov_kp_n": 80045,
  "fpfh_feat_s": 2.345339081250131,
  "fpfh_ransac_s": 137.825126321055,
  "fpfh_icp_s": 4.640457658097148,
  "fpfh_total_s": 144.81092306040227,
  "fpfh_ransac_fitness": 0.0,
  "fpfh_ransac_rmse": 0.0,
  "fpfh_icp_fitness": 0.0011591471428902842,
  "fpfh_icp_rmse": 0.0035216234483522483,
  "fpfh_cov_5mm": 0.0011591471428902842,
  "fpfh_cov_10mm": 0.0032822503293849802,
  "fpfh_trimrmse_5mm": 0.003521623448352252,
  "fpfh_trimrmse_10mm": 0.006468548816129206,
  "fpfh_chamfer": 2.07082451608566,
  "spinnet_ref_feat_s": 435.81256116740406,
  "spinnet_mov_feat_s": 660.2305228849873,
  "spinnet_feat_s": 1096.0430840523914,
  "spinnet_ransac_s": 296.41409926116467,
  "spinnet_icp_s": 5.645713406614959,
  "spinnet_total_s": 1398.102896720171,
  "spinnet_ransac_fitness": 0.36194640514710474,
  "spinnet_ransac_rmse": 0.005396522088787448,
  "spinnet_icp_fitness": 0.45385370427108523,
  "spinnet_icp_rmse": 0.0034212357591587093,
  "spinnet_cov_5mm": 0.45385370427108523,
  "spinnet_cov_10mm": 0.8229432737867153,
  "spinnet_trimrmse_5mm": 0.003421235759158698,
  "spinnet_trimrmse_10mm": 0.005403230795695272,
  "spinnet_chamfer": 0.012743173884641898,
  "fpfh_T_icp": [
    [
      0.999912985918381,
      -0.004355788273684215,
      -0.012451815141055839,
      -0.010954685334136481
    ],
    [
      0.004290801227431448,
      0.9999770599893357,
      -0.005241041873187992,
      -0.002981754599871149
    ],
    [
      0.012474358365016827,
      0.005187157565051271,
      0.9999087377254914,
      0.002752464018566424
    ],
    [
      0.0,
      0.0,
      0.0,
      1.0
    ]
  ],
  "spinnet_T_icp": [
    [
      -0.04067608229022895,
      -0.9743849133410943,
      0.22117752368357335,
      0.14039967010216747
    ],
    [
      0.008662588924450735,
      -0.221696309008669,
      -0.9750772821295054,
      -2.1692998130115715
    ],
    [
      0.9991348336849512,
      -0.037746353800233945,
      0.017458433267136666,
      -0.04283418130791272
    ],
    [
      0.0,
      0.0,
      0.0,
      1.0
    ]
  ],
  "combine_w_fpfh": 1.0,
  "combine_w_spinnet": 1.0,
  "combine_feat_s": 1098.3884231336415,
  "combine_ransac_s": 1724.387112768367,
  "combine_icp_s": 8.33825218398124,
  "combine_total_s": 2831.1137880859897,
  "combine_ransac_fitness": 0.40412268099194204,
  "combine_ransac_rmse": 0.005287525374926209,
  "combine_icp_fitness": 0.4472148070048006,
  "combine_icp_rmse": 0.003426823216796568,
  "combine_cov_5mm": 0.4472148070048006,
  "combine_cov_10mm": 0.8054536713125882,
  "combine_trimrmse_5mm": 0.0034268232167965406,
  "combine_trimrmse_10mm": 0.005391926194249091,
  "combine_chamfer": 0.013512188325850757,
  "combine_T_icp": [
    [
      -0.039128599807199176,
      -0.97450391178193,
      0.22093229415113885,
      0.14194385381248947
    ],
    [
      0.008316589206533869,
      -0.22141156524255004,
      -0.975144990819744,
      -2.176074843187847
    ],
    [
      0.999199573169005,
      -0.03631865496686768,
      0.016768073243511584,
      -0.04268888787206091
    ],
    [
      0.0,
      0.0,
      0.0,
      1.0
    ]
  ]
}