{
  "K": 3072,
  "seed": 4,
  "voxel_size": 0.005,
  "patch_radius": 0.3,
  "ref_support_n": 61443,
  "mov_support_n": 65640,
  "ref_kp_n": 3072,
  "mov_kp_n": 3072,
  "fpfh_feat_s": 0.36657677963376045,
  "fpfh_ransac_s": 0.2137175826355815,
  "fpfh_icp_s": 4.014786628074944,
  "fpfh_total_s": 4.595080990344286,
  "fpfh_ransac_fitness": 0.3304036458333333,
  "fpfh_ransac_rmse": 0.005281506465957873,
  "fpfh_icp_fitness": 0.9862386220966729,
  "fpfh_icp_rmse": 0.0014638094211316317,
  "fpfh_cov_5mm": 0.9862386220966729,
  "fpfh_cov_10mm": 0.997489014438167,
  "fpfh_trimrmse_5mm": 0.0014638094211316126,
  "fpfh_trimrmse_10mm": 0.0016229287779250677,
  "fpfh_chamfer": 0.002985480102525611,
  "spinnet_ref_feat_s": 17.596663813106716,
  "spinnet_mov_feat_s": 18.28819314483553,
  "spinnet_feat_s": 35.88485695794225,
  "spinnet_ransac_s": 0.48804016038775444,
  "spinnet_icp_s": 8.021296272054315,
  "spinnet_total_s": 44.394193390384316,
  "spinnet_ransac_fitness": 0.08268229166666667,
  "spinnet_ransac_rmse": 0.005465760133904637,
  "spinnet_icp_fitness": 0.986184675141243,
  "spinnet_icp_rmse": 0.0014788455431505745,
  "spinnet_cov_5mm": 0.986184675141243,
  "spinnet_cov_10mm": 0.9974914665725048,
  "spinnet_trimrmse_5mm": 0.001478845543150691,
  "spinnet_trimrmse_10mm": 0.0016376122903509174,
  "spinnet_chamfer": 0.003010915883238865,
  "fpfh_T_icp": [
    [
      -0.9792752693639065,
      0.02107865960336697,
      0.2014339517598202,
      -0.03972053106421351
    ],
    [
      -0.20150074255155456,
      -0.0010722098747222067,
      -0.979487774868659,
      -2.320706208034164
    ],
    [
      -0.02043030991993493,
      -0.9997772454278554,
      0.0052973541759531294,
      -0.8192658141007538
    ],
    [
      0.0,
      0.0,
      0.0,
      1.0
    ]
  ],
  "spinnet_T_icp": [
    [
      -0.9793146459374557,
      0.021096040897292594,
      0.20124060552199702,
      -0.04023290514020118
    ],
    [
      -0.20129963429702025,
      -0.0006909688718699604,
      -0.9795294685684135,
      -2.31996309238441
    ],
    [
      -0.02052514273484775,
      -0.9997772149936683,
      0.00492330125384912,
      -0.8200928607265388
    ],
    [
      0.0,
      0.0,
      0.0,
      1.0
    ]
  ],
  "combine_w_fpfh": 1.0,
  "combine_w_spinnet": 1.0,
  "combine_feat_s": 36.25143373757601,
  "combine_ransac_s": 0.9075999800115824,
  "combine_icp_s": 1.638182183727622,
  "combine_total_s": 38.79721590131521,
  "combine_ransac_fitness": 0.0,
  "combine_ransac_rmse": 0.0,
  "combine_icp_fitness": 0.0,
  "combine_icp_rmse": 0.0,
  "combine_cov_5mm": 0.0,
  "combine_cov_10mm": 0.0,
  "combine_trimrmse_5mm": NaN,
  "combine_trimrmse_10mm": NaN,
  "combine_chamfer": 3.435376785446324,
  "combine_T_icp": [
    [
      1.0,
      0.0,
      0.0,
      0.0
    ],
    [
      0.0,
      1.0,
      0.0,
      0.0
    ],
    [
      0.0,
      0.0,
      1.0,
      0.0
    ],
    [
      0.0,
      0.0,
      0.0,
      1.0
    ]
  ]
}