{
  "K": 80045,
  "seed": 0,
  "voxel_size": 0.005,
  "patch_radius": 0.3,
  "ref_support_n": 200112,
  "mov_support_n": 457980,
  "ref_kp_n": 80045,
  "mov_kp_n": 80045,
  "fpfh_feat_s": 2.305350676178932,
  "fpfh_ransac_s": 132.09754140861332,
  "fpfh_icp_s": 6.341025000438094,
  "fpfh_total_s": 140.74391708523035,
  "fpfh_ransac_fitness": 0.0,
  "fpfh_ransac_rmse": 0.0,
  "fpfh_icp_fitness": 0.0012199443705367035,
  "fpfh_icp_rmse": 0.0035619433801930473,
  "fpfh_cov_5mm": 0.0012199443705367035,
  "fpfh_cov_10mm": 0.0033374478123797554,
  "fpfh_trimrmse_5mm": 0.0035619433801930586,
  "fpfh_trimrmse_10mm": 0.006420014478097012,
  "fpfh_chamfer": 2.0749589498997993,
  "spinnet_ref_feat_s": 385.67339372448623,
  "spinnet_mov_feat_s": 544.9964184993878,
  "spinnet_feat_s": 930.669812223874,
  "spinnet_ransac_s": 287.0203628996387,
  "spinnet_icp_s": 5.354475823231041,
  "spinnet_total_s": 1223.0446509467438,
  "spinnet_ransac_fitness": 0.3836591917046661,
  "spinnet_ransac_rmse": 0.00533742822680685,
  "spinnet_icp_fitness": 0.4523897710264412,
  "spinnet_icp_rmse": 0.0034274722620050583,
  "spinnet_cov_5mm": 0.4523897710264412,
  "spinnet_cov_10mm": 0.8227616820672977,
  "spinnet_trimrmse_5mm": 0.003427472262005059,
  "spinnet_trimrmse_10mm": 0.0054111171705742735,
  "spinnet_chamfer": 0.01272471504409913,
  "fpfh_T_icp": [
    [
      0.9993335391745971,
      0.011278514123827108,
      -0.03471703616285247,
      -0.02113660941975505
    ],
    [
      -0.010776419093213224,
      0.9998351099461318,
      0.01461580345153828,
      0.008799809587165251
    ],
    [
      0.034876156214548676,
      -0.014231937259740883,
      0.9992903010084375,
      -0.005744314986373697
    ],
    [
      0.0,
      0.0,
      0.0,
      1.0
    ]
  ],
  "spinnet_T_icp": [
    [
      -0.04117550890120257,
      -0.9743551551706036,
      0.2212162043323118,
      0.1400311016395502
    ],
    [
      0.00868391840249082,
      -0.22174459491812704,
      -0.9750661127255815,
      -2.1677106678658777
    ],
    [
      0.9991141911853247,
      -0.03822781993606274,
      0.017591667204392644,
      -0.043290403544867295
    ],
    [
      0.0,
      0.0,
      0.0,
      1.0
    ]
  ]
}