{
  "K": 179213,
  "seed": 0,
  "voxel_size": 0.005,
  "patch_radius": 0.3,
  "ref_support_n": 451634,
  "mov_support_n": 448032,
  "ref_kp_n": 179213,
  "mov_kp_n": 179213,
  "fpfh_feat_s": 3.4841464208438993,
  "fpfh_ransac_s": 584.6493711229414,
  "fpfh_icp_s": 4.347327410243452,
  "fpfh_total_s": 592.4808449540287,
  "fpfh_ransac_fitness": 0.8252358924854781,
  "fpfh_ransac_rmse": 0.004278151162612611,
  "fpfh_icp_fitness": 0.8891731383462126,
  "fpfh_icp_rmse": 0.002166090244637189,
  "fpfh_cov_5mm": 0.8891731383462126,
  "fpfh_cov_10mm": 0.9594404048993397,
  "fpfh_trimrmse_5mm": 0.0021660902446372092,
  "fpfh_trimrmse_10mm": 0.002815082525904278,
  "fpfh_chamfer": 0.005839238543330651,
  "spinnet_ref_feat_s": 1600.8705430263653,
  "spinnet_mov_feat_s": 1488.6292753415182,
  "spinnet_feat_s": 3089.4998183678836,
  "spinnet_ransac_s": 1088.3956944933161,
  "spinnet_icp_s": 4.839678871445358,
  "spinnet_total_s": 4182.735191732645,
  "spinnet_ransac_fitness": 0.8272669951398615,
  "spinnet_ransac_rmse": 0.004386833948001784,
  "spinnet_icp_fitness": 0.8891739390489093,
  "spinnet_icp_rmse": 0.0021660945226160155,
  "spinnet_cov_5mm": 0.8891739390489093,
  "spinnet_cov_10mm": 0.9594412056020364,
  "spinnet_trimrmse_5mm": 0.002166094522616026,
  "spinnet_trimrmse_10mm": 0.0028150882068798335,
  "spinnet_chamfer": 0.005839238973475624,
  "fpfh_T_icp": [
    [
      0.007191004199523535,
      -0.9993649277471554,
      0.0349002958085627,
      -0.3749414167350705
    ],
    [
      -0.007009186088230833,
      -0.03495071450206724,
      -0.9993644574759372,
      0.9613071313069759
    ],
    [
      0.9999495791133584,
      0.006941811342707402,
      -0.0072560654833923235,
      -0.10580229714576161
    ],
    [
      0.0,
      0.0,
      0.0,
      1.0
    ]
  ],
  "spinnet_T_icp": [
    [
      0.007191097000214499,
      -0.9993649271728864,
      0.03490029313148693,
      -0.3749413885371535
    ],
    [
      -0.007009294134611277,
      -0.034950713248479454,
      -0.9993644567619748,
      0.9613072092515726
    ],
    [
      0.9999495776886296,
      0.006941900327199328,
      -0.007256176691565529,
      -0.10580203559813937
    ],
    [
      0.0,
      0.0,
      0.0,
      1.0
    ]
  ]
}