{
  "K": 80929,
  "seed": 3,
  "voxel_size": 0.005,
  "patch_radius": 0.3,
  "ref_support_n": 202322,
  "mov_support_n": 470991,
  "ref_kp_n": 80929,
  "mov_kp_n": 80929,
  "fpfh_feat_s": 2.540965860709548,
  "fpfh_ransac_s": 125.1027754675597,
  "fpfh_icp_s": 1.6197052942588925,
  "fpfh_total_s": 129.26344662252814,
  "fpfh_ransac_fitness": 0.0,
  "fpfh_ransac_rmse": 0.0,
  "fpfh_icp_fitness": 0.0,
  "fpfh_icp_rmse": 0.0,
  "fpfh_cov_5mm": 0.0,
  "fpfh_cov_10mm": 0.0,
  "fpfh_trimrmse_5mm": NaN,
  "fpfh_trimrmse_10mm": NaN,
  "fpfh_chamfer": 12.585496376008571,
  "spinnet_ref_feat_s": 424.09487773664296,
  "spinnet_mov_feat_s": 650.3411617036909,
  "spinnet_feat_s": 1074.4360394403338,
  "spinnet_ransac_s": 220.10912483464926,
  "spinnet_icp_s": 1.6372500695288181,
  "spinnet_total_s": 1296.182414344512,
  "spinnet_ransac_fitness": 0.6504961138775964,
  "spinnet_ransac_rmse": 0.004810938065742149,
  "spinnet_icp_fitness": 0.7843268344541576,
  "spinnet_icp_rmse": 0.0029116014832966663,
  "spinnet_cov_5mm": 0.7843268344541576,
  "spinnet_cov_10mm": 0.940592428429429,
  "spinnet_trimrmse_5mm": 0.002911601483296664,
  "spinnet_trimrmse_10mm": 0.0038093442787511503,
  "spinnet_chamfer": 0.0063631100654078735,
  "fpfh_T_icp": [
    [
      1.0,
      0.0,
      0.0,
      0.0
    ],
    [
      0.0,
      1.0,
      0.0,
      0.0
    ],
    [
      0.0,
      0.0,
      1.0,
      0.0
    ],
    [
      0.0,
      0.0,
      0.0,
      1.0
    ]
  ],
  "spinnet_T_icp": [
    [
      0.01940218314851659,
      -0.6825717096783289,
      -0.7305610285498909,
      -5.865325085546939
    ],
    [
      0.008822191116933564,
      0.7307870081594966,
      -0.682548546001812,
      -5.084276289043553
    ],
    [
      0.9997728363148141,
      0.006797782880830071,
      0.020200641448661568,
      0.11885391993624171
    ],
    [
      0.0,
      0.0,
      0.0,
      1.0
    ]
  ]
}