{
  "K": 40022,
  "seed": 4,
  "voxel_size": 0.005,
  "patch_radius": 0.3,
  "ref_support_n": 200112,
  "mov_support_n": 457980,
  "ref_kp_n": 40022,
  "mov_kp_n": 40022,
  "fpfh_feat_s": 2.4264321690425277,
  "fpfh_ransac_s": 22.690840541385114,
  "fpfh_icp_s": 4.5155895864591,
  "fpfh_total_s": 29.632862296886742,
  "fpfh_ransac_fitness": 0.0,
  "fpfh_ransac_rmse": 0.0,
  "fpfh_icp_fitness": 0.0011591471428902842,
  "fpfh_icp_rmse": 0.003521623448352247,
  "fpfh_cov_5mm": 0.0011591471428902842,
  "fpfh_cov_10mm": 0.0032822503293849802,
  "fpfh_trimrmse_5mm": 0.003521623448352249,
  "fpfh_trimrmse_10mm": 0.006468548816129201,
  "fpfh_chamfer": 2.0708245160856587,
  "spinnet_ref_feat_s": 198.10370857082307,
  "spinnet_mov_feat_s": 279.4528399081901,
  "spinnet_feat_s": 477.55654847901314,
  "spinnet_ransac_s": 36.99106440786272,
  "spinnet_icp_s": 8.600825930945575,
  "spinnet_total_s": 523.1484388178214,
  "spinnet_ransac_fitness": 0.27107590825046224,
  "spinnet_ransac_rmse": 0.005495910342203012,
  "spinnet_icp_fitness": 0.4491747176328759,
  "spinnet_icp_rmse": 0.0034269046156185736,
  "spinnet_cov_5mm": 0.4491747176328759,
  "spinnet_cov_10mm": 0.8103886462777298,
  "spinnet_trimrmse_5mm": 0.003426904615618553,
  "spinnet_trimrmse_10mm": 0.005398702817276745,
  "spinnet_chamfer": 0.013349865759510138,
  "fpfh_T_icp": [
    [
      0.9999129859183814,
      -0.004355788273684278,
      -0.012451815141055665,
      -0.010954685334136325
    ],
    [
      0.0042908012274315045,
      0.9999770599893361,
      -0.005241041873187771,
      -0.0029817545998711463
    ],
    [
      0.012474358365016657,
      0.005187157565051104,
      0.9999087377254913,
      0.0027524640185670936
    ],
    [
      0.0,
      0.0,
      0.0,
      1.0
    ]
  ],
  "spinnet_T_icp": [
    [
      -0.03930982294756556,
      -0.9744928712132739,
      0.22094882161799956,
      0.1416925564537158
    ],
    [
      0.00856935936722345,
      -0.22144037580180254,
      -0.9751362602451061,
      -2.1750695698815217
    ],
    [
      0.9991903241624612,
      -0.03643904388577609,
      0.017055561580434704,
      -0.042165245583852845
    ],
    [
      0.0,
      0.0,
      0.0,
      1.0
    ]
  ],
  "combine_w_fpfh": 1.0,
  "combine_w_spinnet": 1.0,
  "combine_feat_s": 479.9829806480557,
  "combine_ransac_s": 299.4949608379975,
  "combine_icp_s": 4.132127894088626,
  "combine_total_s": 783.6100693801418,
  "combine_ransac_fitness": 0.28057068612263253,
  "combine_ransac_rmse": 0.005457103627619706,
  "combine_icp_fitness": 0.44883153328208236,
  "combine_icp_rmse": 0.0034487017150235887,
  "combine_cov_5mm": 0.44883153328208236,
  "combine_cov_10mm": 0.8146620514104557,
  "combine_trimrmse_5mm": 0.003448701715023635,
  "combine_trimrmse_10mm": 0.005412098079861894,
  "combine_chamfer": 0.012909730517280605,
  "combine_T_icp": [
    [
      -0.041901627233658666,
      -0.9743310069783766,
      0.22118621673984065,
      0.13825625517455392
    ],
    [
      0.008445606115019998,
      -0.22171814410000812,
      -0.9750742209258765,
      -2.1623605623755204
    ],
    [
      0.9990860450294221,
      -0.038989144865729825,
      0.01751916693560724,
      -0.04385926732669658
    ],
    [
      0.0,
      0.0,
      0.0,
      1.0
    ]
  ]
}