{
  "K": 9814,
  "seed": 3,
  "voxel_size": 0.005,
  "patch_radius": 0.3,
  "ref_support_n": 196290,
  "mov_support_n": 400580,
  "ref_kp_n": 9814,
  "mov_kp_n": 9814,
  "fpfh_feat_s": 2.2425524769350886,
  "fpfh_ransac_s": 1.6946804402396083,
  "fpfh_icp_s": 0.8183801220729947,
  "fpfh_total_s": 4.755613039247692,
  "fpfh_ransac_fitness": 0.0,
  "fpfh_ransac_rmse": 0.0,
  "fpfh_icp_fitness": 0.0,
  "fpfh_icp_rmse": 0.0,
  "fpfh_cov_5mm": 0.0,
  "fpfh_cov_10mm": 0.0,
  "fpfh_trimrmse_5mm": NaN,
  "fpfh_trimrmse_10mm": NaN,
  "fpfh_chamfer": 6.64051921124479,
  "spinnet_ref_feat_s": 50.04471326433122,
  "spinnet_mov_feat_s": 70.92483863700181,
  "spinnet_feat_s": 120.96955190133303,
  "spinnet_ransac_s": 2.509438413195312,
  "spinnet_icp_s": 3.8838935028761625,
  "spinnet_total_s": 127.36288381740451,
  "spinnet_ransac_fitness": 0.1312410841654779,
  "spinnet_ransac_rmse": 0.005596065460753821,
  "spinnet_icp_fitness": 0.6429104825162921,
  "spinnet_icp_rmse": 0.0033277659182319743,
  "spinnet_cov_5mm": 0.6429104825162921,
  "spinnet_cov_10mm": 0.9376724362206799,
  "spinnet_trimrmse_5mm": 0.0033277659182319617,
  "spinnet_trimrmse_10mm": 0.004695126002901346,
  "spinnet_chamfer": 0.008605575349589433,
  "fpfh_T_icp": [
    [
      1.0,
      0.0,
      0.0,
      0.0
    ],
    [
      0.0,
      1.0,
      0.0,
      0.0
    ],
    [
      0.0,
      0.0,
      1.0,
      0.0
    ],
    [
      0.0,
      0.0,
      0.0,
      1.0
    ]
  ],
  "spinnet_T_icp": [
    [
      0.006352770650949833,
      -0.918206134522814,
      0.3960519370357081,
      1.622740978159426
    ],
    [
      0.05031805552306315,
      -0.39526467295687806,
      -0.9171880568349554,
      -4.466188129206238
    ],
    [
      0.998713039663269,
      0.025755248726641537,
      0.04369132144481825,
      0.04349162041055173
    ],
    [
      0.0,
      0.0,
      0.0,
      1.0
    ]
  ],
  "combine_w_fpfh": 1.0,
  "combine_w_spinnet": 1.0,
  "combine_feat_s": 123.21210437826812,
  "combine_ransac_s": 7.038986030034721,
  "combine_icp_s": 12.293215312995017,
  "combine_total_s": 142.54430572129786,
  "combine_ransac_fitness": 0.13175056042388425,
  "combine_ransac_rmse": 0.005558362870480237,
  "combine_icp_fitness": 0.6401274141070895,
  "combine_icp_rmse": 0.003316862175019639,
  "combine_cov_5mm": 0.6401274141070895,
  "combine_cov_10mm": 0.9334633062146094,
  "combine_trimrmse_5mm": 0.0033168621750195785,
  "combine_trimrmse_10mm": 0.004704290719183334,
  "combine_chamfer": 0.008689857689109712,
  "combine_T_icp": [
    [
      0.0061371170308921015,
      -0.9181842692449455,
      0.3961060255861789,
      1.6230648703504074
    ],
    [
      0.05049224857925832,
      -0.3953236701027928,
      -0.917153056305152,
      -4.466573264035881
    ],
    [
      0.9987055965738751,
      0.025628959549423954,
      0.04393504073577749,
      0.04476569122206546
    ],
    [
      0.0,
      0.0,
      0.0,
      1.0
    ]
  ]
}