{
  "K": 10485,
  "seed": 0,
  "voxel_size": 0.005,
  "patch_radius": 0.3,
  "ref_support_n": 52425,
  "mov_support_n": 59566,
  "ref_kp_n": 10485,
  "mov_kp_n": 10485,
  "fpfh_feat_s": 0.34579642303287983,
  "fpfh_ransac_s": 1.1123936576768756,
  "fpfh_icp_s": 41.35741898883134,
  "fpfh_total_s": 42.8156090695411,
  "fpfh_ransac_fitness": 0.08593228421554602,
  "fpfh_ransac_rmse": 0.005384452960982754,
  "fpfh_icp_fitness": 0.09882945586937593,
  "fpfh_icp_rmse": 0.0028490655093971443,
  "fpfh_cov_5mm": 0.09882945586937593,
  "fpfh_cov_10mm": 0.18082306258291111,
  "fpfh_trimrmse_5mm": 0.0028490655093971412,
  "fpfh_trimrmse_10mm": 0.005498585618545339,
  "fpfh_chamfer": 0.08785455487841612,
  "spinnet_ref_feat_s": 59.054113034158945,
  "spinnet_mov_feat_s": 60.71668250672519,
  "spinnet_feat_s": 119.77079554088414,
  "spinnet_ransac_s": 4.209285456687212,
  "spinnet_icp_s": 50.554743186570704,
  "spinnet_total_s": 174.53482418414205,
  "spinnet_ransac_fitness": 0.34458750596089655,
  "spinnet_ransac_rmse": 0.005276210674663674,
  "spinnet_icp_fitness": 0.6297504046938645,
  "spinnet_icp_rmse": 0.0022894019331893643,
  "spinnet_cov_5mm": 0.6297504046938645,
  "spinnet_cov_10mm": 0.784141844468989,
  "spinnet_trimrmse_5mm": 0.002289401933189705,
  "spinnet_trimrmse_10mm": 0.003761301291809606,
  "spinnet_chamfer": 0.0199669971208222,
  "fpfh_T_icp": [
    [
      0.4950302279700915,
      0.5157937594725539,
      0.6992151822472613,
      3.573116905376084
    ],
    [
      0.6718473439218746,
      0.28306742977694194,
      -0.6844661983360592,
      -2.782868173232362
    ],
    [
      -0.5509684381713835,
      0.8085973212227797,
      -0.2064077330197233,
      -1.084686593862721
    ],
    [
      0.0,
      0.0,
      0.0,
      1.0
    ]
  ],
  "spinnet_T_icp": [
    [
      0.442170955425956,
      -0.044456328954112695,
      0.8958283769749882,
      4.255943469374296
    ],
    [
      0.8932581515977845,
      0.11211767849510357,
      -0.4353383750291223,
      -1.5854352793943942
    ],
    [
      -0.0810846519498284,
      0.9926999853857287,
      0.08928615924869324,
      0.5799454652737643
    ],
    [
      0.0,
      0.0,
      0.0,
      1.0
    ]
  ],
  "combine_w_fpfh": 1.0,
  "combine_w_spinnet": 1.0,
  "combine_feat_s": 120.11659196391702,
  "combine_ransac_s": 7.982504352927208,
  "combine_icp_s": 23.618480322882533,
  "combine_total_s": 151.71757663972676,
  "combine_ransac_fitness": 0.6340486409155937,
  "combine_ransac_rmse": 0.004714314152846313,
  "combine_icp_fitness": 0.790706943202604,
  "combine_icp_rmse": 0.001221248722465903,
  "combine_cov_5mm": 0.790706943202604,
  "combine_cov_10mm": 0.8165436514197888,
  "combine_trimrmse_5mm": 0.001221248722465896,
  "combine_trimrmse_10mm": 0.0017573979669885788,
  "combine_chamfer": 0.01667789657710507,
  "combine_T_icp": [
    [
      0.441595343290436,
      -0.04350276717600822,
      0.8961590606763077,
      4.24837831549833
    ],
    [
      0.8933234632813463,
      0.11423820633601334,
      -0.43465253037817486,
      -1.572191755820207
    ],
    [
      -0.08346701585192275,
      0.992500449098726,
      0.0893091025798297,
      0.5783153415866533
    ],
    [
      0.0,
      0.0,
      0.0,
      1.0
    ]
  ]
}