{
  "K": 19629,
  "seed": 1,
  "voxel_size": 0.005,
  "patch_radius": 0.3,
  "ref_support_n": 196290,
  "mov_support_n": 400580,
  "ref_kp_n": 19629,
  "mov_kp_n": 19629,
  "fpfh_feat_s": 2.1232428094372153,
  "fpfh_ransac_s": 5.507333779707551,
  "fpfh_icp_s": 1.4895812822505832,
  "fpfh_total_s": 9.12015787139535,
  "fpfh_ransac_fitness": 0.0,
  "fpfh_ransac_rmse": 0.0,
  "fpfh_icp_fitness": 0.0,
  "fpfh_icp_rmse": 0.0,
  "fpfh_cov_5mm": 0.0,
  "fpfh_cov_10mm": 0.0,
  "fpfh_trimrmse_5mm": NaN,
  "fpfh_trimrmse_10mm": NaN,
  "fpfh_chamfer": 6.64051921124479,
  "spinnet_ref_feat_s": 101.12769383657724,
  "spinnet_mov_feat_s": 136.48130283504725,
  "spinnet_feat_s": 237.60899667162448,
  "spinnet_ransac_s": 7.97564356867224,
  "spinnet_icp_s": 1.8411115538328886,
  "spinnet_total_s": 247.4257517941296,
  "spinnet_ransac_fitness": 0.2457078811961893,
  "spinnet_ransac_rmse": 0.0054576993725321665,
  "spinnet_icp_fitness": 0.6375651604158704,
  "spinnet_icp_rmse": 0.0033105371115940527,
  "spinnet_cov_5mm": 0.6375651604158704,
  "spinnet_cov_10mm": 0.9299503447921451,
  "spinnet_trimrmse_5mm": 0.0033105371115940605,
  "spinnet_trimrmse_10mm": 0.004708590019265226,
  "spinnet_chamfer": 0.008758420737616356,
  "fpfh_T_icp": [
    [
      1.0,
      0.0,
      0.0,
      0.0
    ],
    [
      0.0,
      1.0,
      0.0,
      0.0
    ],
    [
      0.0,
      0.0,
      1.0,
      0.0
    ],
    [
      0.0,
      0.0,
      0.0,
      1.0
    ]
  ],
  "spinnet_T_icp": [
    [
      0.006068874582425083,
      -0.918147523868912,
      0.3961922426987814,
      1.623586438536592
    ],
    [
      0.050418641308173466,
      -0.3954146734240919,
      -0.9171178750027488,
      -4.46684520668245
    ],
    [
      0.9987097322895887,
      0.025541347934402745,
      0.04389202861287285,
      0.044804094205341746
    ],
    [
      0.0,
      0.0,
      0.0,
      1.0
    ]
  ]
}