{
  "K": 10485,
  "seed": 0,
  "voxel_size": 0.005,
  "patch_radius": 0.3,
  "ref_support_n": 52425,
  "mov_support_n": 59566,
  "ref_kp_n": 10485,
  "mov_kp_n": 10485,
  "fpfh_feat_s": 0.37517786026000977,
  "fpfh_ransac_s": 1.1440283879637718,
  "fpfh_icp_s": 5.76837969198823,
  "fpfh_total_s": 7.287585940212011,
  "fpfh_ransac_fitness": 0.0,
  "fpfh_ransac_rmse": 0.0,
  "fpfh_icp_fitness": 0.0,
  "fpfh_icp_rmse": 0.0,
  "fpfh_cov_5mm": 0.0,
  "fpfh_cov_10mm": 0.0,
  "fpfh_trimrmse_5mm": NaN,
  "fpfh_trimrmse_10mm": NaN,
  "fpfh_chamfer": 8.107914416820307,
  "spinnet_ref_feat_s": 59.120118256658316,
  "spinnet_mov_feat_s": 61.271961147896945,
  "spinnet_feat_s": 120.39207940455526,
  "spinnet_ransac_s": 4.3527676006779075,
  "spinnet_icp_s": 5.274079108610749,
  "spinnet_total_s": 130.01892611384392,
  "spinnet_ransac_fitness": 0.6210777300906056,
  "spinnet_ransac_rmse": 0.004809256277039099,
  "spinnet_icp_fitness": 0.7907028524342994,
  "spinnet_icp_rmse": 0.0012211518523395984,
  "spinnet_cov_5mm": 0.7907028524342994,
  "spinnet_cov_10mm": 0.8165477421880936,
  "spinnet_trimrmse_5mm": 0.0012211518523395993,
  "spinnet_trimrmse_10mm": 0.0017575514787838092,
  "spinnet_chamfer": 0.01667876940317562,
  "fpfh_T_icp": [
    [
      1.0,
      0.0,
      0.0,
      0.0
    ],
    [
      0.0,
      1.0,
      0.0,
      0.0
    ],
    [
      0.0,
      0.0,
      1.0,
      0.0
    ],
    [
      0.0,
      0.0,
      0.0,
      1.0
    ]
  ],
  "spinnet_T_icp": [
    [
      0.44159184724915257,
      -0.04349300773328409,
      0.8961612570968436,
      4.248413484064026
    ],
    [
      0.8933241036169772,
      0.11424602043294373,
      -0.4346491604871225,
      -1.5721921232150458
    ],
    [
      -0.08347865799116709,
      0.9924999773771023,
      0.08930346335078997,
      0.5782888943957574
    ],
    [
      0.0,
      0.0,
      0.0,
      1.0
    ]
  ]
}