{
  "K": 80929,
  "seed": 4,
  "voxel_size": 0.005,
  "patch_radius": 0.3,
  "ref_support_n": 202322,
  "mov_support_n": 470991,
  "ref_kp_n": 80929,
  "mov_kp_n": 80929,
  "fpfh_feat_s": 2.533030802384019,
  "fpfh_ransac_s": 142.28669421281666,
  "fpfh_icp_s": 1.6069094194099307,
  "fpfh_total_s": 146.4266344346106,
  "fpfh_ransac_fitness": 0.0,
  "fpfh_ransac_rmse": 0.0,
  "fpfh_icp_fitness": 0.0,
  "fpfh_icp_rmse": 0.0,
  "fpfh_cov_5mm": 0.0,
  "fpfh_cov_10mm": 0.0,
  "fpfh_trimrmse_5mm": NaN,
  "fpfh_trimrmse_10mm": NaN,
  "fpfh_chamfer": 12.585496376008571,
  "spinnet_ref_feat_s": 411.48632663767785,
  "spinnet_mov_feat_s": 593.8567116660997,
  "spinnet_feat_s": 1005.3430383037776,
  "spinnet_ransac_s": 213.4764620512724,
  "spinnet_icp_s": 1.5925797140225768,
  "spinnet_total_s": 1220.4120800690725,
  "spinnet_ransac_fitness": 0.6468756564395952,
  "spinnet_ransac_rmse": 0.004775376589462935,
  "spinnet_icp_fitness": 0.7843260308998763,
  "spinnet_icp_rmse": 0.0029115984701214284,
  "spinnet_cov_5mm": 0.7843260308998763,
  "spinnet_cov_10mm": 0.940592428429429,
  "spinnet_trimrmse_5mm": 0.002911598470121419,
  "spinnet_trimrmse_10mm": 0.0038093448186554283,
  "spinnet_chamfer": 0.006363109391298635,
  "fpfh_T_icp": [
    [
      1.0,
      0.0,
      0.0,
      0.0
    ],
    [
      0.0,
      1.0,
      0.0,
      0.0
    ],
    [
      0.0,
      0.0,
      1.0,
      0.0
    ],
    [
      0.0,
      0.0,
      0.0,
      1.0
    ]
  ],
  "spinnet_T_icp": [
    [
      0.019402192619069964,
      -0.6825717041587536,
      -0.730561033455376,
      -5.8653251352273745
    ],
    [
      0.008822159104313661,
      0.7307870130384992,
      -0.6825485411917648,
      -5.084276254552158
    ],
    [
      0.9997728364135078,
      0.0067978125955128164,
      0.020200626564678765,
      0.11885377291610022
    ],
    [
      0.0,
      0.0,
      0.0,
      1.0
    ]
  ]
}