{
  "K": 24577,
  "seed": 2,
  "voxel_size": 0.005,
  "patch_radius": 0.3,
  "ref_support_n": 61443,
  "mov_support_n": 65640,
  "ref_kp_n": 24577,
  "mov_kp_n": 24577,
  "fpfh_feat_s": 0.37425253447145224,
  "fpfh_ransac_s": 4.527423360385001,
  "fpfh_icp_s": 2.672151959501207,
  "fpfh_total_s": 7.57382785435766,
  "fpfh_ransac_fitness": 0.8726044675916508,
  "fpfh_ransac_rmse": 0.0038393748293323506,
  "fpfh_icp_fitness": 0.9861895794099184,
  "fpfh_icp_rmse": 0.0014635588107058753,
  "fpfh_cov_5mm": 0.9861895794099184,
  "fpfh_cov_10mm": 0.997489014438167,
  "fpfh_trimrmse_5mm": 0.001463558810705871,
  "fpfh_trimrmse_10mm": 0.0016231085787268276,
  "fpfh_chamfer": 0.002985058120540028,
  "spinnet_ref_feat_s": 144.75835255440325,
  "spinnet_mov_feat_s": 147.75150014739484,
  "spinnet_feat_s": 292.5098527017981,
  "spinnet_ransac_s": 21.895370508544147,
  "spinnet_icp_s": 1.700006858445704,
  "spinnet_total_s": 316.10523006878793,
  "spinnet_ransac_fitness": 0.0,
  "spinnet_ransac_rmse": 0.0,
  "spinnet_icp_fitness": 0.0,
  "spinnet_icp_rmse": 0.0,
  "spinnet_cov_5mm": 0.0,
  "spinnet_cov_10mm": 0.0,
  "spinnet_trimrmse_5mm": NaN,
  "spinnet_trimrmse_10mm": NaN,
  "spinnet_chamfer": 3.435376785446324,
  "fpfh_T_icp": [
    [
      -0.9792772905256469,
      0.021069417710233133,
      0.2014250925235074,
      -0.039729196315948796
    ],
    [
      -0.2014920872047426,
      -0.0010846840888502655,
      -0.9794895416768372,
      -2.3207556443637394
    ],
    [
      -0.020418791703438622,
      -0.9997774267794727,
      0.005307527446229065,
      -0.8192374695676853
    ],
    [
      0.0,
      0.0,
      0.0,
      1.0
    ]
  ],
  "spinnet_T_icp": [
    [
      1.0,
      0.0,
      0.0,
      0.0
    ],
    [
      0.0,
      1.0,
      0.0,
      0.0
    ],
    [
      0.0,
      0.0,
      1.0,
      0.0
    ],
    [
      0.0,
      0.0,
      0.0,
      1.0
    ]
  ],
  "combine_w_fpfh": 1.0,
  "combine_w_spinnet": 1.0,
  "combine_feat_s": 292.88410523626953,
  "combine_ransac_s": 70.96975689567626,
  "combine_icp_s": 2.245389104820788,
  "combine_total_s": 366.0992512367666,
  "combine_ransac_fitness": 0.816332343247752,
  "combine_ransac_rmse": 0.004592551655256739,
  "combine_icp_fitness": 0.9862680477087257,
  "combine_icp_rmse": 0.0014652017220984084,
  "combine_cov_5mm": 0.9862680477087257,
  "combine_cov_10mm": 0.9974914665725048,
  "combine_trimrmse_5mm": 0.0014652017220984088,
  "combine_trimrmse_10mm": 0.0016240630243787117,
  "combine_chamfer": 0.0029897171037985056,
  "combine_T_icp": [
    [
      -0.9793073819505137,
      0.0208879976811002,
      0.20129764829751082,
      -0.04015574853478583
    ],
    [
      -0.2013618502470855,
      -0.00099554167100426,
      -0.9795164185259218,
      -2.320529486650198
    ],
    [
      -0.02025973648161372,
      -0.9997813263157387,
      0.005180987168477094,
      -0.8194171613903136
    ],
    [
      0.0,
      0.0,
      0.0,
      1.0
    ]
  ]
}