{
  "K": 9814,
  "seed": 4,
  "voxel_size": 0.005,
  "patch_radius": 0.3,
  "ref_support_n": 196290,
  "mov_support_n": 400580,
  "ref_kp_n": 9814,
  "mov_kp_n": 9814,
  "fpfh_feat_s": 2.1600964115932584,
  "fpfh_ransac_s": 1.7128103971481323,
  "fpfh_icp_s": 1.5463816821575165,
  "fpfh_total_s": 5.419288490898907,
  "fpfh_ransac_fitness": 0.0,
  "fpfh_ransac_rmse": 0.0,
  "fpfh_icp_fitness": 0.0,
  "fpfh_icp_rmse": 0.0,
  "fpfh_cov_5mm": 0.0,
  "fpfh_cov_10mm": 0.0,
  "fpfh_trimrmse_5mm": NaN,
  "fpfh_trimrmse_10mm": NaN,
  "fpfh_chamfer": 6.64051921124479,
  "spinnet_ref_feat_s": 52.635976199992,
  "spinnet_mov_feat_s": 73.04380431957543,
  "spinnet_feat_s": 125.67978051956743,
  "spinnet_ransac_s": 2.510019525885582,
  "spinnet_icp_s": 3.650470320135355,
  "spinnet_total_s": 131.84027036558837,
  "spinnet_ransac_fitness": 0.13358467495414714,
  "spinnet_ransac_rmse": 0.005624548250695908,
  "spinnet_icp_fitness": 0.637582825593309,
  "spinnet_icp_rmse": 0.003310840495585519,
  "spinnet_cov_5mm": 0.637582825593309,
  "spinnet_cov_10mm": 0.9300715921463832,
  "spinnet_trimrmse_5mm": 0.0033108404955854587,
  "spinnet_trimrmse_10mm": 0.0047073938990549605,
  "spinnet_chamfer": 0.008754687953772555,
  "fpfh_T_icp": [
    [
      1.0,
      0.0,
      0.0,
      0.0
    ],
    [
      0.0,
      1.0,
      0.0,
      0.0
    ],
    [
      0.0,
      0.0,
      1.0,
      0.0
    ],
    [
      0.0,
      0.0,
      0.0,
      1.0
    ]
  ],
  "spinnet_T_icp": [
    [
      0.0061105471726574465,
      -0.9181581533965092,
      0.39616696803843054,
      1.6234889811423436
    ],
    [
      0.050341034461140646,
      -0.39538958444063127,
      -0.9171329547918601,
      -4.46691383380679
    ],
    [
      0.9987133930525989,
      0.025547639174242617,
      0.04380498453360893,
      0.04444004153346749
    ],
    [
      0.0,
      0.0,
      0.0,
      1.0
    ]
  ]
}