{
  "K": 19629,
  "seed": 2,
  "voxel_size": 0.005,
  "patch_radius": 0.3,
  "ref_support_n": 196290,
  "mov_support_n": 400580,
  "ref_kp_n": 19629,
  "mov_kp_n": 19629,
  "fpfh_feat_s": 1.9872168693691492,
  "fpfh_ransac_s": 5.388975327834487,
  "fpfh_icp_s": 1.4343963311985135,
  "fpfh_total_s": 8.81058852840215,
  "fpfh_ransac_fitness": 0.0,
  "fpfh_ransac_rmse": 0.0,
  "fpfh_icp_fitness": 0.0,
  "fpfh_icp_rmse": 0.0,
  "fpfh_cov_5mm": 0.0,
  "fpfh_cov_10mm": 0.0,
  "fpfh_trimrmse_5mm": NaN,
  "fpfh_trimrmse_10mm": NaN,
  "fpfh_chamfer": 6.64051921124479,
  "spinnet_ref_feat_s": 99.93670537788421,
  "spinnet_mov_feat_s": 136.85628178156912,
  "spinnet_feat_s": 236.79298715945333,
  "spinnet_ransac_s": 8.19669802300632,
  "spinnet_icp_s": 5.6330883000046015,
  "spinnet_total_s": 250.62277348246425,
  "spinnet_ransac_fitness": 0.23939069743746497,
  "spinnet_ransac_rmse": 0.005545686975880813,
  "spinnet_icp_fitness": 0.6375852344811416,
  "spinnet_icp_rmse": 0.0033108483111450883,
  "spinnet_cov_5mm": 0.6375852344811416,
  "spinnet_cov_10mm": 0.9300723951089942,
  "spinnet_trimrmse_5mm": 0.0033108483111450654,
  "spinnet_trimrmse_10mm": 0.004707396025557221,
  "spinnet_chamfer": 0.008754679101848977,
  "fpfh_T_icp": [
    [
      1.0,
      0.0,
      0.0,
      0.0
    ],
    [
      0.0,
      1.0,
      0.0,
      0.0
    ],
    [
      0.0,
      0.0,
      1.0,
      0.0
    ],
    [
      0.0,
      0.0,
      0.0,
      1.0
    ]
  ],
  "spinnet_T_icp": [
    [
      0.006110594860034936,
      -0.9181581586662915,
      0.3961669550896229,
      1.6234888864636479
    ],
    [
      0.05034101291356866,
      -0.3953895699681815,
      -0.9171329622138835,
      -4.466913828311592
    ],
    [
      0.9987133938469499,
      0.02554767376696857,
      0.04380494624815935,
      0.044439883212049405
    ],
    [
      0.0,
      0.0,
      0.0,
      1.0
    ]
  ]
}