{
  "K": 22402,
  "seed": 3,
  "voxel_size": 0.005,
  "patch_radius": 0.3,
  "ref_support_n": 451634,
  "mov_support_n": 448032,
  "ref_kp_n": 22402,
  "mov_kp_n": 22402,
  "fpfh_feat_s": 3.841602973639965,
  "fpfh_ransac_s": 5.753956279717386,
  "fpfh_icp_s": 54.07094460260123,
  "fpfh_total_s": 63.66650385595858,
  "fpfh_ransac_fitness": 0.0,
  "fpfh_ransac_rmse": 0.0,
  "fpfh_icp_fitness": 0.0014957126374105915,
  "fpfh_icp_rmse": 0.0031637015049261036,
  "fpfh_cov_5mm": 0.0014957126374105915,
  "fpfh_cov_10mm": 0.0028360889516639803,
  "fpfh_trimrmse_5mm": 0.0031637015049260993,
  "fpfh_trimrmse_10mm": 0.005649091632407518,
  "fpfh_chamfer": 2.0545392516242638,
  "spinnet_ref_feat_s": 185.6702621486038,
  "spinnet_mov_feat_s": 178.4939164062962,
  "spinnet_feat_s": 364.1641785549,
  "spinnet_ransac_s": 11.861754818819463,
  "spinnet_icp_s": 5.758481239899993,
  "spinnet_total_s": 381.78441461361945,
  "spinnet_ransac_fitness": 0.2674761182037318,
  "spinnet_ransac_rmse": 0.005370489871558397,
  "spinnet_icp_fitness": 0.8891355053194684,
  "spinnet_icp_rmse": 0.002165493643255088,
  "spinnet_cov_5mm": 0.8891355053194684,
  "spinnet_cov_10mm": 0.9594307964669794,
  "spinnet_trimrmse_5mm": 0.0021654936432550995,
  "spinnet_trimrmse_10mm": 0.002814582780155437,
  "spinnet_chamfer": 0.005840167670111748,
  "fpfh_T_icp": [
    [
      0.9997816005689835,
      0.015095177379051418,
      0.01445291609443343,
      0.007742069622971054
    ],
    [
      -0.014139258000846863,
      0.9978432273766874,
      -0.06410128673963955,
      -0.006172468686167266
    ],
    [
      -0.015389364734233437,
      0.06388293354556832,
      0.9978387335911061,
      0.006605978914384372
    ],
    [
      0.0,
      0.0,
      0.0,
      1.0
    ]
  ],
  "spinnet_T_icp": [
    [
      0.007163218604731675,
      -0.9993676017356911,
      0.03482936835888004,
      -0.37483592676461147
    ],
    [
      -0.006987965031581109,
      -0.034879438739214806,
      -0.9993670962654077,
      0.961361700762177
    ],
    [
      0.9999499270683254,
      0.006915298568761137,
      -0.00723339489912327,
      -0.10583689331546109
    ],
    [
      0.0,
      0.0,
      0.0,
      1.0
    ]
  ],
  "combine_w_fpfh": 1.0,
  "combine_w_spinnet": 1.0,
  "combine_feat_s": 368.00578152853996,
  "combine_ransac_s": 38.61797587480396,
  "combine_icp_s": 4.15187057480216,
  "combine_total_s": 410.7756279781461,
  "combine_ransac_fitness": 0.2679225069190251,
  "combine_ransac_rmse": 0.005390435171412276,
  "combine_icp_fitness": 0.8890186027257522,
  "combine_icp_rmse": 0.0021651795894662208,
  "combine_cov_5mm": 0.8890186027257522,
  "combine_cov_10mm": 0.9594364013858562,
  "combine_trimrmse_5mm": 0.0021651795894662242,
  "combine_trimrmse_10mm": 0.002815447663437272,
  "combine_chamfer": 0.0058402515178898745,
  "combine_T_icp": [
    [
      0.007158850942241008,
      -0.9993680778297396,
      0.03481660333922123,
      -0.3748243198533715
    ],
    [
      -0.006906807055562433,
      -0.03486608110449787,
      -0.9993681265703407,
      0.9614159020789302
    ],
    [
      0.9999505222107172,
      0.006913855892949828,
      -0.007152043568625299,
      -0.10592398451224684
    ],
    [
      0.0,
      0.0,
      0.0,
      1.0
    ]
  ]
}