{
  "K": 9814,
  "seed": 2,
  "voxel_size": 0.005,
  "patch_radius": 0.3,
  "ref_support_n": 196290,
  "mov_support_n": 400580,
  "ref_kp_n": 9814,
  "mov_kp_n": 9814,
  "fpfh_feat_s": 2.143998351879418,
  "fpfh_ransac_s": 1.7246117210015655,
  "fpfh_icp_s": 0.7886464381590486,
  "fpfh_total_s": 4.657256511040032,
  "fpfh_ransac_fitness": 0.0,
  "fpfh_ransac_rmse": 0.0,
  "fpfh_icp_fitness": 0.0,
  "fpfh_icp_rmse": 0.0,
  "fpfh_cov_5mm": 0.0,
  "fpfh_cov_10mm": 0.0,
  "fpfh_trimrmse_5mm": NaN,
  "fpfh_trimrmse_10mm": NaN,
  "fpfh_chamfer": 6.64051921124479,
  "spinnet_ref_feat_s": 51.683478026650846,
  "spinnet_mov_feat_s": 70.23753056209534,
  "spinnet_feat_s": 121.92100858874619,
  "spinnet_ransac_s": 2.43640941940248,
  "spinnet_icp_s": 12.286731855943799,
  "spinnet_total_s": 136.64414986409247,
  "spinnet_ransac_fitness": 0.13562257998777258,
  "spinnet_ransac_rmse": 0.005561883118952738,
  "spinnet_icp_fitness": 0.6447460550446928,
  "spinnet_icp_rmse": 0.003335741286817286,
  "spinnet_cov_5mm": 0.6447460550446928,
  "spinnet_cov_10mm": 0.9404089327984532,
  "spinnet_trimrmse_5mm": 0.0033357412868172264,
  "spinnet_trimrmse_10mm": 0.004692347795001669,
  "spinnet_chamfer": 0.008557944333350104,
  "fpfh_T_icp": [
    [
      1.0,
      0.0,
      0.0,
      0.0
    ],
    [
      0.0,
      1.0,
      0.0,
      0.0
    ],
    [
      0.0,
      0.0,
      1.0,
      0.0
    ],
    [
      0.0,
      0.0,
      0.0,
      1.0
    ]
  ],
  "spinnet_T_icp": [
    [
      0.006427544329883462,
      -0.9182266893373247,
      0.39600307279427666,
      1.622394534397291
    ],
    [
      0.050414076189915134,
      -0.395210111921911,
      -0.9172062954191936,
      -4.465830640641694
    ],
    [
      0.9987077188025637,
      0.025859513206745392,
      0.04375131976186855,
      0.043776758756409136
    ],
    [
      0.0,
      0.0,
      0.0,
      1.0
    ]
  ],
  "combine_w_fpfh": 1.0,
  "combine_w_spinnet": 1.0,
  "combine_feat_s": 124.06500694062561,
  "combine_ransac_s": 7.118378586135805,
  "combine_icp_s": 7.806755519472063,
  "combine_total_s": 138.99014104623348,
  "combine_ransac_fitness": 0.13256572243733442,
  "combine_ransac_rmse": 0.0055558877850631384,
  "combine_icp_fitness": 0.6466844067872823,
  "combine_icp_rmse": 0.0033529102632005666,
  "combine_cov_5mm": 0.6466844067872823,
  "combine_cov_10mm": 0.9470799461693866,
  "combine_trimrmse_5mm": 0.003352910263200539,
  "combine_trimrmse_10mm": 0.004696507892445149,
  "combine_chamfer": 0.008461861579154996,
  "combine_T_icp": [
    [
      0.006890986504335738,
      -0.9182675565637253,
      0.39590050374745356,
      1.6217009408720502
    ],
    [
      0.050296477566580226,
      -0.39509050964666326,
      -0.9172642768207797,
      -4.464895929942839
    ],
    [
      0.9987105579943569,
      0.0262332565578126,
      0.04346306018885947,
      0.04229255528484615
    ],
    [
      0.0,
      0.0,
      0.0,
      1.0
    ]
  ]
}