{
  "K": 20232,
  "seed": 4,
  "voxel_size": 0.005,
  "patch_radius": 0.3,
  "ref_support_n": 202322,
  "mov_support_n": 470991,
  "ref_kp_n": 20232,
  "mov_kp_n": 20232,
  "fpfh_feat_s": 2.448372256010771,
  "fpfh_ransac_s": 6.670968476682901,
  "fpfh_icp_s": 0.9184258440509439,
  "fpfh_total_s": 10.037766576744616,
  "fpfh_ransac_fitness": 0.0,
  "fpfh_ransac_rmse": 0.0,
  "fpfh_icp_fitness": 0.0,
  "fpfh_icp_rmse": 0.0,
  "fpfh_cov_5mm": 0.0,
  "fpfh_cov_10mm": 0.0,
  "fpfh_trimrmse_5mm": NaN,
  "fpfh_trimrmse_10mm": NaN,
  "fpfh_chamfer": 12.585496376008571,
  "spinnet_ref_feat_s": 102.64709408208728,
  "spinnet_mov_feat_s": 162.07805127371103,
  "spinnet_feat_s": 264.7251453557983,
  "spinnet_ransac_s": 9.894589777104557,
  "spinnet_icp_s": 3.4811848336830735,
  "spinnet_total_s": 278.10091996658593,
  "spinnet_ransac_fitness": 0.2574634242783709,
  "spinnet_ransac_rmse": 0.005216561785556797,
  "spinnet_icp_fitness": 0.7843204060199073,
  "spinnet_icp_rmse": 0.002911371047076297,
  "spinnet_cov_5mm": 0.7843204060199073,
  "spinnet_cov_10mm": 0.940573143126678,
  "spinnet_trimrmse_5mm": 0.002911371047076311,
  "spinnet_trimrmse_10mm": 0.0038092355475376053,
  "spinnet_chamfer": 0.0063630671952987165,
  "fpfh_T_icp": [
    [
      1.0,
      0.0,
      0.0,
      0.0
    ],
    [
      0.0,
      1.0,
      0.0,
      0.0
    ],
    [
      0.0,
      0.0,
      1.0,
      0.0
    ],
    [
      0.0,
      0.0,
      0.0,
      1.0
    ]
  ],
  "spinnet_T_icp": [
    [
      0.019398759422095072,
      -0.6825306993248602,
      -0.7305994337610784,
      -5.865640037665102
    ],
    [
      0.00885273096793965,
      0.7308255500985512,
      -0.682506882366447,
      -5.083906557887939
    ],
    [
      0.9997726327957265,
      0.006771986582534935,
      0.02021936968436478,
      0.11899762418071538
    ],
    [
      0.0,
      0.0,
      0.0,
      1.0
    ]
  ],
  "combine_w_fpfh": 1.0,
  "combine_w_spinnet": 1.0,
  "combine_feat_s": 267.1735176118091,
  "combine_ransac_s": 42.34948683064431,
  "combine_icp_s": 4.701848525553942,
  "combine_total_s": 314.2248529680073,
  "combine_ransac_fitness": 0.24995057334914986,
  "combine_ransac_rmse": 0.005274524781507092,
  "combine_icp_fitness": 0.7843043349342813,
  "combine_icp_rmse": 0.0029113124134116475,
  "combine_cov_5mm": 0.7843043349342813,
  "combine_cov_10mm": 0.9405715360181153,
  "combine_trimrmse_5mm": 0.0029113124134116453,
  "combine_trimrmse_10mm": 0.003809224715518827,
  "combine_chamfer": 0.006363010495365954,
  "combine_T_icp": [
    [
      0.019395873343651452,
      -0.682531428310873,
      -0.730598829362029,
      -5.865637853973712
    ],
    [
      0.008849488224220733,
      0.7308248653954083,
      -0.6825076575965742,
      -5.083915747953172
    ],
    [
      0.999772717499038,
      0.00677240634574638,
      0.02021504036309802,
      0.11896360943025482
    ],
    [
      0.0,
      0.0,
      0.0,
      1.0
    ]
  ]
}