{
  "K": 89606,
  "seed": 3,
  "voxel_size": 0.005,
  "patch_radius": 0.3,
  "ref_support_n": 451634,
  "mov_support_n": 448032,
  "ref_kp_n": 89606,
  "mov_kp_n": 89606,
  "fpfh_feat_s": 3.367079579271376,
  "fpfh_ransac_s": 112.806875272654,
  "fpfh_icp_s": 14.518813311122358,
  "fpfh_total_s": 130.69276816304773,
  "fpfh_ransac_fitness": 0.198435372631297,
  "fpfh_ransac_rmse": 0.005420692575863938,
  "fpfh_icp_fitness": 0.8907737430368892,
  "fpfh_icp_rmse": 0.0021790159645197235,
  "fpfh_cov_5mm": 0.8907737430368892,
  "fpfh_cov_10mm": 0.9598415569503796,
  "fpfh_trimrmse_5mm": 0.0021790159645197513,
  "fpfh_trimrmse_10mm": 0.0028146317777743316,
  "fpfh_chamfer": 0.005850301566160104,
  "spinnet_ref_feat_s": 730.1855042707175,
  "spinnet_mov_feat_s": 661.7948849247769,
  "spinnet_feat_s": 1391.9803891954944,
  "spinnet_ransac_s": 213.27008105814457,
  "spinnet_icp_s": 9.563185157254338,
  "spinnet_total_s": 1614.8136554108933,
  "spinnet_ransac_fitness": 0.6674441443653327,
  "spinnet_ransac_rmse": 0.00488165957262659,
  "spinnet_icp_fitness": 0.8890690469956434,
  "spinnet_icp_rmse": 0.002165115464970347,
  "spinnet_cov_5mm": 0.8890690469956434,
  "spinnet_cov_10mm": 0.959401170467202,
  "spinnet_trimrmse_5mm": 0.002165115464970364,
  "spinnet_trimrmse_10mm": 0.002814612278235055,
  "spinnet_chamfer": 0.005840237354281112,
  "fpfh_T_icp": [
    [
      0.007192412200321345,
      -0.999366036461537,
      0.034868243057426494,
      -0.37486815745555396
    ],
    [
      -0.007283778939843434,
      -0.03492057738622336,
      -0.9993635473837286,
      0.9614474600327708
    ],
    [
      0.9999476065130224,
      0.006933861996307468,
      -0.007530324476408819,
      -0.10556204772575298
    ],
    [
      0.0,
      0.0,
      0.0,
      1.0
    ]
  ],
  "spinnet_T_icp": [
    [
      0.007162342068322736,
      -0.9993675136276515,
      0.034832076621996465,
      -0.3748400909136726
    ],
    [
      -0.007002177888494712,
      -0.03488223893513212,
      -0.9993668990474387,
      0.961329380535497
    ],
    [
      0.9999498339221476,
      0.006913907186003586,
      -0.007247587633765566,
      -0.10581021871475875
    ],
    [
      0.0,
      0.0,
      0.0,
      1.0
    ]
  ],
  "combine_w_fpfh": 1.0,
  "combine_w_spinnet": 1.0,
  "combine_feat_s": 1395.3474687747657,
  "combine_ransac_s": 1800.7841724837199,
  "combine_icp_s": 11.176328329369426,
  "combine_total_s": 3207.307969587855,
  "combine_ransac_fitness": 0.6818739816530143,
  "combine_ransac_rmse": 0.004877714067771741,
  "combine_icp_fitness": 0.8890866624549705,
  "combine_icp_rmse": 0.0021652083585449616,
  "combine_cov_5mm": 0.8890866624549705,
  "combine_cov_10mm": 0.9594083767914722,
  "combine_trimrmse_5mm": 0.0021652083585449854,
  "combine_trimrmse_10mm": 0.0028146285909654172,
  "combine_chamfer": 0.0058402203953267645,
  "combine_T_icp": [
    [
      0.007162206331312522,
      -0.9993675134481645,
      0.03483210968218103,
      -0.3748402460615985
    ],
    [
      -0.00700157435615463,
      -0.03488226683858162,
      -0.9993669023020213,
      0.9613333617759903
    ],
    [
      0.9999498391204475,
      0.006913792349050195,
      -0.0072469799469345045,
      -0.10581239413716563
    ],
    [
      0.0,
      0.0,
      0.0,
      1.0
    ]
  ]
}