{
  "K": 3072,
  "seed": 0,
  "voxel_size": 0.005,
  "patch_radius": 0.3,
  "ref_support_n": 61443,
  "mov_support_n": 65640,
  "ref_kp_n": 3072,
  "mov_kp_n": 3072,
  "fpfh_feat_s": 0.3990673767402768,
  "fpfh_ransac_s": 0.2441785568371415,
  "fpfh_icp_s": 2.860126026906073,
  "fpfh_total_s": 3.5033719604834914,
  "fpfh_ransac_fitness": 0.33984375,
  "fpfh_ransac_rmse": 0.005315473567074256,
  "fpfh_icp_fitness": 0.9862410742310107,
  "fpfh_icp_rmse": 0.0014638342624555293,
  "fpfh_cov_5mm": 0.9862410742310107,
  "fpfh_cov_10mm": 0.9974914665725048,
  "fpfh_trimrmse_5mm": 0.0014638342624555395,
  "fpfh_trimrmse_10mm": 0.0016229994054057513,
  "fpfh_chamfer": 0.0029856358445475985,
  "spinnet_ref_feat_s": 17.777524040080607,
  "spinnet_mov_feat_s": 18.250377595424652,
  "spinnet_feat_s": 36.02790163550526,
  "spinnet_ransac_s": 0.48343166802078485,
  "spinnet_icp_s": 3.0220821667462587,
  "spinnet_total_s": 39.5334154702723,
  "spinnet_ransac_fitness": 0.0,
  "spinnet_ransac_rmse": 0.0,
  "spinnet_icp_fitness": 0.0,
  "spinnet_icp_rmse": 0.0,
  "spinnet_cov_5mm": 0.0,
  "spinnet_cov_10mm": 0.0,
  "spinnet_trimrmse_5mm": NaN,
  "spinnet_trimrmse_10mm": NaN,
  "spinnet_chamfer": 3.435376785446324,
  "fpfh_T_icp": [
    [
      -0.9792730487872712,
      0.02105070287524724,
      0.2014476701958604,
      -0.03970658137644904
    ],
    [
      -0.20151430003000687,
      -0.0010714335120635401,
      -0.9794849865687818,
      -2.320701601527731
    ],
    [
      -0.02040300963824961,
      -0.9997778352907649,
      0.005291243616976296,
      -0.8192704122527726
    ],
    [
      0.0,
      0.0,
      0.0,
      1.0
    ]
  ],
  "spinnet_T_icp": [
    [
      1.0,
      0.0,
      0.0,
      0.0
    ],
    [
      0.0,
      1.0,
      0.0,
      0.0
    ],
    [
      0.0,
      0.0,
      1.0,
      0.0
    ],
    [
      0.0,
      0.0,
      0.0,
      1.0
    ]
  ]
}