{
  "K": 20011,
  "seed": 0,
  "voxel_size": 0.005,
  "patch_radius": 0.3,
  "ref_support_n": 200112,
  "mov_support_n": 457980,
  "ref_kp_n": 20011,
  "mov_kp_n": 20011,
  "fpfh_feat_s": 2.3895575646311045,
  "fpfh_ransac_s": 6.363678954541683,
  "fpfh_icp_s": 4.457155207172036,
  "fpfh_total_s": 13.210391726344824,
  "fpfh_ransac_fitness": 0.0,
  "fpfh_ransac_rmse": 0.0,
  "fpfh_icp_fitness": 0.0011591471428902842,
  "fpfh_icp_rmse": 0.003521623448352246,
  "fpfh_cov_5mm": 0.0011591471428902842,
  "fpfh_cov_10mm": 0.0032822503293849802,
  "fpfh_trimrmse_5mm": 0.003521623448352246,
  "fpfh_trimrmse_10mm": 0.0064685488161291904,
  "fpfh_chamfer": 2.0708245160856587,
  "spinnet_ref_feat_s": 104.94245989527553,
  "spinnet_mov_feat_s": 145.38407252077013,
  "spinnet_feat_s": 250.32653241604567,
  "spinnet_ransac_s": 10.346078891307116,
  "spinnet_icp_s": 5.301627479493618,
  "spinnet_total_s": 265.9742387868464,
  "spinnet_ransac_fitness": 0.158262955374544,
  "spinnet_ransac_rmse": 0.005585723556813953,
  "spinnet_icp_fitness": 0.45374810908622565,
  "spinnet_icp_rmse": 0.0034191619945922605,
  "spinnet_cov_5mm": 0.45374810908622565,
  "spinnet_cov_10mm": 0.8213529463056485,
  "spinnet_trimrmse_5mm": 0.0034191619945922636,
  "spinnet_trimrmse_10mm": 0.0054060866813146055,
  "spinnet_chamfer": 0.01288411583981769,
  "fpfh_T_icp": [
    [
      0.9999129859183818,
      -0.0043557882736842135,
      -0.012451815141055814,
      -0.010954685334136391
    ],
    [
      0.00429080122743144,
      0.9999770599893365,
      -0.005241041873187956,
      -0.002981754599871318
    ],
    [
      0.012474358365016843,
      0.005187157565050866,
      0.9999087377254917,
      0.0027524640185687594
    ],
    [
      0.0,
      0.0,
      0.0,
      1.0
    ]
  ],
  "spinnet_T_icp": [
    [
      -0.040142833461609136,
      -0.9744272788966994,
      0.22108828793869384,
      0.14087516914683085
    ],
    [
      0.008828967987149664,
      -0.22160391526327874,
      -0.9750967921515653,
      -2.171534437268774
    ],
    [
      0.9991549440632151,
      -0.03719116671974485,
      0.01749899631603843,
      -0.041736886306574364
    ],
    [
      0.0,
      0.0,
      0.0,
      1.0
    ]
  ],
  "combine_w_fpfh": 1.0,
  "combine_w_spinnet": 1.0,
  "combine_feat_s": 252.71608998067677,
  "combine_ransac_s": 47.45138697233051,
  "combine_icp_s": 8.759064527228475,
  "combine_total_s": 308.92654148023576,
  "combine_ransac_fitness": 0.1462695517465394,
  "combine_ransac_rmse": 0.005661177954513457,
  "combine_icp_fitness": 0.453507320066205,
  "combine_icp_rmse": 0.003424198330581583,
  "combine_cov_5mm": 0.453507320066205,
  "combine_cov_10mm": 0.8234512506229716,
  "combine_trimrmse_5mm": 0.0034241983305815433,
  "combine_trimrmse_10mm": 0.005406981752125183,
  "combine_chamfer": 0.01272222116139881,
  "combine_T_icp": [
    [
      -0.04086430690093635,
      -0.9743740148244757,
      0.22119083990153482,
      0.14019871732499722
    ],
    [
      0.008680222750617876,
      -0.2217135994339396,
      -0.9750731939495803,
      -2.1685441568585686
    ],
    [
      0.9991270000127652,
      -0.03792570448769067,
      0.01751795606246966,
      -0.0429544454277979
    ],
    [
      0.0,
      0.0,
      0.0,
      1.0
    ]
  ]
}