{
  "K": 40464,
  "seed": 4,
  "voxel_size": 0.005,
  "patch_radius": 0.3,
  "ref_support_n": 202322,
  "mov_support_n": 470991,
  "ref_kp_n": 40464,
  "mov_kp_n": 40464,
  "fpfh_feat_s": 2.2962727658450603,
  "fpfh_ransac_s": 22.484224162995815,
  "fpfh_icp_s": 1.5305805085226893,
  "fpfh_total_s": 26.311077437363565,
  "fpfh_ransac_fitness": 0.0,
  "fpfh_ransac_rmse": 0.0,
  "fpfh_icp_fitness": 0.0,
  "fpfh_icp_rmse": 0.0,
  "fpfh_cov_5mm": 0.0,
  "fpfh_cov_10mm": 0.0,
  "fpfh_trimrmse_5mm": NaN,
  "fpfh_trimrmse_10mm": NaN,
  "fpfh_chamfer": 12.585496376008571,
  "spinnet_ref_feat_s": 203.3761811470613,
  "spinnet_mov_feat_s": 298.93547604978085,
  "spinnet_feat_s": 502.31165719684213,
  "spinnet_ransac_s": 37.29200649820268,
  "spinnet_icp_s": 1.5513643939048052,
  "spinnet_total_s": 541.1550280889496,
  "spinnet_ransac_fitness": 0.43547350731514434,
  "spinnet_ransac_rmse": 0.005109910028782194,
  "spinnet_icp_fitness": 0.7843268344541576,
  "spinnet_icp_rmse": 0.0029116016221632304,
  "spinnet_cov_5mm": 0.7843268344541576,
  "spinnet_cov_10mm": 0.940592428429429,
  "spinnet_trimrmse_5mm": 0.002911601622163242,
  "spinnet_trimrmse_10mm": 0.003809343957384063,
  "spinnet_chamfer": 0.006363110734935527,
  "fpfh_T_icp": [
    [
      1.0,
      0.0,
      0.0,
      0.0
    ],
    [
      0.0,
      1.0,
      0.0,
      0.0
    ],
    [
      0.0,
      0.0,
      1.0,
      0.0
    ],
    [
      0.0,
      0.0,
      0.0,
      1.0
    ]
  ],
  "spinnet_T_icp": [
    [
      0.019402333908277922,
      -0.6825717245377461,
      -0.7305610106626819,
      -5.8653248685051045
    ],
    [
      0.008822171089136563,
      0.7307869931827565,
      -0.6825485622958842,
      -5.084276435850494
    ],
    [
      0.9997728335657985,
      0.006797900887160934,
      0.020200737792037293,
      0.11885474710360965
    ],
    [
      0.0,
      0.0,
      0.0,
      1.0
    ]
  ]
}