{
  "K": 179213,
  "seed": 3,
  "voxel_size": 0.005,
  "patch_radius": 0.3,
  "ref_support_n": 451634,
  "mov_support_n": 448032,
  "ref_kp_n": 179213,
  "mov_kp_n": 179213,
  "fpfh_feat_s": 3.499700279906392,
  "fpfh_ransac_s": 535.6075543593615,
  "fpfh_icp_s": 7.696179322898388,
  "fpfh_total_s": 546.8034339621663,
  "fpfh_ransac_fitness": 0.7933855244876209,
  "fpfh_ransac_rmse": 0.004536383822946007,
  "fpfh_icp_fitness": 0.8891194912655346,
  "fpfh_icp_rmse": 0.002165383819008683,
  "fpfh_cov_5mm": 0.8891194912655346,
  "fpfh_cov_10mm": 0.9594131810076523,
  "fpfh_trimrmse_5mm": 0.0021653838190087,
  "fpfh_trimrmse_10mm": 0.0028145325120817054,
  "fpfh_chamfer": 0.005840253261447905,
  "spinnet_ref_feat_s": 1362.6352876909077,
  "spinnet_mov_feat_s": 1257.9683820977807,
  "spinnet_feat_s": 2620.6036697886884,
  "spinnet_ransac_s": 968.5267816521227,
  "spinnet_icp_s": 4.193889963440597,
  "spinnet_total_s": 3593.3243414042518,
  "spinnet_ransac_fitness": 0.8326683890119578,
  "spinnet_ransac_rmse": 0.004256714873232857,
  "spinnet_icp_fitness": 0.8891627292111557,
  "spinnet_icp_rmse": 0.002165785845431977,
  "spinnet_cov_5mm": 0.8891627292111557,
  "spinnet_cov_10mm": 0.9594668280883303,
  "spinnet_trimrmse_5mm": 0.0021657858454319457,
  "spinnet_trimrmse_10mm": 0.0028147752125452447,
  "spinnet_chamfer": 0.005840231197989144,
  "fpfh_T_icp": [
    [
      0.007162626098526729,
      -0.9993674652323025,
      0.034833406703012694,
      -0.3748417448512708
    ],
    [
      -0.007009155200499917,
      -0.03488361931794309,
      -0.9993668019534441,
      0.9613310119419982
    ],
    [
      0.999949783004502,
      0.006913937983929377,
      -0.007254579988281685,
      -0.10580233675510964
    ],
    [
      0.0,
      0.0,
      0.0,
      1.0
    ]
  ],
  "spinnet_T_icp": [
    [
      0.0071648370176367665,
      -0.999367822648481,
      0.034822696124064044,
      -0.3748267234726415
    ],
    [
      -0.0069561022967838506,
      -0.034872557792827746,
      -0.9993675586859042,
      0.9614096885323867
    ],
    [
      0.9999501376325485,
      0.006918075442208877,
      -0.007201560999430729,
      -0.10588343033402878
    ],
    [
      0.0,
      0.0,
      0.0,
      1.0
    ]
  ],
  "combine_w_fpfh": 1.0,
  "combine_w_spinnet": 1.0,
  "combine_feat_s": 2624.103370068595,
  "combine_ransac_s": 6670.442919162102,
  "combine_icp_s": 8.797799850814044,
  "combine_total_s": 9303.34408908151,
  "combine_ransac_fitness": 0.8314017398291419,
  "combine_ransac_rmse": 0.004444670269588077,
  "combine_icp_fitness": 0.8890866624549705,
  "combine_icp_rmse": 0.0021652085122814383,
  "combine_cov_5mm": 0.8890866624549705,
  "combine_cov_10mm": 0.9594083767914722,
  "combine_trimrmse_5mm": 0.0021652085122814556,
  "combine_trimrmse_10mm": 0.0028145966847368344,
  "combine_chamfer": 0.0058402204378371165,
  "combine_T_icp": [
    [
      0.007162187793196354,
      -0.9993675111710673,
      0.034832178826117395,
      -0.3748402858789221
    ],
    [
      -0.007001705727086756,
      -0.03488233675643781,
      -0.999366898941188,
      0.9613341826065995
    ],
    [
      0.9999498383333716,
      0.006913768738547394,
      -0.007247111072946279,
      -0.10581244407893785
    ],
    [
      0.0,
      0.0,
      0.0,
      1.0
    ]
  ]
}