{
  "K": 20970,
  "seed": 2,
  "voxel_size": 0.005,
  "patch_radius": 0.3,
  "ref_support_n": 52425,
  "mov_support_n": 59566,
  "ref_kp_n": 20970,
  "mov_kp_n": 20970,
  "fpfh_feat_s": 0.40066638216376305,
  "fpfh_ransac_s": 3.3843853855505586,
  "fpfh_icp_s": 5.402472643181682,
  "fpfh_total_s": 9.187524410896003,
  "fpfh_ransac_fitness": 0.0,
  "fpfh_ransac_rmse": 0.0,
  "fpfh_icp_fitness": 0.0,
  "fpfh_icp_rmse": 0.0,
  "fpfh_cov_5mm": 0.0,
  "fpfh_cov_10mm": 0.0,
  "fpfh_trimrmse_5mm": NaN,
  "fpfh_trimrmse_10mm": NaN,
  "fpfh_chamfer": 8.107914416820307,
  "spinnet_ref_feat_s": 117.82934760954231,
  "spinnet_mov_feat_s": 121.99864395987242,
  "spinnet_feat_s": 239.82799156941473,
  "spinnet_ransac_s": 15.15196306630969,
  "spinnet_icp_s": 6.851643420755863,
  "spinnet_total_s": 261.8315980564803,
  "spinnet_ransac_fitness": 0.5066762041010968,
  "spinnet_ransac_rmse": 0.004907557142616869,
  "spinnet_icp_fitness": 0.7907028524342994,
  "spinnet_icp_rmse": 0.0012211518363351103,
  "spinnet_cov_5mm": 0.7907028524342994,
  "spinnet_cov_10mm": 0.8165477421880936,
  "spinnet_trimrmse_5mm": 0.0012211518363351081,
  "spinnet_trimrmse_10mm": 0.0017575512543756995,
  "spinnet_chamfer": 0.016678769851241282,
  "fpfh_T_icp": [
    [
      1.0,
      0.0,
      0.0,
      0.0
    ],
    [
      0.0,
      1.0,
      0.0,
      0.0
    ],
    [
      0.0,
      0.0,
      1.0,
      0.0
    ],
    [
      0.0,
      0.0,
      0.0,
      1.0
    ]
  ],
  "spinnet_T_icp": [
    [
      0.44159191135348935,
      -0.04349298331229039,
      0.8961612266940414,
      4.248413391010796
    ],
    [
      0.8933240709837605,
      0.11424602691964582,
      -0.43464922585238397,
      -1.5721924647974344
    ],
    [
      -0.08347866810253252,
      0.9924999777005904,
      0.08930345030375274,
      0.5782888284158708
    ],
    [
      0.0,
      0.0,
      0.0,
      1.0
    ]
  ]
}