{
  "K": 10116,
  "seed": 2,
  "voxel_size": 0.005,
  "patch_radius": 0.3,
  "ref_support_n": 202322,
  "mov_support_n": 470991,
  "ref_kp_n": 10116,
  "mov_kp_n": 10116,
  "fpfh_feat_s": 2.5156708415597677,
  "fpfh_ransac_s": 2.091835217550397,
  "fpfh_icp_s": 0.9364310503005981,
  "fpfh_total_s": 5.543937109410763,
  "fpfh_ransac_fitness": 0.0,
  "fpfh_ransac_rmse": 0.0,
  "fpfh_icp_fitness": 0.0,
  "fpfh_icp_rmse": 0.0,
  "fpfh_cov_5mm": 0.0,
  "fpfh_cov_10mm": 0.0,
  "fpfh_trimrmse_5mm": NaN,
  "fpfh_trimrmse_10mm": NaN,
  "fpfh_chamfer": 12.585496376008571,
  "spinnet_ref_feat_s": 52.16166000813246,
  "spinnet_mov_feat_s": 77.08051054365933,
  "spinnet_feat_s": 129.2421705517918,
  "spinnet_ransac_s": 2.7255774084478617,
  "spinnet_icp_s": 2.5549759212881327,
  "spinnet_total_s": 134.52272388152778,
  "spinnet_ransac_fitness": 0.14462238038750494,
  "spinnet_ransac_rmse": 0.005348161059398482,
  "spinnet_icp_fitness": 0.7843300486712829,
  "spinnet_icp_rmse": 0.0029114138509723385,
  "spinnet_cov_5mm": 0.7843300486712829,
  "spinnet_cov_10mm": 0.9405779644523657,
  "spinnet_trimrmse_5mm": 0.0029114138509723354,
  "spinnet_trimrmse_10mm": 0.003809210809721389,
  "spinnet_chamfer": 0.006363171306070332,
  "fpfh_T_icp": [
    [
      1.0,
      0.0,
      0.0,
      0.0
    ],
    [
      0.0,
      1.0,
      0.0,
      0.0
    ],
    [
      0.0,
      0.0,
      1.0,
      0.0
    ],
    [
      0.0,
      0.0,
      0.0,
      1.0
    ]
  ],
  "spinnet_T_icp": [
    [
      0.019402381587946802,
      -0.682529557902535,
      -0.730600403899486,
      -5.865647064447546
    ],
    [
      0.008861338822256338,
      0.7308266517594225,
      -0.6825055910044938,
      -5.083891329620503
    ],
    [
      0.999772486250246,
      0.00676813618994552,
      0.020227903240856868,
      0.11907140899217143
    ],
    [
      0.0,
      0.0,
      0.0,
      1.0
    ]
  ],
  "combine_w_fpfh": 1.0,
  "combine_w_spinnet": 1.0,
  "combine_feat_s": 131.75784139335155,
  "combine_ransac_s": 7.680785836651921,
  "combine_icp_s": 4.2161794463172555,
  "combine_total_s": 143.65480667632073,
  "combine_ransac_fitness": 0.1409648082245947,
  "combine_ransac_rmse": 0.005444848517909077,
  "combine_icp_fitness": 0.7842914780657806,
  "combine_icp_rmse": 0.0029112704052142602,
  "combine_cov_5mm": 0.7842914780657806,
  "combine_cov_10mm": 0.9405739466809592,
  "combine_trimrmse_5mm": 0.0029112704052142685,
  "combine_trimrmse_10mm": 0.003809298778789002,
  "combine_chamfer": 0.006363094277146573,
  "combine_T_icp": [
    [
      0.019397691063393136,
      -0.6825306763366278,
      -0.7305994836029384,
      -5.865634052147367
    ],
    [
      0.008849612721897751,
      0.7308255572105881,
      -0.6825069151902489,
      -5.083903933171262
    ],
    [
      0.9997726811311065,
      0.006773535804785337,
      0.02021646053639762,
      0.11896867022636168
    ],
    [
      0.0,
      0.0,
      0.0,
      1.0
    ]
  ]
}