{
  "K": 22402,
  "seed": 4,
  "voxel_size": 0.005,
  "patch_radius": 0.3,
  "ref_support_n": 451634,
  "mov_support_n": 448032,
  "ref_kp_n": 22402,
  "mov_kp_n": 22402,
  "fpfh_feat_s": 3.5712253972887993,
  "fpfh_ransac_s": 5.604848204180598,
  "fpfh_icp_s": 20.831258058547974,
  "fpfh_total_s": 30.00733166001737,
  "fpfh_ransac_fitness": 0.0,
  "fpfh_ransac_rmse": 0.0,
  "fpfh_icp_fitness": 0.0014692894484199333,
  "fpfh_icp_rmse": 0.003137731510718803,
  "fpfh_cov_5mm": 0.0014692894484199333,
  "fpfh_cov_10mm": 0.0026431196017625068,
  "fpfh_trimrmse_5mm": 0.0031377315107188105,
  "fpfh_trimrmse_10mm": 0.005530341803614232,
  "fpfh_chamfer": 2.0489803121514667,
  "spinnet_ref_feat_s": 208.4445830564946,
  "spinnet_mov_feat_s": 190.45741262752563,
  "spinnet_feat_s": 398.9019956840202,
  "spinnet_ransac_s": 9.724038001149893,
  "spinnet_icp_s": 4.59447683673352,
  "spinnet_total_s": 413.22051052190363,
  "spinnet_ransac_fitness": 0.27363628247477906,
  "spinnet_ransac_rmse": 0.005377725321670672,
  "spinnet_icp_fitness": 0.889174739751606,
  "spinnet_icp_rmse": 0.0021660987896245792,
  "spinnet_cov_5mm": 0.889174739751606,
  "spinnet_cov_10mm": 0.9594412056020364,
  "spinnet_trimrmse_5mm": 0.002166098789624624,
  "spinnet_trimrmse_10mm": 0.0028150885896683926,
  "spinnet_chamfer": 0.005839239049783252,
  "fpfh_T_icp": [
    [
      0.9965362460303991,
      -0.06086737382892613,
      -0.05666280217929274,
      -0.030914974354589446
    ],
    [
      0.056603743566680555,
      0.995648235162509,
      -0.07403112880415941,
      0.0017471646375628782
    ],
    [
      0.06092229938107539,
      0.07056737646356372,
      0.9956448758554286,
      0.01772316953181133
    ],
    [
      0.0,
      0.0,
      0.0,
      1.0
    ]
  ],
  "spinnet_T_icp": [
    [
      0.007191151423422551,
      -0.9993649269729672,
      0.034900287642377445,
      -0.37494135483134944
    ],
    [
      -0.007009284460808629,
      -0.03495070808713831,
      -0.999364457010331,
      0.9613072186080054
    ],
    [
      0.9999495773650549,
      0.006941955093698399,
      -0.007256168887519065,
      -0.1058020587197569
    ],
    [
      0.0,
      0.0,
      0.0,
      1.0
    ]
  ]
}