{
  "K": 9814,
  "seed": 1,
  "voxel_size": 0.005,
  "patch_radius": 0.3,
  "ref_support_n": 196290,
  "mov_support_n": 400580,
  "ref_kp_n": 9814,
  "mov_kp_n": 9814,
  "fpfh_feat_s": 2.29174817353487,
  "fpfh_ransac_s": 1.7345957020297647,
  "fpfh_icp_s": 1.5195450214669108,
  "fpfh_total_s": 5.545888897031546,
  "fpfh_ransac_fitness": 0.0,
  "fpfh_ransac_rmse": 0.0,
  "fpfh_icp_fitness": 0.0,
  "fpfh_icp_rmse": 0.0,
  "fpfh_cov_5mm": 0.0,
  "fpfh_cov_10mm": 0.0,
  "fpfh_trimrmse_5mm": NaN,
  "fpfh_trimrmse_10mm": NaN,
  "fpfh_chamfer": 6.64051921124479,
  "spinnet_ref_feat_s": 51.3882305258885,
  "spinnet_mov_feat_s": 73.64597034361213,
  "spinnet_feat_s": 125.03420086950064,
  "spinnet_ransac_s": 2.5125360656529665,
  "spinnet_icp_s": 4.085268763825297,
  "spinnet_total_s": 131.6320056989789,
  "spinnet_ransac_fitness": 0.13134297941715917,
  "spinnet_ransac_rmse": 0.005602479749282676,
  "spinnet_icp_fitness": 0.6375796137428656,
  "spinnet_icp_rmse": 0.003310823587982773,
  "spinnet_cov_5mm": 0.6375796137428656,
  "spinnet_cov_10mm": 0.9300635625202748,
  "spinnet_trimrmse_5mm": 0.003310823587982814,
  "spinnet_trimrmse_10mm": 0.004707413037700513,
  "spinnet_chamfer": 0.00875487553134677,
  "fpfh_T_icp": [
    [
      1.0,
      0.0,
      0.0,
      0.0
    ],
    [
      0.0,
      1.0,
      0.0,
      0.0
    ],
    [
      0.0,
      0.0,
      1.0,
      0.0
    ],
    [
      0.0,
      0.0,
      0.0,
      1.0
    ]
  ],
  "spinnet_T_icp": [
    [
      0.006109768965910883,
      -0.9181573593710588,
      0.39616882027230027,
      1.6234969801715913
    ],
    [
      0.05034288679229787,
      -0.3953914213183733,
      -0.9171320612088821,
      -4.466910534125378
    ],
    [
      0.9987133044435731,
      0.025547747074822404,
      0.04380694176497409,
      0.04444808171957898
    ],
    [
      0.0,
      0.0,
      0.0,
      1.0
    ]
  ]
}