{
  "K": 3640,
  "seed": 3,
  "voxel_size": 0.005,
  "patch_radius": 0.3,
  "ref_support_n": 36395,
  "mov_support_n": 51616,
  "ref_kp_n": 3640,
  "mov_kp_n": 3640,
  "fpfh_feat_s": 0.31163790822029114,
  "fpfh_ransac_s": 0.28314582258462906,
  "fpfh_icp_s": 14.657920221798122,
  "fpfh_total_s": 15.252703952603042,
  "fpfh_ransac_fitness": 0.056043956043956046,
  "fpfh_ransac_rmse": 0.0056455405320069915,
  "fpfh_icp_fitness": 0.11956181473165113,
  "fpfh_icp_rmse": 0.0030505973538956137,
  "fpfh_cov_5mm": 0.11956181473165113,
  "fpfh_cov_10mm": 0.23179091191334716,
  "fpfh_trimrmse_5mm": 0.0030505973538956207,
  "fpfh_trimrmse_10mm": 0.005718082158914229,
  "fpfh_chamfer": 0.0640269341057084,
  "spinnet_ref_feat_s": 18.462579142302275,
  "spinnet_mov_feat_s": 20.66812014300376,
  "spinnet_feat_s": 39.13069928530604,
  "spinnet_ransac_s": 0.6515425089746714,
  "spinnet_icp_s": 1.7256905063986778,
  "spinnet_total_s": 41.507932300679386,
  "spinnet_ransac_fitness": 0.0,
  "spinnet_ransac_rmse": 0.0,
  "spinnet_icp_fitness": 0.0,
  "spinnet_icp_rmse": 0.0,
  "spinnet_cov_5mm": 0.0,
  "spinnet_cov_10mm": 0.0,
  "spinnet_trimrmse_5mm": NaN,
  "spinnet_trimrmse_10mm": NaN,
  "spinnet_chamfer": 0.7110959697585784,
  "fpfh_T_icp": [
    [
      0.4372502211165209,
      -0.1630763287316045,
      -0.8844310912337802,
      -0.34474997333507845
    ],
    [
      0.899261350971796,
      0.09227598086274531,
      0.427567732650862,
      0.5817537570188799
    ],
    [
      0.01188557032430646,
      -0.9822887835882281,
      0.18699593272268286,
      -0.7983147058721498
    ],
    [
      0.0,
      0.0,
      0.0,
      1.0
    ]
  ],
  "spinnet_T_icp": [
    [
      1.0,
      0.0,
      0.0,
      0.0
    ],
    [
      0.0,
      1.0,
      0.0,
      0.0
    ],
    [
      0.0,
      0.0,
      1.0,
      0.0
    ],
    [
      0.0,
      0.0,
      0.0,
      1.0
    ]
  ]
}