{
  "K": 78516,
  "seed": 2,
  "voxel_size": 0.005,
  "patch_radius": 0.3,
  "ref_support_n": 196290,
  "mov_support_n": 400580,
  "ref_kp_n": 78516,
  "mov_kp_n": 78516,
  "fpfh_feat_s": 2.0303370291367173,
  "fpfh_ransac_s": 94.32794394064695,
  "fpfh_icp_s": 1.4004167662933469,
  "fpfh_total_s": 97.75869773607701,
  "fpfh_ransac_fitness": 0.0,
  "fpfh_ransac_rmse": 0.0,
  "fpfh_icp_fitness": 0.0,
  "fpfh_icp_rmse": 0.0,
  "fpfh_cov_5mm": 0.0,
  "fpfh_cov_10mm": 0.0,
  "fpfh_trimrmse_5mm": NaN,
  "fpfh_trimrmse_10mm": NaN,
  "fpfh_chamfer": 6.64051921124479,
  "spinnet_ref_feat_s": 464.07227258756757,
  "spinnet_mov_feat_s": 614.5046398993582,
  "spinnet_feat_s": 1078.5769124869257,
  "spinnet_ransac_s": 177.30151486583054,
  "spinnet_icp_s": 3.9083633460104465,
  "spinnet_total_s": 1259.7867906987667,
  "spinnet_ransac_fitness": 0.5984767435936624,
  "spinnet_ransac_rmse": 0.005172042221863632,
  "spinnet_icp_fitness": 0.637582825593309,
  "spinnet_icp_rmse": 0.003310840309040601,
  "spinnet_cov_5mm": 0.637582825593309,
  "spinnet_cov_10mm": 0.9300764099220484,
  "spinnet_trimrmse_5mm": 0.003310840309040597,
  "spinnet_trimrmse_10mm": 0.004707364167379321,
  "spinnet_chamfer": 0.008754546804022486,
  "fpfh_T_icp": [
    [
      1.0,
      0.0,
      0.0,
      0.0
    ],
    [
      0.0,
      1.0,
      0.0,
      0.0
    ],
    [
      0.0,
      0.0,
      1.0,
      0.0
    ],
    [
      0.0,
      0.0,
      0.0,
      1.0
    ]
  ],
  "spinnet_T_icp": [
    [
      0.0061105507461211,
      -0.9181583962270712,
      0.39616640519775403,
      1.6234863019383778
    ],
    [
      0.05034010109807207,
      -0.3953890459475967,
      -0.9171332381753942,
      -4.466914524885469
    ],
    [
      0.9987134400772901,
      0.0255472460821395,
      0.04380414166039119,
      0.04443627820938637
    ],
    [
      0.0,
      0.0,
      0.0,
      1.0
    ]
  ]
}