{
  "K": 10116,
  "seed": 2,
  "voxel_size": 0.005,
  "patch_radius": 0.3,
  "ref_support_n": 202322,
  "mov_support_n": 470991,
  "ref_kp_n": 10116,
  "mov_kp_n": 10116,
  "fpfh_feat_s": 2.392751677893102,
  "fpfh_ransac_s": 2.0707849636673927,
  "fpfh_icp_s": 1.5067542223259807,
  "fpfh_total_s": 5.970290863886476,
  "fpfh_ransac_fitness": 0.0,
  "fpfh_ransac_rmse": 0.0,
  "fpfh_icp_fitness": 0.0,
  "fpfh_icp_rmse": 0.0,
  "fpfh_cov_5mm": 0.0,
  "fpfh_cov_10mm": 0.0,
  "fpfh_trimrmse_5mm": NaN,
  "fpfh_trimrmse_10mm": NaN,
  "fpfh_chamfer": 12.585496376008571,
  "spinnet_ref_feat_s": 50.79867765400559,
  "spinnet_mov_feat_s": 74.82122659310699,
  "spinnet_feat_s": 125.61990424711257,
  "spinnet_ransac_s": 2.7647305401042104,
  "spinnet_icp_s": 1.7353929821401834,
  "spinnet_total_s": 130.12002776935697,
  "spinnet_ransac_fitness": 0.14047054171609333,
  "spinnet_ransac_rmse": 0.005382008421273523,
  "spinnet_icp_fitness": 0.7843268344541576,
  "spinnet_icp_rmse": 0.0029116015146043337,
  "spinnet_cov_5mm": 0.7843268344541576,
  "spinnet_cov_10mm": 0.940592428429429,
  "spinnet_trimrmse_5mm": 0.0029116015146043502,
  "spinnet_trimrmse_10mm": 0.0038093442843541167,
  "spinnet_chamfer": 0.006363110544556472,
  "fpfh_T_icp": [
    [
      1.0,
      0.0,
      0.0,
      0.0
    ],
    [
      0.0,
      1.0,
      0.0,
      0.0
    ],
    [
      0.0,
      0.0,
      1.0,
      0.0
    ],
    [
      0.0,
      0.0,
      0.0,
      1.0
    ]
  ],
  "spinnet_T_icp": [
    [
      0.019402242754363398,
      -0.6825717123844215,
      -0.7305610244385476,
      -5.8653250110119615
    ],
    [
      0.008822196854816264,
      0.7307870052916169,
      -0.6825485489982127,
      -5.084276303670718
    ],
    [
      0.9997728351074335,
      0.006797819467248649,
      0.020200688892586652,
      0.11885429573871574
    ],
    [
      0.0,
      0.0,
      0.0,
      1.0
    ]
  ]
}