{
  "K": 24577,
  "seed": 0,
  "voxel_size": 0.005,
  "patch_radius": 0.3,
  "ref_support_n": 61443,
  "mov_support_n": 65640,
  "ref_kp_n": 24577,
  "mov_kp_n": 24577,
  "fpfh_feat_s": 0.42708583548665047,
  "fpfh_ransac_s": 4.086363062262535,
  "fpfh_icp_s": 3.0545754563063383,
  "fpfh_total_s": 7.568024354055524,
  "fpfh_ransac_fitness": 0.8706107336127273,
  "fpfh_ransac_rmse": 0.003917155344742082,
  "fpfh_icp_fitness": 0.9862410742310107,
  "fpfh_icp_rmse": 0.0014638341609070568,
  "fpfh_cov_5mm": 0.9862410742310107,
  "fpfh_cov_10mm": 0.9974914665725048,
  "fpfh_trimrmse_5mm": 0.0014638341609070737,
  "fpfh_trimrmse_10mm": 0.0016230013338982847,
  "fpfh_chamfer": 0.00298563192704211,
  "spinnet_ref_feat_s": 141.09201218467206,
  "spinnet_mov_feat_s": 144.88017985783517,
  "spinnet_feat_s": 285.97219204250723,
  "spinnet_ransac_s": 20.90656231995672,
  "spinnet_icp_s": 3.0937537094578147,
  "spinnet_total_s": 309.97250807192177,
  "spinnet_ransac_fitness": 0.0,
  "spinnet_ransac_rmse": 0.0,
  "spinnet_icp_fitness": 0.0,
  "spinnet_icp_rmse": 0.0,
  "spinnet_cov_5mm": 0.0,
  "spinnet_cov_10mm": 0.0,
  "spinnet_trimrmse_5mm": NaN,
  "spinnet_trimrmse_10mm": NaN,
  "spinnet_chamfer": 3.435376785446324,
  "fpfh_T_icp": [
    [
      -0.9792731407682429,
      0.021050003867755213,
      0.20144729610265505,
      -0.03970756646857497
    ],
    [
      -0.2015139280230804,
      -0.0010717210348240062,
      -0.9794850627889808,
      -2.3207019857267133
    ],
    [
      -0.020402269055474962,
      -0.9997778497002183,
      0.005291376588091893,
      -0.8192696924288828
    ],
    [
      0.0,
      0.0,
      0.0,
      1.0
    ]
  ],
  "spinnet_T_icp": [
    [
      1.0,
      0.0,
      0.0,
      0.0
    ],
    [
      0.0,
      1.0,
      0.0,
      0.0
    ],
    [
      0.0,
      0.0,
      1.0,
      0.0
    ],
    [
      0.0,
      0.0,
      0.0,
      1.0
    ]
  ]
}