{
  "K": 1820,
  "seed": 1,
  "voxel_size": 0.005,
  "patch_radius": 0.3,
  "ref_support_n": 36395,
  "mov_support_n": 51616,
  "ref_kp_n": 1820,
  "mov_kp_n": 1820,
  "fpfh_feat_s": 0.25504712760448456,
  "fpfh_ransac_s": 0.14889449533075094,
  "fpfh_icp_s": 1.0360686276108027,
  "fpfh_total_s": 1.4400102505460382,
  "fpfh_ransac_fitness": 0.0,
  "fpfh_ransac_rmse": 0.0,
  "fpfh_icp_fitness": 0.0,
  "fpfh_icp_rmse": 0.0,
  "fpfh_cov_5mm": 0.0,
  "fpfh_cov_10mm": 0.0,
  "fpfh_trimrmse_5mm": NaN,
  "fpfh_trimrmse_10mm": NaN,
  "fpfh_chamfer": 0.7110959697585784,
  "spinnet_ref_feat_s": 9.280354614369571,
  "spinnet_mov_feat_s": 10.500515349209309,
  "spinnet_feat_s": 19.78086996357888,
  "spinnet_ransac_s": 0.25241268053650856,
  "spinnet_icp_s": 1.04888457339257,
  "spinnet_total_s": 21.08216721750796,
  "spinnet_ransac_fitness": 0.0,
  "spinnet_ransac_rmse": 0.0,
  "spinnet_icp_fitness": 0.0,
  "spinnet_icp_rmse": 0.0,
  "spinnet_cov_5mm": 0.0,
  "spinnet_cov_10mm": 0.0,
  "spinnet_trimrmse_5mm": NaN,
  "spinnet_trimrmse_10mm": NaN,
  "spinnet_chamfer": 0.7110959697585784,
  "fpfh_T_icp": [
    [
      1.0,
      0.0,
      0.0,
      0.0
    ],
    [
      0.0,
      1.0,
      0.0,
      0.0
    ],
    [
      0.0,
      0.0,
      1.0,
      0.0
    ],
    [
      0.0,
      0.0,
      0.0,
      1.0
    ]
  ],
  "spinnet_T_icp": [
    [
      1.0,
      0.0,
      0.0,
      0.0
    ],
    [
      0.0,
      1.0,
      0.0,
      0.0
    ],
    [
      0.0,
      0.0,
      1.0,
      0.0
    ],
    [
      0.0,
      0.0,
      0.0,
      1.0
    ]
  ],
  "combine_w_fpfh": 1.0,
  "combine_w_spinnet": 1.0,
  "combine_feat_s": 20.035917091183364,
  "combine_ransac_s": 0.35493877343833447,
  "combine_icp_s": 1.0569503027945757,
  "combine_total_s": 21.447806167416275,
  "combine_ransac_fitness": 0.0,
  "combine_ransac_rmse": 0.0,
  "combine_icp_fitness": 0.0,
  "combine_icp_rmse": 0.0,
  "combine_cov_5mm": 0.0,
  "combine_cov_10mm": 0.0,
  "combine_trimrmse_5mm": NaN,
  "combine_trimrmse_10mm": NaN,
  "combine_chamfer": 0.7110959697585784,
  "combine_T_icp": [
    [
      1.0,
      0.0,
      0.0,
      0.0
    ],
    [
      0.0,
      1.0,
      0.0,
      0.0
    ],
    [
      0.0,
      0.0,
      1.0,
      0.0
    ],
    [
      0.0,
      0.0,
      0.0,
      1.0
    ]
  ]
}