{
  "K": 14558,
  "seed": 0,
  "voxel_size": 0.005,
  "patch_radius": 0.3,
  "ref_support_n": 36395,
  "mov_support_n": 51616,
  "ref_kp_n": 14558,
  "mov_kp_n": 14558,
  "fpfh_feat_s": 0.3227326152846217,
  "fpfh_ransac_s": 1.7862698221579194,
  "fpfh_icp_s": 8.192079378291965,
  "fpfh_total_s": 10.301081815734506,
  "fpfh_ransac_fitness": 0.4034894903146036,
  "fpfh_ransac_rmse": 0.004965779657520019,
  "fpfh_icp_fitness": 0.5349953043296786,
  "fpfh_icp_rmse": 0.0029136412999273627,
  "fpfh_cov_5mm": 0.5349953043296786,
  "fpfh_cov_10mm": 0.7888842082481479,
  "fpfh_trimrmse_5mm": 0.002913641299927318,
  "fpfh_trimrmse_10mm": 0.004858700660099825,
  "fpfh_chamfer": 0.012490428281992746,
  "spinnet_ref_feat_s": 74.18155447673053,
  "spinnet_mov_feat_s": 83.48826448898762,
  "spinnet_feat_s": 157.66981896571815,
  "spinnet_ransac_s": 8.744124526157975,
  "spinnet_icp_s": 1.718343697488308,
  "spinnet_total_s": 168.13228718936443,
  "spinnet_ransac_fitness": 0.0,
  "spinnet_ransac_rmse": 0.0,
  "spinnet_icp_fitness": 0.0,
  "spinnet_icp_rmse": 0.0,
  "spinnet_cov_5mm": 0.0,
  "spinnet_cov_10mm": 0.0,
  "spinnet_trimrmse_5mm": NaN,
  "spinnet_trimrmse_10mm": NaN,
  "spinnet_chamfer": 0.7110959697585784,
  "fpfh_T_icp": [
    [
      -0.1111956609337202,
      0.009285101521387751,
      -0.9937551569069967,
      -0.5042741647642051
    ],
    [
      0.993549913849693,
      -0.02132730372944425,
      -0.11137196597393002,
      0.3100877327797541
    ],
    [
      -0.022228218074761212,
      -0.9997294298985945,
      -0.006853708182530733,
      -0.9134877055318165
    ],
    [
      0.0,
      0.0,
      0.0,
      1.0
    ]
  ],
  "spinnet_T_icp": [
    [
      1.0,
      0.0,
      0.0,
      0.0
    ],
    [
      0.0,
      1.0,
      0.0,
      0.0
    ],
    [
      0.0,
      0.0,
      1.0,
      0.0
    ],
    [
      0.0,
      0.0,
      0.0,
      1.0
    ]
  ]
}