{
  "K": 3640,
  "seed": 2,
  "voxel_size": 0.005,
  "patch_radius": 0.3,
  "ref_support_n": 36395,
  "mov_support_n": 51616,
  "ref_kp_n": 3640,
  "mov_kp_n": 3640,
  "fpfh_feat_s": 0.25726719573140144,
  "fpfh_ransac_s": 0.25361343286931515,
  "fpfh_icp_s": 1.0738631719723344,
  "fpfh_total_s": 1.584743800573051,
  "fpfh_ransac_fitness": 0.0,
  "fpfh_ransac_rmse": 0.0,
  "fpfh_icp_fitness": 0.0,
  "fpfh_icp_rmse": 0.0,
  "fpfh_cov_5mm": 0.0,
  "fpfh_cov_10mm": 0.0,
  "fpfh_trimrmse_5mm": NaN,
  "fpfh_trimrmse_10mm": NaN,
  "fpfh_chamfer": 0.7110959697585784,
  "spinnet_ref_feat_s": 18.65640498418361,
  "spinnet_mov_feat_s": 21.215425515547395,
  "spinnet_feat_s": 39.871830499731004,
  "spinnet_ransac_s": 0.6445331620052457,
  "spinnet_icp_s": 1.094456011429429,
  "spinnet_total_s": 41.61081967316568,
  "spinnet_ransac_fitness": 0.0,
  "spinnet_ransac_rmse": 0.0,
  "spinnet_icp_fitness": 0.0,
  "spinnet_icp_rmse": 0.0,
  "spinnet_cov_5mm": 0.0,
  "spinnet_cov_10mm": 0.0,
  "spinnet_trimrmse_5mm": NaN,
  "spinnet_trimrmse_10mm": NaN,
  "spinnet_chamfer": 0.7110959697585784,
  "fpfh_T_icp": [
    [
      1.0,
      0.0,
      0.0,
      0.0
    ],
    [
      0.0,
      1.0,
      0.0,
      0.0
    ],
    [
      0.0,
      0.0,
      1.0,
      0.0
    ],
    [
      0.0,
      0.0,
      0.0,
      1.0
    ]
  ],
  "spinnet_T_icp": [
    [
      1.0,
      0.0,
      0.0,
      0.0
    ],
    [
      0.0,
      1.0,
      0.0,
      0.0
    ],
    [
      0.0,
      0.0,
      1.0,
      0.0
    ],
    [
      0.0,
      0.0,
      0.0,
      1.0
    ]
  ],
  "combine_w_fpfh": 1.0,
  "combine_w_spinnet": 1.0,
  "combine_feat_s": 40.129097695462406,
  "combine_ransac_s": 1.1206011231988668,
  "combine_icp_s": 1.0993754621595144,
  "combine_total_s": 42.34907428082079,
  "combine_ransac_fitness": 0.0,
  "combine_ransac_rmse": 0.0,
  "combine_icp_fitness": 0.0,
  "combine_icp_rmse": 0.0,
  "combine_cov_5mm": 0.0,
  "combine_cov_10mm": 0.0,
  "combine_trimrmse_5mm": NaN,
  "combine_trimrmse_10mm": NaN,
  "combine_chamfer": 0.7110959697585784,
  "combine_T_icp": [
    [
      1.0,
      0.0,
      0.0,
      0.0
    ],
    [
      0.0,
      1.0,
      0.0,
      0.0
    ],
    [
      0.0,
      0.0,
      1.0,
      0.0
    ],
    [
      0.0,
      0.0,
      0.0,
      1.0
    ]
  ]
}