{
  "K": 9814,
  "seed": 0,
  "voxel_size": 0.005,
  "patch_radius": 0.3,
  "ref_support_n": 196290,
  "mov_support_n": 400580,
  "ref_kp_n": 9814,
  "mov_kp_n": 9814,
  "fpfh_feat_s": 2.115935388021171,
  "fpfh_ransac_s": 1.7122334530577064,
  "fpfh_icp_s": 1.4587525157257915,
  "fpfh_total_s": 5.286921356804669,
  "fpfh_ransac_fitness": 0.0,
  "fpfh_ransac_rmse": 0.0,
  "fpfh_icp_fitness": 0.0,
  "fpfh_icp_rmse": 0.0,
  "fpfh_cov_5mm": 0.0,
  "fpfh_cov_10mm": 0.0,
  "fpfh_trimrmse_5mm": NaN,
  "fpfh_trimrmse_10mm": NaN,
  "fpfh_chamfer": 6.64051921124479,
  "spinnet_ref_feat_s": 51.53995235916227,
  "spinnet_mov_feat_s": 73.58326818235219,
  "spinnet_feat_s": 125.12322054151446,
  "spinnet_ransac_s": 2.483503708615899,
  "spinnet_icp_s": 6.225010259076953,
  "spinnet_total_s": 133.8317345092073,
  "spinnet_ransac_fitness": 0.11626248216833096,
  "spinnet_ransac_rmse": 0.005581138563863302,
  "spinnet_icp_fitness": 0.637567569303703,
  "spinnet_icp_rmse": 0.0033107862140216208,
  "spinnet_cov_5mm": 0.637567569303703,
  "spinnet_cov_10mm": 0.9300651684454965,
  "spinnet_trimrmse_5mm": 0.0033107862140216472,
  "spinnet_trimrmse_10mm": 0.00470740540518571,
  "spinnet_chamfer": 0.008754821333001435,
  "fpfh_T_icp": [
    [
      1.0,
      0.0,
      0.0,
      0.0
    ],
    [
      0.0,
      1.0,
      0.0,
      0.0
    ],
    [
      0.0,
      0.0,
      1.0,
      0.0
    ],
    [
      0.0,
      0.0,
      0.0,
      1.0
    ]
  ],
  "spinnet_T_icp": [
    [
      0.006109762061792301,
      -0.9181577236836942,
      0.39616797604996634,
      1.6234932409487597
    ],
    [
      0.05034218488537572,
      -0.39539059629638834,
      -0.9171324554181656,
      -4.466912120451529
    ],
    [
      0.9987133398671092,
      0.025547422577724833,
      0.04380632341477901,
      0.04444556791036087
    ],
    [
      0.0,
      0.0,
      0.0,
      1.0
    ]
  ]
}