{
  "K": 5242,
  "seed": 3,
  "voxel_size": 0.005,
  "patch_radius": 0.3,
  "ref_support_n": 52425,
  "mov_support_n": 59566,
  "ref_kp_n": 5242,
  "mov_kp_n": 5242,
  "fpfh_feat_s": 0.4010544177144766,
  "fpfh_ransac_s": 0.42074177879840136,
  "fpfh_icp_s": 5.424585813656449,
  "fpfh_total_s": 6.246382010169327,
  "fpfh_ransac_fitness": 0.0,
  "fpfh_ransac_rmse": 0.0,
  "fpfh_icp_fitness": 0.0,
  "fpfh_icp_rmse": 0.0,
  "fpfh_cov_5mm": 0.0,
  "fpfh_cov_10mm": 0.0,
  "fpfh_trimrmse_5mm": NaN,
  "fpfh_trimrmse_10mm": NaN,
  "fpfh_chamfer": 8.107914416820307,
  "spinnet_ref_feat_s": 29.603418605402112,
  "spinnet_mov_feat_s": 30.394708052277565,
  "spinnet_feat_s": 59.99812665767968,
  "spinnet_ransac_s": 1.2089473884552717,
  "spinnet_icp_s": 7.260698605328798,
  "spinnet_total_s": 68.46777265146375,
  "spinnet_ransac_fitness": 0.2113697062190004,
  "spinnet_ransac_rmse": 0.005543267296187194,
  "spinnet_icp_fitness": 0.7907028524342994,
  "spinnet_icp_rmse": 0.0012211518511167354,
  "spinnet_cov_5mm": 0.7907028524342994,
  "spinnet_cov_10mm": 0.8165477421880936,
  "spinnet_trimrmse_5mm": 0.0012211518511167348,
  "spinnet_trimrmse_10mm": 0.0017575515174437588,
  "spinnet_chamfer": 0.016678770566843793,
  "fpfh_T_icp": [
    [
      1.0,
      0.0,
      0.0,
      0.0
    ],
    [
      0.0,
      1.0,
      0.0,
      0.0
    ],
    [
      0.0,
      0.0,
      1.0,
      0.0
    ],
    [
      0.0,
      0.0,
      0.0,
      1.0
    ]
  ],
  "spinnet_T_icp": [
    [
      0.4415918895957243,
      -0.04349297069422137,
      0.8961612380277726,
      4.248413432194447
    ],
    [
      0.8933240788681205,
      0.11424605252532279,
      -0.43464920291748593,
      -1.5721923294555573
    ],
    [
      -0.08347869882612236,
      0.9924999753060818,
      0.089303448196163,
      0.57828880954752
    ],
    [
      0.0,
      0.0,
      0.0,
      1.0
    ]
  ]
}