{
  "K": 24577,
  "seed": 2,
  "voxel_size": 0.005,
  "patch_radius": 0.3,
  "ref_support_n": 61443,
  "mov_support_n": 65640,
  "ref_kp_n": 24577,
  "mov_kp_n": 24577,
  "fpfh_feat_s": 0.4356319447979331,
  "fpfh_ransac_s": 4.133788864128292,
  "fpfh_icp_s": 2.930500232614577,
  "fpfh_total_s": 7.4999210415408015,
  "fpfh_ransac_fitness": 0.8727672213858486,
  "fpfh_ransac_rmse": 0.0038696360079669544,
  "fpfh_icp_fitness": 0.9862410742310107,
  "fpfh_icp_rmse": 0.001463834082135568,
  "fpfh_cov_5mm": 0.9862410742310107,
  "fpfh_cov_10mm": 0.9974914665725048,
  "fpfh_trimrmse_5mm": 0.0014638340821355776,
  "fpfh_trimrmse_10mm": 0.001623001151545994,
  "fpfh_chamfer": 0.0029856309609170946,
  "spinnet_ref_feat_s": 141.11007847916335,
  "spinnet_mov_feat_s": 145.1766764977947,
  "spinnet_feat_s": 286.28675497695804,
  "spinnet_ransac_s": 20.90750897116959,
  "spinnet_icp_s": 3.014909602701664,
  "spinnet_total_s": 310.2091735508293,
  "spinnet_ransac_fitness": 0.0,
  "spinnet_ransac_rmse": 0.0,
  "spinnet_icp_fitness": 0.0,
  "spinnet_icp_rmse": 0.0,
  "spinnet_cov_5mm": 0.0,
  "spinnet_cov_10mm": 0.0,
  "spinnet_trimrmse_5mm": NaN,
  "spinnet_trimrmse_10mm": NaN,
  "spinnet_chamfer": 3.435376785446324,
  "fpfh_T_icp": [
    [
      -0.9792731522571813,
      0.021050156659886014,
      0.20144722428685366,
      -0.03970766906308688
    ],
    [
      -0.20151385776552871,
      -0.001071758519776157,
      -0.9794850772023683,
      -2.3207020103307885
    ],
    [
      -0.02040241154221575,
      -0.9997778464430338,
      0.005291442619222007,
      -0.819269595074142
    ],
    [
      0.0,
      0.0,
      0.0,
      1.0
    ]
  ],
  "spinnet_T_icp": [
    [
      1.0,
      0.0,
      0.0,
      0.0
    ],
    [
      0.0,
      1.0,
      0.0,
      0.0
    ],
    [
      0.0,
      0.0,
      1.0,
      0.0
    ],
    [
      0.0,
      0.0,
      0.0,
      1.0
    ]
  ]
}