{
  "K": 6144,
  "seed": 4,
  "voxel_size": 0.005,
  "patch_radius": 0.3,
  "ref_support_n": 61443,
  "mov_support_n": 65640,
  "ref_kp_n": 6144,
  "mov_kp_n": 6144,
  "fpfh_feat_s": 0.3955598259344697,
  "fpfh_ransac_s": 0.5371220652014017,
  "fpfh_icp_s": 2.7994282077997923,
  "fpfh_total_s": 3.7321100989356637,
  "fpfh_ransac_fitness": 0.541015625,
  "fpfh_ransac_rmse": 0.005051195418960376,
  "fpfh_icp_fitness": 0.9862091964846202,
  "fpfh_icp_rmse": 0.0014636520866989707,
  "fpfh_cov_5mm": 0.9862091964846202,
  "fpfh_cov_10mm": 0.997489014438167,
  "fpfh_trimrmse_5mm": 0.0014636520866989596,
  "fpfh_trimrmse_10mm": 0.0016230278829658328,
  "fpfh_chamfer": 0.002985136209742498,
  "spinnet_ref_feat_s": 37.83107420708984,
  "spinnet_mov_feat_s": 38.401718257926404,
  "spinnet_feat_s": 76.23279246501625,
  "spinnet_ransac_s": 1.678260412067175,
  "spinnet_icp_s": 1.7848003190010786,
  "spinnet_total_s": 79.6958531960845,
  "spinnet_ransac_fitness": 0.0,
  "spinnet_ransac_rmse": 0.0,
  "spinnet_icp_fitness": 0.0,
  "spinnet_icp_rmse": 0.0,
  "spinnet_cov_5mm": 0.0,
  "spinnet_cov_10mm": 0.0,
  "spinnet_trimrmse_5mm": NaN,
  "spinnet_trimrmse_10mm": NaN,
  "spinnet_chamfer": 3.435376785446324,
  "fpfh_T_icp": [
    [
      -0.9792758713989712,
      0.02107782493708681,
      0.20143111227340788,
      -0.03971676268747001
    ],
    [
      -0.20149809564788906,
      -0.0010818815556246412,
      -0.9794883087523663,
      -2.3207425205838343
    ],
    [
      -0.020427558494707947,
      -0.9997772526059088,
      0.005306602088357478,
      -0.8192445933408403
    ],
    [
      0.0,
      0.0,
      0.0,
      1.0
    ]
  ],
  "spinnet_T_icp": [
    [
      1.0,
      0.0,
      0.0,
      0.0
    ],
    [
      0.0,
      1.0,
      0.0,
      0.0
    ],
    [
      0.0,
      0.0,
      1.0,
      0.0
    ],
    [
      0.0,
      0.0,
      0.0,
      1.0
    ]
  ],
  "combine_w_fpfh": 1.0,
  "combine_w_spinnet": 1.0,
  "combine_feat_s": 76.62835229095072,
  "combine_ransac_s": 3.078872404061258,
  "combine_icp_s": 4.197153351269662,
  "combine_total_s": 83.90437804628164,
  "combine_ransac_fitness": 0.439453125,
  "combine_ransac_rmse": 0.005373686979264086,
  "combine_icp_fitness": 0.9862386220966729,
  "combine_icp_rmse": 0.0014638093900574973,
  "combine_cov_5mm": 0.9862386220966729,
  "combine_cov_10mm": 0.997489014438167,
  "combine_trimrmse_5mm": 0.0014638093900574889,
  "combine_trimrmse_10mm": 0.0016229284869597983,
  "combine_chamfer": 0.0029854798244575934,
  "combine_T_icp": [
    [
      -0.9792752566633606,
      0.02107863749095574,
      0.2014340158176795,
      -0.039720438923118696
    ],
    [
      -0.20150080681899873,
      -0.0010722251854617109,
      -0.9794877616307635,
      -2.3207061791905486
    ],
    [
      -0.020430284829274125,
      -0.9997772458776413,
      0.005297366054766521,
      -0.8192657805038003
    ],
    [
      0.0,
      0.0,
      0.0,
      1.0
    ]
  ]
}