{
  "K": 40022,
  "seed": 2,
  "voxel_size": 0.005,
  "patch_radius": 0.3,
  "ref_support_n": 200112,
  "mov_support_n": 457980,
  "ref_kp_n": 40022,
  "mov_kp_n": 40022,
  "fpfh_feat_s": 2.256385494954884,
  "fpfh_ransac_s": 20.771303203888237,
  "fpfh_icp_s": 6.488158280029893,
  "fpfh_total_s": 29.515846978873014,
  "fpfh_ransac_fitness": 0.0,
  "fpfh_ransac_rmse": 0.0,
  "fpfh_icp_fitness": 0.0012199443705367035,
  "fpfh_icp_rmse": 0.003561943380193047,
  "fpfh_cov_5mm": 0.0012199443705367035,
  "fpfh_cov_10mm": 0.0033374478123797554,
  "fpfh_trimrmse_5mm": 0.0035619433801930564,
  "fpfh_trimrmse_10mm": 0.006420014478097011,
  "fpfh_chamfer": 2.0749589498997993,
  "spinnet_ref_feat_s": 193.8334983959794,
  "spinnet_mov_feat_s": 275.7552918661386,
  "spinnet_feat_s": 469.588790262118,
  "spinnet_ransac_s": 34.90075274556875,
  "spinnet_icp_s": 4.0660590417683125,
  "spinnet_total_s": 508.55560204945505,
  "spinnet_ransac_fitness": 0.27165059217430415,
  "spinnet_ransac_rmse": 0.005472314081172398,
  "spinnet_icp_fitness": 0.4522281783950652,
  "spinnet_icp_rmse": 0.0034136653254668013,
  "spinnet_cov_5mm": 0.4522281783950652,
  "spinnet_cov_10mm": 0.8203049940922694,
  "spinnet_trimrmse_5mm": 0.0034136653254668078,
  "spinnet_trimrmse_10mm": 0.005403945015316052,
  "spinnet_chamfer": 0.012834451262723609,
  "fpfh_T_icp": [
    [
      0.9993335391745971,
      0.011278514123827254,
      -0.034717036162852495,
      -0.021136609419755027
    ],
    [
      -0.010776419093213363,
      0.9998351099461318,
      0.014615803451538461,
      0.008799809587165428
    ],
    [
      0.03487615621454869,
      -0.014231937259741072,
      0.9992903010084375,
      -0.005744314986373646
    ],
    [
      0.0,
      0.0,
      0.0,
      1.0
    ]
  ],
  "spinnet_T_icp": [
    [
      -0.040432268363940115,
      -0.9743848481748162,
      0.22122251088505243,
      0.14098744876010358
    ],
    [
      0.008540633240571607,
      -0.2217324912204607,
      -0.9750701307706124,
      -2.170553968444125
    ],
    [
      0.9991457797833098,
      -0.0375349168709523,
      0.017287011213461673,
      -0.04334602475332771
    ],
    [
      0.0,
      0.0,
      0.0,
      1.0
    ]
  ]
}