{
  "K": 2621,
  "seed": 2,
  "voxel_size": 0.005,
  "patch_radius": 0.3,
  "ref_support_n": 52425,
  "mov_support_n": 59566,
  "ref_kp_n": 2621,
  "mov_kp_n": 2621,
  "fpfh_feat_s": 0.424375606700778,
  "fpfh_ransac_s": 0.2330965045839548,
  "fpfh_icp_s": 5.589284279383719,
  "fpfh_total_s": 6.246756390668452,
  "fpfh_ransac_fitness": 0.0,
  "fpfh_ransac_rmse": 0.0,
  "fpfh_icp_fitness": 0.0,
  "fpfh_icp_rmse": 0.0,
  "fpfh_cov_5mm": 0.0,
  "fpfh_cov_10mm": 0.0,
  "fpfh_trimrmse_5mm": NaN,
  "fpfh_trimrmse_10mm": NaN,
  "fpfh_chamfer": 8.107914416820307,
  "spinnet_ref_feat_s": 14.637563898228109,
  "spinnet_mov_feat_s": 15.113844302482903,
  "spinnet_feat_s": 29.751408200711012,
  "spinnet_ransac_s": 0.3792129587382078,
  "spinnet_icp_s": 15.50873567070812,
  "spinnet_total_s": 45.63935683015734,
  "spinnet_ransac_fitness": 0.08470049599389547,
  "spinnet_ransac_rmse": 0.005611039236414435,
  "spinnet_icp_fitness": 0.7907028524342994,
  "spinnet_icp_rmse": 0.001221151806662807,
  "spinnet_cov_5mm": 0.7907028524342994,
  "spinnet_cov_10mm": 0.8165477421880936,
  "spinnet_trimrmse_5mm": 0.0012211518066628012,
  "spinnet_trimrmse_10mm": 0.0017575508276273905,
  "spinnet_chamfer": 0.016678767440286048,
  "fpfh_T_icp": [
    [
      1.0,
      0.0,
      0.0,
      0.0
    ],
    [
      0.0,
      1.0,
      0.0,
      0.0
    ],
    [
      0.0,
      0.0,
      1.0,
      0.0
    ],
    [
      0.0,
      0.0,
      0.0,
      1.0
    ]
  ],
  "spinnet_T_icp": [
    [
      0.4415920375458218,
      -0.0434928511549774,
      0.8961611709254879,
      4.248413259074583
    ],
    [
      0.893323999669379,
      0.11424608301659993,
      -0.43464935767819685,
      -1.5721930998945772
    ],
    [
      -0.08347876371170199,
      0.9924999770346477,
      0.0893033683317189,
      0.5782883929267478
    ],
    [
      0.0,
      0.0,
      0.0,
      1.0
    ]
  ]
}