{
  "K": 1820,
  "seed": 2,
  "voxel_size": 0.005,
  "patch_radius": 0.3,
  "ref_support_n": 36395,
  "mov_support_n": 51616,
  "ref_kp_n": 1820,
  "mov_kp_n": 1820,
  "fpfh_feat_s": 0.31581265944987535,
  "fpfh_ransac_s": 0.1930418536067009,
  "fpfh_icp_s": 18.755666500888765,
  "fpfh_total_s": 19.26452101394534,
  "fpfh_ransac_fitness": 0.008791208791208791,
  "fpfh_ransac_rmse": 0.004670952349042467,
  "fpfh_icp_fitness": 0.029098985245675668,
  "fpfh_icp_rmse": 0.002972481154286248,
  "fpfh_cov_5mm": 0.029098985245675668,
  "fpfh_cov_10mm": 0.05314030199150528,
  "fpfh_trimrmse_5mm": 0.0029724811542862512,
  "fpfh_trimrmse_10mm": 0.005493573238358807,
  "fpfh_chamfer": 0.42244701716371297,
  "spinnet_ref_feat_s": 9.24571851361543,
  "spinnet_mov_feat_s": 10.377719997428358,
  "spinnet_feat_s": 19.623438511043787,
  "spinnet_ransac_s": 0.28124723955988884,
  "spinnet_icp_s": 1.6352935060858727,
  "spinnet_total_s": 21.53997925668955,
  "spinnet_ransac_fitness": 0.0,
  "spinnet_ransac_rmse": 0.0,
  "spinnet_icp_fitness": 0.0,
  "spinnet_icp_rmse": 0.0,
  "spinnet_cov_5mm": 0.0,
  "spinnet_cov_10mm": 0.0,
  "spinnet_trimrmse_5mm": NaN,
  "spinnet_trimrmse_10mm": NaN,
  "spinnet_chamfer": 0.7110959697585784,
  "fpfh_T_icp": [
    [
      0.424189060317286,
      0.8906057003164953,
      0.163966849304675,
      1.0306257970261707
    ],
    [
      -0.8764715048773061,
      0.44930448173044063,
      -0.17298318945796978,
      -0.349536704197106
    ],
    [
      -0.22773085483800648,
      -0.07033469457319554,
      0.9711805643102872,
      0.10368344092117729
    ],
    [
      0.0,
      0.0,
      0.0,
      1.0
    ]
  ],
  "spinnet_T_icp": [
    [
      1.0,
      0.0,
      0.0,
      0.0
    ],
    [
      0.0,
      1.0,
      0.0,
      0.0
    ],
    [
      0.0,
      0.0,
      1.0,
      0.0
    ],
    [
      0.0,
      0.0,
      0.0,
      1.0
    ]
  ]
}