{
  "K": 12289,
  "seed": 2,
  "voxel_size": 0.005,
  "patch_radius": 0.3,
  "ref_support_n": 61443,
  "mov_support_n": 65640,
  "ref_kp_n": 12289,
  "mov_kp_n": 12289,
  "fpfh_feat_s": 0.426222650334239,
  "fpfh_ransac_s": 1.320480571128428,
  "fpfh_icp_s": 2.9325032830238342,
  "fpfh_total_s": 4.679206504486501,
  "fpfh_ransac_fitness": 0.7671087964846611,
  "fpfh_ransac_rmse": 0.0046082076730030955,
  "fpfh_icp_fitness": 0.9862410742310107,
  "fpfh_icp_rmse": 0.0014638341473538377,
  "fpfh_cov_5mm": 0.9862410742310107,
  "fpfh_cov_10mm": 0.9974914665725048,
  "fpfh_trimrmse_5mm": 0.0014638341473538381,
  "fpfh_trimrmse_10mm": 0.0016229994904535538,
  "fpfh_chamfer": 0.002985640394696799,
  "spinnet_ref_feat_s": 70.41065074969083,
  "spinnet_mov_feat_s": 72.46292251814157,
  "spinnet_feat_s": 142.8735732678324,
  "spinnet_ransac_s": 5.9081138633191586,
  "spinnet_icp_s": 4.41470305621624,
  "spinnet_total_s": 153.1963901873678,
  "spinnet_ransac_fitness": 0.1662462364716413,
  "spinnet_ransac_rmse": 0.005311758328264383,
  "spinnet_icp_fitness": 0.9862386220966729,
  "spinnet_icp_rmse": 0.0014638150967730354,
  "spinnet_cov_5mm": 0.9862386220966729,
  "spinnet_cov_10mm": 0.9974914665725048,
  "spinnet_trimrmse_5mm": 0.0014638150967730078,
  "spinnet_trimrmse_10mm": 0.0016230022339149286,
  "spinnet_chamfer": 0.002985624376248364,
  "fpfh_T_icp": [
    [
      -0.979273114829516,
      0.02105061328772829,
      0.20144735851410014,
      -0.03970735434358181
    ],
    [
      -0.2015139862838085,
      -0.0010713588949157876,
      -0.979485051198908,
      -2.3207014223719593
    ],
    [
      -0.020402938614498028,
      -0.9997778372570221,
      0.005291145959453515,
      -0.819270567189802
    ],
    [
      0.0,
      0.0,
      0.0,
      1.0
    ]
  ],
  "spinnet_T_icp": [
    [
      -0.979273140147374,
      0.021049362910572248,
      0.20144736609586258,
      -0.039707335869756735
    ],
    [
      -0.20151399176090212,
      -0.0010715800217215947,
      -0.9794850498301866,
      -2.3207027752086105
    ],
    [
      -0.020401669306419398,
      -0.9997778633463118,
      0.005291110676923995,
      -0.8192700244536925
    ],
    [
      0.0,
      0.0,
      0.0,
      1.0
    ]
  ]
}