{
  "K": 10485,
  "seed": 3,
  "voxel_size": 0.005,
  "patch_radius": 0.3,
  "ref_support_n": 52425,
  "mov_support_n": 59566,
  "ref_kp_n": 10485,
  "mov_kp_n": 10485,
  "fpfh_feat_s": 0.3600069275125861,
  "fpfh_ransac_s": 1.131834370084107,
  "fpfh_icp_s": 5.745856763795018,
  "fpfh_total_s": 7.237698061391711,
  "fpfh_ransac_fitness": 0.0,
  "fpfh_ransac_rmse": 0.0,
  "fpfh_icp_fitness": 0.0,
  "fpfh_icp_rmse": 0.0,
  "fpfh_cov_5mm": 0.0,
  "fpfh_cov_10mm": 0.0,
  "fpfh_trimrmse_5mm": NaN,
  "fpfh_trimrmse_10mm": NaN,
  "fpfh_chamfer": 8.107914416820307,
  "spinnet_ref_feat_s": 58.95575558394194,
  "spinnet_mov_feat_s": 60.532203941605985,
  "spinnet_feat_s": 119.48795952554792,
  "spinnet_ransac_s": 4.443043052218854,
  "spinnet_icp_s": 49.16512659098953,
  "spinnet_total_s": 173.0961291687563,
  "spinnet_ransac_fitness": 0.40495946590367193,
  "spinnet_ransac_rmse": 0.005209983198465627,
  "spinnet_icp_fitness": 0.7907005148524109,
  "spinnet_icp_rmse": 0.0012211460647355077,
  "spinnet_cov_5mm": 0.7907005148524109,
  "spinnet_cov_10mm": 0.8165524173518703,
  "spinnet_trimrmse_5mm": 0.0012211460647354887,
  "spinnet_trimrmse_10mm": 0.001757582745657156,
  "spinnet_chamfer": 0.016678623954770107,
  "fpfh_T_icp": [
    [
      1.0,
      0.0,
      0.0,
      0.0
    ],
    [
      0.0,
      1.0,
      0.0,
      0.0
    ],
    [
      0.0,
      0.0,
      1.0,
      0.0
    ],
    [
      0.0,
      0.0,
      0.0,
      1.0
    ]
  ],
  "spinnet_T_icp": [
    [
      0.4415956417451174,
      -0.04350274044004019,
      0.8961589149062438,
      4.248420151910396
    ],
    [
      0.8933240176627876,
      0.11422987959798116,
      -0.43465357938690385,
      -1.572239870893297
    ],
    [
      -0.08345950310499381,
      0.992501408654542,
      0.08930545985677664,
      0.578305383589172
    ],
    [
      0.0,
      0.0,
      0.0,
      1.0
    ]
  ],
  "combine_w_fpfh": 1.0,
  "combine_w_spinnet": 1.0,
  "combine_feat_s": 119.84796645306051,
  "combine_ransac_s": 7.716448657214642,
  "combine_icp_s": 24.38125558104366,
  "combine_total_s": 151.9456706913188,
  "combine_ransac_fitness": 0.4683834048640916,
  "combine_ransac_rmse": 0.00519716614721813,
  "combine_icp_fitness": 0.7906999304569389,
  "combine_icp_rmse": 0.0012227366721109872,
  "combine_cov_5mm": 0.7906999304569389,
  "combine_cov_10mm": 0.8165693648205614,
  "combine_trimrmse_5mm": 0.0012227366721110037,
  "combine_trimrmse_10mm": 0.0017590075293162078,
  "combine_chamfer": 0.016682309859641226,
  "combine_T_icp": [
    [
      0.4415965859317452,
      -0.04350289727219148,
      0.8961584420303969,
      4.248535211793699
    ],
    [
      0.893325689544261,
      0.11420462417540495,
      -0.43465677978977907,
      -1.5723800542728257
    ],
    [
      -0.08343660883384192,
      0.9925043081749731,
      0.08929462783633084,
      0.5782757176105741
    ],
    [
      0.0,
      0.0,
      0.0,
      1.0
    ]
  ]
}