{
  "K": 89606,
  "seed": 4,
  "voxel_size": 0.005,
  "patch_radius": 0.3,
  "ref_support_n": 451634,
  "mov_support_n": 448032,
  "ref_kp_n": 89606,
  "mov_kp_n": 89606,
  "fpfh_feat_s": 3.5801837788894773,
  "fpfh_ransac_s": 126.70069111697376,
  "fpfh_icp_s": 4.712386141531169,
  "fpfh_total_s": 134.9932610373944,
  "fpfh_ransac_fitness": 0.5165055911434502,
  "fpfh_ransac_rmse": 0.005207249123273291,
  "fpfh_icp_fitness": 0.8891739390489093,
  "fpfh_icp_rmse": 0.002166094505604616,
  "fpfh_cov_5mm": 0.8891739390489093,
  "fpfh_cov_10mm": 0.9594412056020364,
  "fpfh_trimrmse_5mm": 0.002166094505604593,
  "fpfh_trimrmse_10mm": 0.0028150882746199772,
  "fpfh_chamfer": 0.005839238976587339,
  "spinnet_ref_feat_s": 746.3044656962156,
  "spinnet_mov_feat_s": 695.4196842936799,
  "spinnet_feat_s": 1441.7241499898955,
  "spinnet_ransac_s": 243.5985429752618,
  "spinnet_icp_s": 4.143368317745626,
  "spinnet_total_s": 1689.466061282903,
  "spinnet_ransac_fitness": 0.6851103720732986,
  "spinnet_ransac_rmse": 0.004818910710058067,
  "spinnet_icp_fitness": 0.8890946694819374,
  "spinnet_icp_rmse": 0.00216557246886499,
  "spinnet_cov_5mm": 0.8890946694819374,
  "spinnet_cov_10mm": 0.9594556182505767,
  "spinnet_trimrmse_5mm": 0.00216557246886499,
  "spinnet_trimrmse_10mm": 0.0028153811662718067,
  "spinnet_chamfer": 0.005839155199070193,
  "fpfh_T_icp": [
    [
      0.007191096399070552,
      -0.9993649272448669,
      0.03490029119421197,
      -0.3749413870281329
    ],
    [
      -0.00700929692782505,
      -0.034950711326234334,
      -0.9993644568096111,
      0.9613072044916467
    ],
    [
      0.9999495776733736,
      0.0069418996428745475,
      -0.007256179448676427,
      -0.10580202979489545
    ],
    [
      0.0,
      0.0,
      0.0,
      1.0
    ]
  ],
  "spinnet_T_icp": [
    [
      0.007177815461586829,
      -0.9993655543709155,
      0.034885064169512224,
      -0.3749227405964094
    ],
    [
      -0.006977944389303989,
      -0.03493517067791425,
      -0.9993652195978223,
      0.9613415898799682
    ],
    [
      0.9999498923732619,
      0.00692983308720917,
      -0.0072242754712314354,
      -0.105852870088646
    ],
    [
      0.0,
      0.0,
      0.0,
      1.0
    ]
  ]
}