{
  "K": 10116,
  "seed": 3,
  "voxel_size": 0.005,
  "patch_radius": 0.3,
  "ref_support_n": 202322,
  "mov_support_n": 470991,
  "ref_kp_n": 10116,
  "mov_kp_n": 10116,
  "fpfh_feat_s": 2.457259842194617,
  "fpfh_ransac_s": 2.0512315407395363,
  "fpfh_icp_s": 0.928466534242034,
  "fpfh_total_s": 5.436957917176187,
  "fpfh_ransac_fitness": 0.0,
  "fpfh_ransac_rmse": 0.0,
  "fpfh_icp_fitness": 0.0,
  "fpfh_icp_rmse": 0.0,
  "fpfh_cov_5mm": 0.0,
  "fpfh_cov_10mm": 0.0,
  "fpfh_trimrmse_5mm": NaN,
  "fpfh_trimrmse_10mm": NaN,
  "fpfh_chamfer": 12.585496376008571,
  "spinnet_ref_feat_s": 52.56906554568559,
  "spinnet_mov_feat_s": 73.48046223912388,
  "spinnet_feat_s": 126.04952778480947,
  "spinnet_ransac_s": 2.7614026069641113,
  "spinnet_icp_s": 2.990205273963511,
  "spinnet_total_s": 131.8011356657371,
  "spinnet_ransac_fitness": 0.128212732305259,
  "spinnet_ransac_rmse": 0.005475599677823498,
  "spinnet_icp_fitness": 0.7842713892087482,
  "spinnet_icp_rmse": 0.0029112560214096363,
  "spinnet_cov_5mm": 0.7842713892087482,
  "spinnet_cov_10mm": 0.9405876071037412,
  "spinnet_trimrmse_5mm": 0.0029112560214096302,
  "spinnet_trimrmse_10mm": 0.003809398031610575,
  "spinnet_chamfer": 0.006362736225865419,
  "fpfh_T_icp": [
    [
      1.0,
      0.0,
      0.0,
      0.0
    ],
    [
      0.0,
      1.0,
      0.0,
      0.0
    ],
    [
      0.0,
      0.0,
      1.0,
      0.0
    ],
    [
      0.0,
      0.0,
      0.0,
      1.0
    ]
  ],
  "spinnet_T_icp": [
    [
      0.019378709654742962,
      -0.6825337583645746,
      -0.7305971080594644,
      -5.8656556896262115
    ],
    [
      0.008830384711229168,
      0.7308226679126038,
      -0.6825102580701343,
      -5.083964251434399
    ],
    [
      0.9997732192442303,
      0.006774714594448326,
      0.02018943595534362,
      0.11878186698620649
    ],
    [
      0.0,
      0.0,
      0.0,
      1.0
    ]
  ],
  "combine_w_fpfh": 1.0,
  "combine_w_spinnet": 1.0,
  "combine_feat_s": 128.5067876270041,
  "combine_ransac_s": 7.723329647444189,
  "combine_icp_s": 5.2852842546999454,
  "combine_total_s": 141.51540152914822,
  "combine_ransac_fitness": 0.13216686437327008,
  "combine_ransac_rmse": 0.005477484385322925,
  "combine_icp_fitness": 0.7843019242714374,
  "combine_icp_rmse": 0.0029113037293938895,
  "combine_cov_5mm": 0.7843019242714374,
  "combine_cov_10mm": 0.9405723395723966,
  "combine_trimrmse_5mm": 0.0029113037293938826,
  "combine_trimrmse_10mm": 0.0038092295442636367,
  "combine_chamfer": 0.0063630136665179995,
  "combine_T_icp": [
    [
      0.019396234907845068,
      -0.6825314324540527,
      -0.7305988158925711,
      -5.865638080563586
    ],
    [
      0.00884988343140422,
      0.7308248619140616,
      -0.682507656199954,
      -5.083916056070397
    ],
    [
      0.9997727069862687,
      0.0067723644702857334,
      0.020215574313666662,
      0.11896828190816858
    ],
    [
      0.0,
      0.0,
      0.0,
      1.0
    ]
  ]
}