{
  "K": 179213,
  "seed": 1,
  "voxel_size": 0.005,
  "patch_radius": 0.3,
  "ref_support_n": 451634,
  "mov_support_n": 448032,
  "ref_kp_n": 179213,
  "mov_kp_n": 179213,
  "fpfh_feat_s": 3.3335289573296905,
  "fpfh_ransac_s": 540.5175540279597,
  "fpfh_icp_s": 4.401386542245746,
  "fpfh_total_s": 548.2524695275351,
  "fpfh_ransac_fitness": 0.8199237778509372,
  "fpfh_ransac_rmse": 0.004458441184238981,
  "fpfh_icp_fitness": 0.8891282989951982,
  "fpfh_icp_rmse": 0.002165469471856024,
  "fpfh_cov_5mm": 0.8891282989951982,
  "fpfh_cov_10mm": 0.9594315971696761,
  "fpfh_trimrmse_5mm": 0.0021654694718560375,
  "fpfh_trimrmse_10mm": 0.0028146515443674036,
  "fpfh_chamfer": 0.0058401416693093155,
  "spinnet_ref_feat_s": 1325.0281419763342,
  "spinnet_mov_feat_s": 1269.9982985313982,
  "spinnet_feat_s": 2595.0264405077323,
  "spinnet_ransac_s": 963.4449505675584,
  "spinnet_icp_s": 9.254793460480869,
  "spinnet_total_s": 3567.7261845357716,
  "spinnet_ransac_fitness": 0.8344986133818417,
  "spinnet_ransac_rmse": 0.0043585039801276705,
  "spinnet_icp_fitness": 0.8891002744008142,
  "spinnet_icp_rmse": 0.0021652811066811667,
  "spinnet_cov_5mm": 0.8891002744008142,
  "spinnet_cov_10mm": 0.959413981710349,
  "spinnet_trimrmse_5mm": 0.002165281106681125,
  "spinnet_trimrmse_10mm": 0.0028146137948906786,
  "spinnet_chamfer": 0.005840215503589858,
  "fpfh_T_icp": [
    [
      0.0071616598563739135,
      -0.9993676972122768,
      0.034826949288336684,
      -0.374834982976468
    ],
    [
      -0.006975062382728217,
      -0.03487691918120063,
      -0.9993672743357093,
      0.9613663453211342
    ],
    [
      0.9999500283178435,
      0.006914208346497852,
      -0.007220428663352999,
      -0.105838875548189
    ],
    [
      0.0,
      0.0,
      0.0,
      1.0
    ]
  ],
  "spinnet_T_icp": [
    [
      0.007162676127334195,
      -0.9993675081707077,
      0.0348321644945941,
      -0.3748399805185648
    ],
    [
      -0.007001500735733565,
      -0.03488232454668001,
      -0.9993669008035391,
      0.9613368878921709
    ],
    [
      0.9999498362708774,
      0.006914264017497833,
      -0.007246923137022076,
      -0.10581350607152619
    ],
    [
      0.0,
      0.0,
      0.0,
      1.0
    ]
  ],
  "combine_w_fpfh": 1.0,
  "combine_w_spinnet": 1.0,
  "combine_feat_s": 2598.359969465062,
  "combine_ransac_s": 6760.866396495141,
  "combine_icp_s": 7.2564113680273294,
  "combine_total_s": 9366.48277732823,
  "combine_ransac_fitness": 0.838175801978651,
  "combine_ransac_rmse": 0.004251882467443788,
  "combine_icp_fitness": 0.8891170891574446,
  "combine_icp_rmse": 0.0021653701439541487,
  "combine_cov_5mm": 0.8891170891574446,
  "combine_cov_10mm": 0.9594147824130457,
  "combine_trimrmse_5mm": 0.0021653701439541197,
  "combine_trimrmse_10mm": 0.0028145769647181166,
  "combine_chamfer": 0.005840230052783173,
  "combine_T_icp": [
    [
      0.0071624271885508675,
      -0.9993674888252674,
      0.03483277071739558,
      -0.374840931976315
    ],
    [
      -0.007005013298409007,
      -0.034882953251883016,
      -0.9993668542437841,
      0.9613348431746574
    ],
    [
      0.9999498134533856,
      0.006913888306076611,
      -0.007250429162006734,
      -0.10580875876500113
    ],
    [
      0.0,
      0.0,
      0.0,
      1.0
    ]
  ]
}