{
  "K": 10116,
  "seed": 0,
  "voxel_size": 0.005,
  "patch_radius": 0.3,
  "ref_support_n": 202322,
  "mov_support_n": 470991,
  "ref_kp_n": 10116,
  "mov_kp_n": 10116,
  "fpfh_feat_s": 2.5661983229219913,
  "fpfh_ransac_s": 2.1905493550002575,
  "fpfh_icp_s": 0.9265851099044085,
  "fpfh_total_s": 5.683332787826657,
  "fpfh_ransac_fitness": 0.0,
  "fpfh_ransac_rmse": 0.0,
  "fpfh_icp_fitness": 0.0,
  "fpfh_icp_rmse": 0.0,
  "fpfh_cov_5mm": 0.0,
  "fpfh_cov_10mm": 0.0,
  "fpfh_trimrmse_5mm": NaN,
  "fpfh_trimrmse_10mm": NaN,
  "fpfh_chamfer": 12.585496376008571,
  "spinnet_ref_feat_s": 52.14231311529875,
  "spinnet_mov_feat_s": 77.40002611279488,
  "spinnet_feat_s": 129.54233922809362,
  "spinnet_ransac_s": 2.8818003088235855,
  "spinnet_icp_s": 6.418975648470223,
  "spinnet_total_s": 138.84311518538743,
  "spinnet_ransac_fitness": 0.1333531039936734,
  "spinnet_ransac_rmse": 0.005484638935495046,
  "spinnet_icp_fitness": 0.7843059420428439,
  "spinnet_icp_rmse": 0.0029113182430799685,
  "spinnet_cov_5mm": 0.7843059420428439,
  "spinnet_cov_10mm": 0.9405723395723966,
  "spinnet_trimrmse_5mm": 0.002911318243079969,
  "spinnet_trimrmse_10mm": 0.003809230372800827,
  "spinnet_chamfer": 0.00636301386493514,
  "fpfh_T_icp": [
    [
      1.0,
      0.0,
      0.0,
      0.0
    ],
    [
      0.0,
      1.0,
      0.0,
      0.0
    ],
    [
      0.0,
      0.0,
      1.0,
      0.0
    ],
    [
      0.0,
      0.0,
      0.0,
      1.0
    ]
  ],
  "spinnet_T_icp": [
    [
      0.019396132358194103,
      -0.6825314524513891,
      -0.7305987999334174,
      -5.865637843549918
    ],
    [
      0.008849933385960847,
      0.7308248442203511,
      -0.6825076744985193,
      -5.083915979637433
    ],
    [
      0.9997727085336006,
      0.006772258478782823,
      0.02021553329717303,
      0.11896777586775721
    ],
    [
      0.0,
      0.0,
      0.0,
      1.0
    ]
  ],
  "combine_w_fpfh": 1.0,
  "combine_w_spinnet": 1.0,
  "combine_feat_s": 132.10853755101562,
  "combine_ransac_s": 7.70526226144284,
  "combine_icp_s": 4.901552400551736,
  "combine_total_s": 144.7153522130102,
  "combine_ransac_fitness": 0.10814551206010281,
  "combine_ransac_rmse": 0.005534076220756043,
  "combine_icp_fitness": 0.784297906500031,
  "combine_icp_rmse": 0.002911289957193957,
  "combine_cov_5mm": 0.784297906500031,
  "combine_cov_10mm": 0.9405723395723966,
  "combine_trimrmse_5mm": 0.0029112899571939544,
  "combine_trimrmse_10mm": 0.003809246349471904,
  "combine_chamfer": 0.006363061266650096,
  "combine_T_icp": [
    [
      0.01939742680662866,
      -0.6825310673582717,
      -0.7305991253239126,
      -5.865636147493493
    ],
    [
      0.008850967700664101,
      0.7308252027798806,
      -0.6825072771425337,
      -5.083909726123822
    ],
    [
      0.9997726742635292,
      0.006772375692988407,
      0.020217188811250276,
      0.11897796297081464
    ],
    [
      0.0,
      0.0,
      0.0,
      1.0
    ]
  ]
}