{
  "K": 80045,
  "seed": 4,
  "voxel_size": 0.005,
  "patch_radius": 0.3,
  "ref_support_n": 200112,
  "mov_support_n": 457980,
  "ref_kp_n": 80045,
  "mov_kp_n": 80045,
  "fpfh_feat_s": 2.373509742319584,
  "fpfh_ransac_s": 116.9177358429879,
  "fpfh_icp_s": 6.206887928768992,
  "fpfh_total_s": 125.49813351407647,
  "fpfh_ransac_fitness": 0.0,
  "fpfh_ransac_rmse": 0.0,
  "fpfh_icp_fitness": 0.0012199443705367035,
  "fpfh_icp_rmse": 0.0035619433801930495,
  "fpfh_cov_5mm": 0.0012199443705367035,
  "fpfh_cov_10mm": 0.0033374478123797554,
  "fpfh_trimrmse_5mm": 0.0035619433801930608,
  "fpfh_trimrmse_10mm": 0.006420014478097013,
  "fpfh_chamfer": 2.0749589498997993,
  "spinnet_ref_feat_s": 403.25700690969825,
  "spinnet_mov_feat_s": 593.2820759909227,
  "spinnet_feat_s": 996.539082900621,
  "spinnet_ransac_s": 175.14923904743046,
  "spinnet_icp_s": 5.171931728720665,
  "spinnet_total_s": 1176.8602536767721,
  "spinnet_ransac_fitness": 0.3912923980261103,
  "spinnet_ransac_rmse": 0.005391803189187143,
  "spinnet_icp_fitness": 0.4523017750390582,
  "spinnet_icp_rmse": 0.003415443223585264,
  "spinnet_cov_5mm": 0.4523017750390582,
  "spinnet_cov_10mm": 0.8213745453207334,
  "spinnet_trimrmse_5mm": 0.0034154432235853106,
  "spinnet_trimrmse_10mm": 0.005405299602776604,
  "spinnet_chamfer": 0.012783144380233804,
  "fpfh_T_icp": [
    [
      0.9993335391745972,
      0.011278514123827167,
      -0.034717036162852453,
      -0.021136609419755044
    ],
    [
      -0.010776419093213281,
      0.9998351099461318,
      0.01461580345153823,
      0.008799809587165301
    ],
    [
      0.03487615621454866,
      -0.01423193725974084,
      0.9992903010084375,
      -0.005744314986373686
    ],
    [
      0.0,
      0.0,
      0.0,
      1.0
    ]
  ],
  "spinnet_T_icp": [
    [
      -0.04068254864286073,
      -0.974372169168091,
      0.22123247091372006,
      0.1407200137210939
    ],
    [
      0.008560248365110738,
      -0.22174754033556143,
      -0.9750665364492097,
      -2.169698818783854
    ],
    [
      0.9991354524707091,
      -0.037774386901671994,
      0.01736212286426693,
      -0.04340027027015392
    ],
    [
      0.0,
      0.0,
      0.0,
      1.0
    ]
  ]
}