{
  "K": 10485,
  "seed": 1,
  "voxel_size": 0.005,
  "patch_radius": 0.3,
  "ref_support_n": 52425,
  "mov_support_n": 59566,
  "ref_kp_n": 10485,
  "mov_kp_n": 10485,
  "fpfh_feat_s": 0.4044914310798049,
  "fpfh_ransac_s": 1.151211897842586,
  "fpfh_icp_s": 5.408993954770267,
  "fpfh_total_s": 6.964697283692658,
  "fpfh_ransac_fitness": 0.0,
  "fpfh_ransac_rmse": 0.0,
  "fpfh_icp_fitness": 0.0,
  "fpfh_icp_rmse": 0.0,
  "fpfh_cov_5mm": 0.0,
  "fpfh_cov_10mm": 0.0,
  "fpfh_trimrmse_5mm": NaN,
  "fpfh_trimrmse_10mm": NaN,
  "fpfh_chamfer": 8.107914416820307,
  "spinnet_ref_feat_s": 58.898993004113436,
  "spinnet_mov_feat_s": 60.53957445733249,
  "spinnet_feat_s": 119.43856746144593,
  "spinnet_ransac_s": 4.211296610534191,
  "spinnet_icp_s": 6.109514953568578,
  "spinnet_total_s": 129.7593790255487,
  "spinnet_ransac_fitness": 0.4061993323795899,
  "spinnet_ransac_rmse": 0.00525815981182401,
  "spinnet_icp_fitness": 0.7906993460614667,
  "spinnet_icp_rmse": 0.001221108220592813,
  "spinnet_cov_5mm": 0.7906993460614667,
  "spinnet_cov_10mm": 0.8165506641654541,
  "spinnet_trimrmse_5mm": 0.0012211082205928056,
  "spinnet_trimrmse_10mm": 0.001757629830490625,
  "spinnet_chamfer": 0.016678804780091643,
  "fpfh_T_icp": [
    [
      1.0,
      0.0,
      0.0,
      0.0
    ],
    [
      0.0,
      1.0,
      0.0,
      0.0
    ],
    [
      0.0,
      0.0,
      1.0,
      0.0
    ],
    [
      0.0,
      0.0,
      0.0,
      1.0
    ]
  ],
  "spinnet_T_icp": [
    [
      0.4415947914552762,
      -0.04349291650270254,
      0.8961598107333643,
      4.248411021023538
    ],
    [
      0.8933227630015843,
      0.11424493745113881,
      -0.4346522004660737,
      -1.5722107134349423
    ],
    [
      -0.08347742966087045,
      0.9925001060356994,
      0.08930318166974831,
      0.5782881304530731
    ],
    [
      0.0,
      0.0,
      0.0,
      1.0
    ]
  ]
}