{
  "K": 20011,
  "seed": 2,
  "voxel_size": 0.005,
  "patch_radius": 0.3,
  "ref_support_n": 200112,
  "mov_support_n": 457980,
  "ref_kp_n": 20011,
  "mov_kp_n": 20011,
  "fpfh_feat_s": 2.632481831125915,
  "fpfh_ransac_s": 6.500443277880549,
  "fpfh_icp_s": 5.65437834430486,
  "fpfh_total_s": 14.787303453311324,
  "fpfh_ransac_fitness": 0.0,
  "fpfh_ransac_rmse": 0.0,
  "fpfh_icp_fitness": 0.0011591471428902842,
  "fpfh_icp_rmse": 0.003521623448352248,
  "fpfh_cov_5mm": 0.0011591471428902842,
  "fpfh_cov_10mm": 0.0032822503293849802,
  "fpfh_trimrmse_5mm": 0.003521623448352246,
  "fpfh_trimrmse_10mm": 0.006468548816129202,
  "fpfh_chamfer": 2.070824516085658,
  "spinnet_ref_feat_s": 105.95119835715741,
  "spinnet_mov_feat_s": 148.742983632721,
  "spinnet_feat_s": 254.69418198987842,
  "spinnet_ransac_s": 10.302162081934512,
  "spinnet_icp_s": 3.3725857827812433,
  "spinnet_total_s": 268.36892985459417,
  "spinnet_ransac_fitness": 0.161761031432712,
  "spinnet_ransac_rmse": 0.005583099134226991,
  "spinnet_icp_fitness": 0.45048425791783897,
  "spinnet_icp_rmse": 0.003431186936583677,
  "spinnet_cov_5mm": 0.45048425791783897,
  "spinnet_cov_10mm": 0.8130221261910456,
  "spinnet_trimrmse_5mm": 0.003431186936583657,
  "spinnet_trimrmse_10mm": 0.005398319506943012,
  "spinnet_chamfer": 0.013269050774445259,
  "fpfh_T_icp": [
    [
      0.9999129859183818,
      -0.0043557882736843185,
      -0.012451815141055752,
      -0.010954685334136398
    ],
    [
      0.004290801227431518,
      0.9999770599893364,
      -0.005241041873188449,
      -0.002981754599871486
    ],
    [
      0.01247435836501673,
      0.005187157565051203,
      0.9999087377254904,
      0.00275246401856598
    ],
    [
      0.0,
      0.0,
      0.0,
      1.0
    ]
  ],
  "spinnet_T_icp": [
    [
      -0.039395084388813915,
      -0.9744792380490885,
      0.220993759950983,
      0.1416614380101639
    ],
    [
      0.00849515250739506,
      -0.22148408812821307,
      -0.9751269820335681,
      -2.1747507250107114
    ],
    [
      0.9991875998579446,
      -0.036537834053055565,
      0.01700373408510745,
      -0.041968402578386216
    ],
    [
      0.0,
      0.0,
      0.0,
      1.0
    ]
  ],
  "combine_w_fpfh": 1.0,
  "combine_w_spinnet": 1.0,
  "combine_feat_s": 257.32666382100433,
  "combine_ransac_s": 41.79064249806106,
  "combine_icp_s": 9.360287158749998,
  "combine_total_s": 308.4775934778154,
  "combine_ransac_fitness": 0.15071710559192444,
  "combine_ransac_rmse": 0.0056699936937084265,
  "combine_icp_fitness": 0.4496602954905256,
  "combine_icp_rmse": 0.00345110689181658,
  "combine_cov_5mm": 0.4496602954905256,
  "combine_cov_10mm": 0.8156196077458868,
  "combine_trimrmse_5mm": 0.0034511068918165713,
  "combine_trimrmse_10mm": 0.0054106552085510596,
  "combine_chamfer": 0.012882802446582884,
  "combine_T_icp": [
    [
      -0.041834254067152334,
      -0.9743314701163763,
      0.22119692929042764,
      0.1383286009722139
    ],
    [
      0.00841261439208999,
      -0.2217263975610976,
      -0.9750726293685361,
      -2.1625822003782824
    ],
    [
      0.9990891467260316,
      -0.038930591640095644,
      0.017472433397132704,
      -0.04359021088848006
    ],
    [
      0.0,
      0.0,
      0.0,
      1.0
    ]
  ]
}