{
  "K": 22402,
  "seed": 4,
  "voxel_size": 0.005,
  "patch_radius": 0.3,
  "ref_support_n": 451634,
  "mov_support_n": 448032,
  "ref_kp_n": 22402,
  "mov_kp_n": 22402,
  "fpfh_feat_s": 3.6283154599368572,
  "fpfh_ransac_s": 5.679791948758066,
  "fpfh_icp_s": 51.842544270679355,
  "fpfh_total_s": 61.15065167937428,
  "fpfh_ransac_fitness": 0.0,
  "fpfh_ransac_rmse": 0.0,
  "fpfh_icp_fitness": 0.0014957126374105915,
  "fpfh_icp_rmse": 0.0031637015049261067,
  "fpfh_cov_5mm": 0.0014957126374105915,
  "fpfh_cov_10mm": 0.0028360889516639803,
  "fpfh_trimrmse_5mm": 0.003163701504926099,
  "fpfh_trimrmse_10mm": 0.005649091632407517,
  "fpfh_chamfer": 2.054539251624264,
  "spinnet_ref_feat_s": 171.5040403129533,
  "spinnet_mov_feat_s": 173.2036823462695,
  "spinnet_feat_s": 344.7077226592228,
  "spinnet_ransac_s": 10.211402137763798,
  "spinnet_icp_s": 6.128327459096909,
  "spinnet_total_s": 361.0474522560835,
  "spinnet_ransac_fitness": 0.2797071690027676,
  "spinnet_ransac_rmse": 0.005318579147920527,
  "spinnet_icp_fitness": 0.8891026765089042,
  "spinnet_icp_rmse": 0.002165294835491388,
  "spinnet_cov_5mm": 0.8891026765089042,
  "spinnet_cov_10mm": 0.9594155831157424,
  "spinnet_trimrmse_5mm": 0.002165294835491427,
  "spinnet_trimrmse_10mm": 0.0028145915422626107,
  "spinnet_chamfer": 0.00584021293774992,
  "fpfh_T_icp": [
    [
      0.9997816005689802,
      0.015095177379049515,
      0.014452916094434479,
      0.007742069622970324
    ],
    [
      -0.014139258000849747,
      0.9978432273766822,
      -0.06410128673964106,
      -0.006172468686169599
    ],
    [
      -0.015389364734232497,
      0.06388293354556883,
      0.9978387335911073,
      0.0066059789143846
    ],
    [
      0.0,
      0.0,
      0.0,
      1.0
    ]
  ],
  "spinnet_T_icp": [
    [
      0.007162848623205686,
      -0.999367514718603,
      0.0348319411571815,
      -0.374839555018784
    ],
    [
      -0.007000935938892341,
      -0.03488209855407548,
      -0.9993669126484244,
      0.9613391512507727
    ],
    [
      0.9999498389897296,
      0.00691445772567262,
      -0.007246363141557552,
      -0.10581490681472955
    ],
    [
      0.0,
      0.0,
      0.0,
      1.0
    ]
  ],
  "combine_w_fpfh": 1.0,
  "combine_w_spinnet": 1.0,
  "combine_feat_s": 348.33603811915964,
  "combine_ransac_s": 44.749293107539415,
  "combine_icp_s": 6.47955471649766,
  "combine_total_s": 399.5648859431967,
  "combine_ransac_fitness": 0.2746629765199536,
  "combine_ransac_rmse": 0.005320815012204821,
  "combine_icp_fitness": 0.8891162884547479,
  "combine_icp_rmse": 0.002165365907573478,
  "combine_cov_5mm": 0.8891162884547479,
  "combine_cov_10mm": 0.9594131810076523,
  "combine_trimrmse_5mm": 0.002165365907573493,
  "combine_trimrmse_10mm": 0.002814574961264764,
  "combine_chamfer": 0.005840238396557481,
  "combine_T_icp": [
    [
      0.007162799189112927,
      -0.9993674853847329,
      0.034832792933920484,
      -0.374840716902001
    ],
    [
      -0.007005976015935134,
      -0.03488298482249057,
      -0.9993668463932265,
      0.9613334652636111
    ],
    [
      0.999949804044104,
      0.0069142263251084565,
      -0.007251404449111088,
      -0.10580780983802425
    ],
    [
      0.0,
      0.0,
      0.0,
      1.0
    ]
  ]
}