{
  "K": 40464,
  "seed": 0,
  "voxel_size": 0.005,
  "patch_radius": 0.3,
  "ref_support_n": 202322,
  "mov_support_n": 470991,
  "ref_kp_n": 40464,
  "mov_kp_n": 40464,
  "fpfh_feat_s": 2.4702475322410464,
  "fpfh_ransac_s": 24.637117822654545,
  "fpfh_icp_s": 0.922177785076201,
  "fpfh_total_s": 28.029543139971793,
  "fpfh_ransac_fitness": 0.0,
  "fpfh_ransac_rmse": 0.0,
  "fpfh_icp_fitness": 0.0,
  "fpfh_icp_rmse": 0.0,
  "fpfh_cov_5mm": 0.0,
  "fpfh_cov_10mm": 0.0,
  "fpfh_trimrmse_5mm": NaN,
  "fpfh_trimrmse_10mm": NaN,
  "fpfh_chamfer": 12.585496376008571,
  "spinnet_ref_feat_s": 203.82614687737077,
  "spinnet_mov_feat_s": 303.0327951749787,
  "spinnet_feat_s": 506.85894205234945,
  "spinnet_ransac_s": 36.60285076405853,
  "spinnet_icp_s": 5.337621096521616,
  "spinnet_total_s": 548.7994139129296,
  "spinnet_ransac_fitness": 0.4343861209964413,
  "spinnet_ransac_rmse": 0.005125607911934133,
  "spinnet_icp_fitness": 0.7843083527056878,
  "spinnet_icp_rmse": 0.002911327122774192,
  "spinnet_cov_5mm": 0.7843083527056878,
  "spinnet_cov_10mm": 0.940573143126678,
  "spinnet_trimrmse_5mm": 0.002911327122774191,
  "spinnet_trimrmse_10mm": 0.003809248743531691,
  "spinnet_chamfer": 0.006363034690833156,
  "fpfh_T_icp": [
    [
      1.0,
      0.0,
      0.0,
      0.0
    ],
    [
      0.0,
      1.0,
      0.0,
      0.0
    ],
    [
      0.0,
      0.0,
      1.0,
      0.0
    ],
    [
      0.0,
      0.0,
      0.0,
      1.0
    ]
  ],
  "spinnet_T_icp": [
    [
      0.019396731729213093,
      -0.682531245338693,
      -0.7305989775072592,
      -5.865637165777279
    ],
    [
      0.00885032091182476,
      0.7308250365321995,
      -0.6825074635470876,
      -5.083912736046256
    ],
    [
      0.9997726934748628,
      0.00677237876481801,
      0.020216237728202576,
      0.1189719053545901
    ],
    [
      0.0,
      0.0,
      0.0,
      1.0
    ]
  ],
  "combine_w_fpfh": 1.0,
  "combine_w_spinnet": 1.0,
  "combine_feat_s": 509.3291895845905,
  "combine_ransac_s": 333.38111411686987,
  "combine_icp_s": 2.2192181469872594,
  "combine_total_s": 844.9295218484476,
  "combine_ransac_fitness": 0.42445136417556345,
  "combine_ransac_rmse": 0.005206458438455369,
  "combine_icp_fitness": 0.7843380842140958,
  "combine_icp_rmse": 0.002912395041633212,
  "combine_cov_5mm": 0.7843380842140958,
  "combine_cov_10mm": 0.9406173386121492,
  "combine_trimrmse_5mm": 0.002912395041633211,
  "combine_trimrmse_10mm": 0.003810023068726657,
  "combine_chamfer": 0.006364688190845833,
  "combine_T_icp": [
    [
      0.01941238371351679,
      -0.6825329293903963,
      -0.7305969885349418,
      -5.865725263550615
    ],
    [
      0.008853320121034779,
      0.7308233845489732,
      -0.6825091935785329,
      -5.084004320381947
    ],
    [
      0.9997723631314254,
      0.006780921334785339,
      0.02022970648471663,
      0.11916897628186736
    ],
    [
      0.0,
      0.0,
      0.0,
      1.0
    ]
  ]
}