{
  "K": 89606,
  "seed": 3,
  "voxel_size": 0.005,
  "patch_radius": 0.3,
  "ref_support_n": 451634,
  "mov_support_n": 448032,
  "ref_kp_n": 89606,
  "mov_kp_n": 89606,
  "fpfh_feat_s": 3.6319364979863167,
  "fpfh_ransac_s": 120.270453046076,
  "fpfh_icp_s": 4.586959940381348,
  "fpfh_total_s": 128.48934948444366,
  "fpfh_ransac_fitness": 0.6324688078923286,
  "fpfh_ransac_rmse": 0.005092689881693712,
  "fpfh_icp_fitness": 0.889174739751606,
  "fpfh_icp_rmse": 0.002166099043041788,
  "fpfh_cov_5mm": 0.889174739751606,
  "fpfh_cov_10mm": 0.9594412056020364,
  "fpfh_trimrmse_5mm": 0.002166099043041795,
  "fpfh_trimrmse_10mm": 0.0028150898370045865,
  "fpfh_chamfer": 0.005839239016841158,
  "spinnet_ref_feat_s": 747.5265816869214,
  "spinnet_mov_feat_s": 695.3758957646787,
  "spinnet_feat_s": 1442.9024774516001,
  "spinnet_ransac_s": 233.4834778131917,
  "spinnet_icp_s": 4.545361147262156,
  "spinnet_total_s": 1680.931316412054,
  "spinnet_ransac_fitness": 0.6834028971274245,
  "spinnet_ransac_rmse": 0.004837374342742216,
  "spinnet_icp_fitness": 0.889174739751606,
  "spinnet_icp_rmse": 0.0021660990496094575,
  "spinnet_cov_5mm": 0.889174739751606,
  "spinnet_cov_10mm": 0.9594412056020364,
  "spinnet_trimrmse_5mm": 0.0021660990496094657,
  "spinnet_trimrmse_10mm": 0.0028150898943950643,
  "spinnet_chamfer": 0.005839238961187909,
  "fpfh_T_icp": [
    [
      0.007191170793055809,
      -0.9993649260019095,
      0.03490031145740441,
      -0.37494137760519786
    ],
    [
      -0.007009258651710679,
      -0.0349507318635351,
      -0.9993644563598189,
      0.9613072038833573
    ],
    [
      0.9999495774066706,
      0.006941975180162731,
      -0.007256143935968064,
      -0.1058020941649012
    ],
    [
      0.0,
      0.0,
      0.0,
      1.0
    ]
  ],
  "spinnet_T_icp": [
    [
      0.007191164553296516,
      -0.999364926067311,
      0.03490031087032635,
      -0.3749413823943629
    ],
    [
      -0.007009260019217444,
      -0.03495073124067235,
      -0.9993644563720117,
      0.961307201196945
    ],
    [
      0.9999495774419586,
      0.006941968900845195,
      -0.007256145080501431,
      -0.10580209280691356
    ],
    [
      0.0,
      0.0,
      0.0,
      1.0
    ]
  ]
}