{
  "K": 6144,
  "seed": 1,
  "voxel_size": 0.005,
  "patch_radius": 0.3,
  "ref_support_n": 61443,
  "mov_support_n": 65640,
  "ref_kp_n": 6144,
  "mov_kp_n": 6144,
  "fpfh_feat_s": 0.3990442715585232,
  "fpfh_ransac_s": 0.4770972039550543,
  "fpfh_icp_s": 2.8362207654863596,
  "fpfh_total_s": 3.712362240999937,
  "fpfh_ransac_fitness": 0.5384114583333334,
  "fpfh_ransac_rmse": 0.0050919147756519935,
  "fpfh_icp_fitness": 0.9862410742310107,
  "fpfh_icp_rmse": 0.0014638341052935792,
  "fpfh_cov_5mm": 0.9862410742310107,
  "fpfh_cov_10mm": 0.9974914665725048,
  "fpfh_trimrmse_5mm": 0.0014638341052935742,
  "fpfh_trimrmse_10mm": 0.0016230013818919046,
  "fpfh_chamfer": 0.002985630834168758,
  "spinnet_ref_feat_s": 34.89303815830499,
  "spinnet_mov_feat_s": 35.861324039287865,
  "spinnet_feat_s": 70.75436219759285,
  "spinnet_ransac_s": 1.6605373518541455,
  "spinnet_icp_s": 2.992459373548627,
  "spinnet_total_s": 75.40735892299563,
  "spinnet_ransac_fitness": 0.0,
  "spinnet_ransac_rmse": 0.0,
  "spinnet_icp_fitness": 0.0,
  "spinnet_icp_rmse": 0.0,
  "spinnet_cov_5mm": 0.0,
  "spinnet_cov_10mm": 0.0,
  "spinnet_trimrmse_5mm": NaN,
  "spinnet_trimrmse_10mm": NaN,
  "spinnet_chamfer": 3.435376785446324,
  "fpfh_T_icp": [
    [
      -0.9792731477617873,
      0.021050075821272843,
      0.20144725458699891,
      -0.03970762609708056
    ],
    [
      -0.20151388810400153,
      -0.0010717810470255538,
      -0.9794850709360483,
      -2.320702017867666
    ],
    [
      -0.02040232765956689,
      -0.9997778481209245,
      0.005291449023260869,
      -0.8192695437825096
    ],
    [
      0.0,
      0.0,
      0.0,
      1.0
    ]
  ],
  "spinnet_T_icp": [
    [
      1.0,
      0.0,
      0.0,
      0.0
    ],
    [
      0.0,
      1.0,
      0.0,
      0.0
    ],
    [
      0.0,
      0.0,
      1.0,
      0.0
    ],
    [
      0.0,
      0.0,
      0.0,
      1.0
    ]
  ]
}