{
  "K": 19629,
  "seed": 0,
  "voxel_size": 0.005,
  "patch_radius": 0.3,
  "ref_support_n": 196290,
  "mov_support_n": 400580,
  "ref_kp_n": 19629,
  "mov_kp_n": 19629,
  "fpfh_feat_s": 2.3891807375475764,
  "fpfh_ransac_s": 5.3428561585024,
  "fpfh_icp_s": 0.9338176362216473,
  "fpfh_total_s": 8.665854532271624,
  "fpfh_ransac_fitness": 0.0,
  "fpfh_ransac_rmse": 0.0,
  "fpfh_icp_fitness": 0.0,
  "fpfh_icp_rmse": 0.0,
  "fpfh_cov_5mm": 0.0,
  "fpfh_cov_10mm": 0.0,
  "fpfh_trimrmse_5mm": NaN,
  "fpfh_trimrmse_10mm": NaN,
  "fpfh_chamfer": 6.64051921124479,
  "spinnet_ref_feat_s": 98.62664161063731,
  "spinnet_mov_feat_s": 138.1735711330548,
  "spinnet_feat_s": 236.8002127436921,
  "spinnet_ransac_s": 8.404935075901449,
  "spinnet_icp_s": 9.06259554438293,
  "spinnet_total_s": 254.26774336397648,
  "spinnet_ransac_fitness": 0.2363339956187274,
  "spinnet_ransac_rmse": 0.005484968178704037,
  "spinnet_icp_fitness": 0.6400880689391579,
  "spinnet_icp_rmse": 0.0033167471677855473,
  "spinnet_cov_5mm": 0.6400880689391579,
  "spinnet_cov_10mm": 0.9333902366170221,
  "spinnet_trimrmse_5mm": 0.0033167471677855226,
  "spinnet_trimrmse_10mm": 0.004704174726566986,
  "spinnet_chamfer": 0.00869093714691576,
  "fpfh_T_icp": [
    [
      1.0,
      0.0,
      0.0,
      0.0
    ],
    [
      0.0,
      1.0,
      0.0,
      0.0
    ],
    [
      0.0,
      0.0,
      1.0,
      0.0
    ],
    [
      0.0,
      0.0,
      0.0,
      1.0
    ]
  ],
  "spinnet_T_icp": [
    [
      0.006147115822954634,
      -0.9181854198629169,
      0.39610320336778676,
      1.6230601878996973
    ],
    [
      0.05046988291089138,
      -0.3953209857549419,
      -0.9171554443717369,
      -4.466600141335801
    ],
    [
      0.9987066655860621,
      0.025629143038807332,
      0.04391062674428893,
      0.044663321082586555
    ],
    [
      0.0,
      0.0,
      0.0,
      1.0
    ]
  ],
  "combine_w_fpfh": 1.0,
  "combine_w_spinnet": 1.0,
  "combine_feat_s": 239.18939348123968,
  "combine_ransac_s": 40.37170435581356,
  "combine_icp_s": 12.202962199226022,
  "combine_total_s": 291.76406003627926,
  "combine_ransac_fitness": 0.23730195119466096,
  "combine_ransac_rmse": 0.005503582421666172,
  "combine_icp_fitness": 0.6438403132196553,
  "combine_icp_rmse": 0.003359837475759861,
  "combine_cov_5mm": 0.6438403132196553,
  "combine_cov_10mm": 0.9513725842869852,
  "combine_trimrmse_5mm": 0.003359837475759841,
  "combine_trimrmse_10mm": 0.004716036952669613,
  "combine_chamfer": 0.008428398065252385,
  "combine_T_icp": [
    [
      0.00711778581360696,
      -0.918364497438301,
      0.39567156452039787,
      1.620016632208115
    ],
    [
      0.051017851689841076,
      -0.39483277558298463,
      -0.9173354120137326,
      -4.46312336281522
    ],
    [
      0.9986723766751945,
      0.02671571017853887,
      0.044042648598731235,
      0.04521515522635094
    ],
    [
      0.0,
      0.0,
      0.0,
      1.0
    ]
  ]
}