{
  "K": 40022,
  "seed": 3,
  "voxel_size": 0.005,
  "patch_radius": 0.3,
  "ref_support_n": 200112,
  "mov_support_n": 457980,
  "ref_kp_n": 40022,
  "mov_kp_n": 40022,
  "fpfh_feat_s": 2.2077385345473886,
  "fpfh_ransac_s": 23.398746751248837,
  "fpfh_icp_s": 6.406012668274343,
  "fpfh_total_s": 32.01249795407057,
  "fpfh_ransac_fitness": 0.0,
  "fpfh_ransac_rmse": 0.0,
  "fpfh_icp_fitness": 0.0012199443705367035,
  "fpfh_icp_rmse": 0.0035619433801930512,
  "fpfh_cov_5mm": 0.0012199443705367035,
  "fpfh_cov_10mm": 0.0033374478123797554,
  "fpfh_trimrmse_5mm": 0.0035619433801930603,
  "fpfh_trimrmse_10mm": 0.006420014478097016,
  "fpfh_chamfer": 2.0749589498997993,
  "spinnet_ref_feat_s": 193.5385469617322,
  "spinnet_mov_feat_s": 273.34583589155227,
  "spinnet_feat_s": 466.8843828532845,
  "spinnet_ransac_s": 39.46048175729811,
  "spinnet_icp_s": 4.919585187919438,
  "spinnet_total_s": 511.264449798502,
  "spinnet_ransac_fitness": 0.2662535605417021,
  "spinnet_ransac_rmse": 0.005462046253756952,
  "spinnet_icp_fitness": 0.4520249876605627,
  "spinnet_icp_rmse": 0.0034134187951059417,
  "spinnet_cov_5mm": 0.4520249876605627,
  "spinnet_cov_10mm": 0.820802571402744,
  "spinnet_trimrmse_5mm": 0.00341341879510591,
  "spinnet_trimrmse_10mm": 0.005404046463371236,
  "spinnet_chamfer": 0.012806406362032006,
  "fpfh_T_icp": [
    [
      0.9993335391745973,
      0.011278514123826772,
      -0.03471703616285235,
      -0.021136609419755054
    ],
    [
      -0.010776419093212879,
      0.9998351099461318,
      0.014615803451538695,
      0.008799809587165681
    ],
    [
      0.03487615621454855,
      -0.014231937259741324,
      0.9992903010084375,
      -0.0057443149863739325
    ],
    [
      0.0,
      0.0,
      0.0,
      1.0
    ]
  ],
  "spinnet_T_icp": [
    [
      -0.04055101586875235,
      -0.9743776974456144,
      0.22123227122776698,
      0.140863460221662
    ],
    [
      0.008539800408791704,
      -0.22174428465609816,
      -0.9750674561441034,
      -2.1701141952607137
    ],
    [
      0.9991409744980893,
      -0.0376506964469346,
      0.017312947064858253,
      -0.04341016819220308
    ],
    [
      0.0,
      0.0,
      0.0,
      1.0
    ]
  ]
}