{
  "K": 179213,
  "seed": 2,
  "voxel_size": 0.005,
  "patch_radius": 0.3,
  "ref_support_n": 451634,
  "mov_support_n": 448032,
  "ref_kp_n": 179213,
  "mov_kp_n": 179213,
  "fpfh_feat_s": 3.433487217873335,
  "fpfh_ransac_s": 544.167484360747,
  "fpfh_icp_s": 9.298771988600492,
  "fpfh_total_s": 556.8997435672209,
  "fpfh_ransac_fitness": 0.7315875522423039,
  "fpfh_ransac_rmse": 0.004717645726328628,
  "fpfh_icp_fitness": 0.8891018758062075,
  "fpfh_icp_rmse": 0.002165289127233871,
  "fpfh_cov_5mm": 0.8891018758062075,
  "fpfh_cov_10mm": 0.9594123803049557,
  "fpfh_trimrmse_5mm": 0.002165289127233877,
  "fpfh_trimrmse_10mm": 0.0028146127399187844,
  "fpfh_chamfer": 0.005840218737040697,
  "spinnet_ref_feat_s": 1354.7137693380937,
  "spinnet_mov_feat_s": 1278.212704158388,
  "spinnet_feat_s": 2632.926473496482,
  "spinnet_ransac_s": 1012.9368044808507,
  "spinnet_icp_s": 8.74573359824717,
  "spinnet_total_s": 3654.6090115755796,
  "spinnet_ransac_fitness": 0.828762422368913,
  "spinnet_ransac_rmse": 0.004502696911888036,
  "spinnet_icp_fitness": 0.8891130856439612,
  "spinnet_icp_rmse": 0.002165352712394,
  "spinnet_cov_5mm": 0.8891130856439612,
  "spinnet_cov_10mm": 0.959424390845406,
  "spinnet_trimrmse_5mm": 0.002165352712393982,
  "spinnet_trimrmse_10mm": 0.002814619621739514,
  "spinnet_chamfer": 0.005840211929575135,
  "fpfh_T_icp": [
    [
      0.007162450251402547,
      -0.9993675068663883,
      0.03483224836363616,
      -0.3748402572477592
    ],
    [
      -0.007002081248638871,
      -0.03488241079256852,
      -0.9993668937259659,
      0.9613354154349274
    ],
    [
      0.9999498338239761,
      0.006914017426095756,
      -0.007247496012279055,
      -0.10581230760448229
    ],
    [
      0.0,
      0.0,
      0.0,
      1.0
    ]
  ],
  "spinnet_T_icp": [
    [
      0.007163058036277028,
      -0.9993675095967891,
      0.034832045043090766,
      -0.37483950345414957
    ],
    [
      -0.007001610536964341,
      -0.03488220862232773,
      -0.9993669040805367,
      0.9613426570867718
    ],
    [
      0.9999498327663553,
      0.006914642719865583,
      -0.007247045370287858,
      -0.10581575786998448
    ],
    [
      0.0,
      0.0,
      0.0,
      1.0
    ]
  ],
  "combine_w_fpfh": 1.0,
  "combine_w_spinnet": 1.0,
  "combine_feat_s": 2636.359960714355,
  "combine_ransac_s": 6876.913763090968,
  "combine_icp_s": 10.374815072864294,
  "combine_total_s": 9523.648538878188,
  "combine_ransac_fitness": 0.8337174200532328,
  "combine_ransac_rmse": 0.004379493157824233,
  "combine_icp_fitness": 0.8891002744008142,
  "combine_icp_rmse": 0.002165281104433098,
  "combine_cov_5mm": 0.8891002744008142,
  "combine_cov_10mm": 0.9594147824130457,
  "combine_trimrmse_5mm": 0.0021652811044331343,
  "combine_trimrmse_10mm": 0.0028146305994987764,
  "combine_chamfer": 0.005840215608580706,
  "combine_T_icp": [
    [
      0.0071627046007339415,
      -0.9993675103513766,
      0.03483209607394312,
      -0.37483987290868326
    ],
    [
      -0.007001334563905682,
      -0.034882255183406735,
      -0.9993669043887943,
      0.9613369706723313
    ],
    [
      0.9999498372304179,
      0.006914298765711219,
      -0.007246757581953678,
      -0.10581369907716638
    ],
    [
      0.0,
      0.0,
      0.0,
      1.0
    ]
  ]
}