{
  "K": 179213,
  "seed": 2,
  "voxel_size": 0.005,
  "patch_radius": 0.3,
  "ref_support_n": 451634,
  "mov_support_n": 448032,
  "ref_kp_n": 179213,
  "mov_kp_n": 179213,
  "fpfh_feat_s": 3.5719137275591493,
  "fpfh_ransac_s": 549.2783522596583,
  "fpfh_icp_s": 4.601286415942013,
  "fpfh_total_s": 557.4515524031594,
  "fpfh_ransac_fitness": 0.7876325936176505,
  "fpfh_ransac_rmse": 0.004506333803466717,
  "fpfh_icp_fitness": 0.8891739390489093,
  "fpfh_icp_rmse": 0.002166094281297928,
  "fpfh_cov_5mm": 0.8891739390489093,
  "fpfh_cov_10mm": 0.9594412056020364,
  "fpfh_trimrmse_5mm": 0.002166094281297915,
  "fpfh_trimrmse_10mm": 0.0028150944058479834,
  "fpfh_chamfer": 0.005839238810534811,
  "spinnet_ref_feat_s": 1473.2631260082126,
  "spinnet_mov_feat_s": 1375.2964351950213,
  "spinnet_feat_s": 2848.559561203234,
  "spinnet_ransac_s": 907.9470288418233,
  "spinnet_icp_s": 4.360074943862855,
  "spinnet_total_s": 3760.86666498892,
  "spinnet_ransac_fitness": 0.8343033150496895,
  "spinnet_ransac_rmse": 0.004303046916493618,
  "spinnet_icp_fitness": 0.889174739751606,
  "spinnet_icp_rmse": 0.002166098883283569,
  "spinnet_cov_5mm": 0.889174739751606,
  "spinnet_cov_10mm": 0.9594412056020364,
  "spinnet_trimrmse_5mm": 0.0021660988832835778,
  "spinnet_trimrmse_10mm": 0.002815088193887118,
  "spinnet_chamfer": 0.0058392390174827075,
  "fpfh_T_icp": [
    [
      0.007191154214992349,
      -0.9993649277808938,
      0.03490026393233026,
      -0.37494130224981403
    ],
    [
      -0.007009169528351707,
      -0.03495068359946241,
      -0.9993644586728377,
      0.9613071806321497
    ],
    [
      0.9999495781506084,
      0.006941962072813132,
      -0.007256053955188413,
      -0.10580224214571507
    ],
    [
      0.0,
      0.0,
      0.0,
      1.0
    ]
  ],
  "spinnet_T_icp": [
    [
      0.007191109386688059,
      -0.9993649266604612,
      0.0349003052525239,
      -0.37494140124924263
    ],
    [
      -0.007009299075296041,
      -0.03495072549369303,
      -0.9993644562990701,
      0.9613072020947991
    ],
    [
      0.9999495775649199,
      0.006941912445080905,
      -0.0072561821464937875,
      -0.10580202584528384
    ],
    [
      0.0,
      0.0,
      0.0,
      1.0
    ]
  ]
}