{
  "K": 39258,
  "seed": 3,
  "voxel_size": 0.005,
  "patch_radius": 0.3,
  "ref_support_n": 196290,
  "mov_support_n": 400580,
  "ref_kp_n": 39258,
  "mov_kp_n": 39258,
  "fpfh_feat_s": 2.0841313153505325,
  "fpfh_ransac_s": 18.185292872600257,
  "fpfh_icp_s": 1.4979671901091933,
  "fpfh_total_s": 21.767391378059983,
  "fpfh_ransac_fitness": 0.0,
  "fpfh_ransac_rmse": 0.0,
  "fpfh_icp_fitness": 0.0,
  "fpfh_icp_rmse": 0.0,
  "fpfh_cov_5mm": 0.0,
  "fpfh_cov_10mm": 0.0,
  "fpfh_trimrmse_5mm": NaN,
  "fpfh_trimrmse_10mm": NaN,
  "fpfh_chamfer": 6.64051921124479,
  "spinnet_ref_feat_s": 197.3443653471768,
  "spinnet_mov_feat_s": 272.5629455251619,
  "spinnet_feat_s": 469.9073108723387,
  "spinnet_ransac_s": 31.428645661100745,
  "spinnet_icp_s": 3.593410486355424,
  "spinnet_total_s": 504.9293670197949,
  "spinnet_ransac_fitness": 0.4099801314381782,
  "spinnet_ransac_rmse": 0.005377436639911231,
  "spinnet_icp_fitness": 0.637582825593309,
  "spinnet_icp_rmse": 0.0033108403761416653,
  "spinnet_cov_5mm": 0.637582825593309,
  "spinnet_cov_10mm": 0.9300756069594376,
  "spinnet_trimrmse_5mm": 0.00331084037614165,
  "spinnet_trimrmse_10mm": 0.0047073804673085085,
  "spinnet_chamfer": 0.008754590603101561,
  "fpfh_T_icp": [
    [
      1.0,
      0.0,
      0.0,
      0.0
    ],
    [
      0.0,
      1.0,
      0.0,
      0.0
    ],
    [
      0.0,
      0.0,
      1.0,
      0.0
    ],
    [
      0.0,
      0.0,
      0.0,
      1.0
    ]
  ],
  "spinnet_T_icp": [
    [
      0.006110541586324135,
      -0.918158358596605,
      0.39616649255169145,
      1.6234867010715797
    ],
    [
      0.05034031453407065,
      -0.39538912814557076,
      -0.917133191023472,
      -4.466914524821914
    ],
    [
      0.9987134293750793,
      0.02554732634685827,
      0.04380433885352508,
      0.04443715962716871
    ],
    [
      0.0,
      0.0,
      0.0,
      1.0
    ]
  ]
}