{
  "K": 40464,
  "seed": 1,
  "voxel_size": 0.005,
  "patch_radius": 0.3,
  "ref_support_n": 202322,
  "mov_support_n": 470991,
  "ref_kp_n": 40464,
  "mov_kp_n": 40464,
  "fpfh_feat_s": 2.3820253554731607,
  "fpfh_ransac_s": 21.122054314240813,
  "fpfh_icp_s": 1.577627426944673,
  "fpfh_total_s": 25.081707096658647,
  "fpfh_ransac_fitness": 0.0,
  "fpfh_ransac_rmse": 0.0,
  "fpfh_icp_fitness": 0.0,
  "fpfh_icp_rmse": 0.0,
  "fpfh_cov_5mm": 0.0,
  "fpfh_cov_10mm": 0.0,
  "fpfh_trimrmse_5mm": NaN,
  "fpfh_trimrmse_10mm": NaN,
  "fpfh_chamfer": 12.585496376008571,
  "spinnet_ref_feat_s": 204.95809524692595,
  "spinnet_mov_feat_s": 300.8719509234652,
  "spinnet_feat_s": 505.83004617039114,
  "spinnet_ransac_s": 34.9605329381302,
  "spinnet_icp_s": 1.9363956628367305,
  "spinnet_total_s": 542.7269747713581,
  "spinnet_ransac_fitness": 0.4319395017793594,
  "spinnet_ransac_rmse": 0.005101539506947698,
  "spinnet_icp_fitness": 0.784327638008439,
  "spinnet_icp_rmse": 0.002911603752199034,
  "spinnet_cov_5mm": 0.784327638008439,
  "spinnet_cov_10mm": 0.940592428429429,
  "spinnet_trimrmse_5mm": 0.002911603752199031,
  "spinnet_trimrmse_10mm": 0.0038093472321498356,
  "spinnet_chamfer": 0.00636310454125235,
  "fpfh_T_icp": [
    [
      1.0,
      0.0,
      0.0,
      0.0
    ],
    [
      0.0,
      1.0,
      0.0,
      0.0
    ],
    [
      0.0,
      0.0,
      1.0,
      0.0
    ],
    [
      0.0,
      0.0,
      0.0,
      1.0
    ]
  ],
  "spinnet_T_icp": [
    [
      0.0194025559316505,
      -0.6825716493970315,
      -0.7305610749709668,
      -5.865325384984538
    ],
    [
      0.008821700014909796,
      0.7307870587715862,
      -0.6825484981602562,
      -5.084276092560642
    ],
    [
      0.999772833413754,
      0.006798394765654595,
      0.020200579111604815,
      0.11885353292987368
    ],
    [
      0.0,
      0.0,
      0.0,
      1.0
    ]
  ]
}