{
  "K": 78516,
  "seed": 0,
  "voxel_size": 0.005,
  "patch_radius": 0.3,
  "ref_support_n": 196290,
  "mov_support_n": 400580,
  "ref_kp_n": 78516,
  "mov_kp_n": 78516,
  "fpfh_feat_s": 1.9750644257292151,
  "fpfh_ransac_s": 91.4040198912844,
  "fpfh_icp_s": 1.5075251273810863,
  "fpfh_total_s": 94.88660944439471,
  "fpfh_ransac_fitness": 0.0,
  "fpfh_ransac_rmse": 0.0,
  "fpfh_icp_fitness": 0.0,
  "fpfh_icp_rmse": 0.0,
  "fpfh_cov_5mm": 0.0,
  "fpfh_cov_10mm": 0.0,
  "fpfh_trimrmse_5mm": NaN,
  "fpfh_trimrmse_10mm": NaN,
  "fpfh_chamfer": 6.64051921124479,
  "spinnet_ref_feat_s": 390.1934083169326,
  "spinnet_mov_feat_s": 532.9605277329683,
  "spinnet_feat_s": 923.153936049901,
  "spinnet_ransac_s": 175.0463836984709,
  "spinnet_icp_s": 4.6558756325393915,
  "spinnet_total_s": 1102.8561953809112,
  "spinnet_ransac_fitness": 0.5706989658158846,
  "spinnet_ransac_rmse": 0.005137778494534763,
  "spinnet_icp_fitness": 0.6375836285559199,
  "spinnet_icp_rmse": 0.0033108430388226915,
  "spinnet_cov_5mm": 0.6375836285559199,
  "spinnet_cov_10mm": 0.9300764099220484,
  "spinnet_trimrmse_5mm": 0.003310843038822693,
  "spinnet_trimrmse_10mm": 0.004707364627563275,
  "spinnet_chamfer": 0.008754547202352256,
  "fpfh_T_icp": [
    [
      1.0,
      0.0,
      0.0,
      0.0
    ],
    [
      0.0,
      1.0,
      0.0,
      0.0
    ],
    [
      0.0,
      0.0,
      1.0,
      0.0
    ],
    [
      0.0,
      0.0,
      0.0,
      1.0
    ]
  ],
  "spinnet_T_icp": [
    [
      0.006110532595125244,
      -0.9181584028955204,
      0.39616639002286475,
      1.6234862165103676
    ],
    [
      0.05034013314706579,
      -0.3953890307650572,
      -0.917133242961678,
      -4.466914535361315
    ],
    [
      0.9987134385729171,
      0.02554724139733377,
      0.043804178691613196,
      0.04443646591029944
    ],
    [
      0.0,
      0.0,
      0.0,
      1.0
    ]
  ]
}