{
  "K": 44803,
  "seed": 4,
  "voxel_size": 0.005,
  "patch_radius": 0.3,
  "ref_support_n": 451634,
  "mov_support_n": 448032,
  "ref_kp_n": 44803,
  "mov_kp_n": 44803,
  "fpfh_feat_s": 3.4933328041806817,
  "fpfh_ransac_s": 21.54521114937961,
  "fpfh_icp_s": 4.658423195593059,
  "fpfh_total_s": 29.696967149153352,
  "fpfh_ransac_fitness": 0.3849742204763074,
  "fpfh_ransac_rmse": 0.005387165004903607,
  "fpfh_icp_fitness": 0.8891739390489093,
  "fpfh_icp_rmse": 0.0021660941642054252,
  "fpfh_cov_5mm": 0.8891739390489093,
  "fpfh_cov_10mm": 0.9594412056020364,
  "fpfh_trimrmse_5mm": 0.0021660941642054543,
  "fpfh_trimrmse_10mm": 0.002815093171590585,
  "fpfh_chamfer": 0.005839238685605258,
  "spinnet_ref_feat_s": 392.70999707095325,
  "spinnet_mov_feat_s": 353.1316703893244,
  "spinnet_feat_s": 745.8416674602777,
  "spinnet_ransac_s": 37.68097923975438,
  "spinnet_icp_s": 4.256709516979754,
  "spinnet_total_s": 787.7793562170118,
  "spinnet_ransac_fitness": 0.46958909001629356,
  "spinnet_ransac_rmse": 0.005124224856321125,
  "spinnet_icp_fitness": 0.889174739751606,
  "spinnet_icp_rmse": 0.0021660993053619145,
  "spinnet_cov_5mm": 0.889174739751606,
  "spinnet_cov_10mm": 0.9594412056020364,
  "spinnet_trimrmse_5mm": 0.0021660993053619253,
  "spinnet_trimrmse_10mm": 0.002815088678024902,
  "spinnet_chamfer": 0.005839238991151802,
  "fpfh_T_icp": [
    [
      0.007191108854872908,
      -0.9993649285487958,
      0.03490025128987266,
      -0.3749413132840526
    ],
    [
      -0.007009199746039077,
      -0.03495067083763808,
      -0.9993644589072186,
      0.9613071929954208
    ],
    [
      0.9999495782650023,
      0.006941915777215302,
      -0.007256082481928903,
      -0.1058022147189913
    ],
    [
      0.0,
      0.0,
      0.0,
      1.0
    ]
  ],
  "spinnet_T_icp": [
    [
      0.007191148547685014,
      -0.9993649251753653,
      0.03490033970897043,
      -0.37494143393275714
    ],
    [
      -0.007009282974785864,
      -0.034950760122522496,
      -0.9993644552009224,
      0.9613072003417155
    ],
    [
      0.9999495773961528,
      0.006941951893689812,
      -0.0072561676635253414,
      -0.10580205072748619
    ],
    [
      0.0,
      0.0,
      0.0,
      1.0
    ]
  ]
}