{
  "K": 44803,
  "seed": 4,
  "voxel_size": 0.005,
  "patch_radius": 0.3,
  "ref_support_n": 451634,
  "mov_support_n": 448032,
  "ref_kp_n": 44803,
  "mov_kp_n": 44803,
  "fpfh_feat_s": 3.6078724563121796,
  "fpfh_ransac_s": 20.031146114692092,
  "fpfh_icp_s": 51.49477300327271,
  "fpfh_total_s": 75.13379157427698,
  "fpfh_ransac_fitness": 0.0,
  "fpfh_ransac_rmse": 0.0,
  "fpfh_icp_fitness": 0.0014957126374105915,
  "fpfh_icp_rmse": 0.0031637015049261067,
  "fpfh_cov_5mm": 0.0014957126374105915,
  "fpfh_cov_10mm": 0.0028360889516639803,
  "fpfh_trimrmse_5mm": 0.0031637015049261036,
  "fpfh_trimrmse_10mm": 0.005649091632407533,
  "fpfh_chamfer": 2.0545392516242664,
  "spinnet_ref_feat_s": 348.54690774250776,
  "spinnet_mov_feat_s": 401.94685165397823,
  "spinnet_feat_s": 750.493759396486,
  "spinnet_ransac_s": 40.73476718366146,
  "spinnet_icp_s": 7.089342070743442,
  "spinnet_total_s": 798.3178686508909,
  "spinnet_ransac_fitness": 0.46115215498962125,
  "spinnet_ransac_rmse": 0.005170110788857076,
  "spinnet_icp_fitness": 0.8890658441848567,
  "spinnet_icp_rmse": 0.0021650991825527223,
  "spinnet_cov_5mm": 0.8890658441848567,
  "spinnet_cov_10mm": 0.9594019711698987,
  "spinnet_trimrmse_5mm": 0.0021650991825526954,
  "spinnet_trimrmse_10mm": 0.002814667929204078,
  "spinnet_chamfer": 0.005840245893832415,
  "fpfh_T_icp": [
    [
      0.9997816005689824,
      0.015095177379049524,
      0.014452916094433367,
      0.007742069622970355
    ],
    [
      -0.014139258000848165,
      0.9978432273766815,
      -0.06410128673964015,
      -0.00617246868616949
    ],
    [
      -0.015389364734233243,
      0.06388293354557013,
      0.9978387335911088,
      0.006605978914385112
    ],
    [
      0.0,
      0.0,
      0.0,
      1.0
    ]
  ],
  "spinnet_T_icp": [
    [
      0.007162087959657298,
      -0.9993675045746627,
      0.034832388609952324,
      -0.37484077044037856
    ],
    [
      -0.0070037875270523775,
      -0.03488256021012265,
      -0.9993668765540836,
      0.9613263316726949
    ],
    [
      0.9999498244693771,
      0.00691359482496437,
      -0.007249189627964416,
      -0.1058072904147096
    ],
    [
      0.0,
      0.0,
      0.0,
      1.0
    ]
  ],
  "combine_w_fpfh": 1.0,
  "combine_w_spinnet": 1.0,
  "combine_feat_s": 754.1016318527982,
  "combine_ransac_s": 426.40656319912523,
  "combine_icp_s": 8.325626758858562,
  "combine_total_s": 1188.833821810782,
  "combine_ransac_fitness": 0.4550811329598464,
  "combine_ransac_rmse": 0.005238681950443532,
  "combine_icp_fitness": 0.8891074807250844,
  "combine_icp_rmse": 0.0021653212724296804,
  "combine_cov_5mm": 0.8891074807250844,
  "combine_cov_10mm": 0.9594227894400126,
  "combine_trimrmse_5mm": 0.0021653212724296626,
  "combine_trimrmse_10mm": 0.0028146520857484517,
  "combine_chamfer": 0.005840216983226423,
  "combine_T_icp": [
    [
      0.007162922820824036,
      -0.999367507415364,
      0.03483213543665481,
      -0.3748396859064938
    ],
    [
      -0.007002020003999198,
      -0.0348823008672778,
      -0.999366897991961,
      0.9613401793398394
    ],
    [
      0.9999498308677949,
      0.006914492650893211,
      -0.007247450507193312,
      -0.10581427350738472
    ],
    [
      0.0,
      0.0,
      0.0,
      1.0
    ]
  ]
}