{
  "K": 22402,
  "seed": 3,
  "voxel_size": 0.005,
  "patch_radius": 0.3,
  "ref_support_n": 451634,
  "mov_support_n": 448032,
  "ref_kp_n": 22402,
  "mov_kp_n": 22402,
  "fpfh_feat_s": 3.6072778468951583,
  "fpfh_ransac_s": 5.729101202450693,
  "fpfh_icp_s": 20.326948132365942,
  "fpfh_total_s": 29.663327181711793,
  "fpfh_ransac_fitness": 0.0,
  "fpfh_ransac_rmse": 0.0,
  "fpfh_icp_fitness": 0.0014692894484199333,
  "fpfh_icp_rmse": 0.003137731510718817,
  "fpfh_cov_5mm": 0.0014692894484199333,
  "fpfh_cov_10mm": 0.0026431196017625068,
  "fpfh_trimrmse_5mm": 0.0031377315107188105,
  "fpfh_trimrmse_10mm": 0.005530341803614229,
  "fpfh_chamfer": 2.0489803121514667,
  "spinnet_ref_feat_s": 207.1429838631302,
  "spinnet_mov_feat_s": 189.81239006947726,
  "spinnet_feat_s": 396.9553739326075,
  "spinnet_ransac_s": 9.596331100910902,
  "spinnet_icp_s": 4.44195719063282,
  "spinnet_total_s": 410.9936622241512,
  "spinnet_ransac_fitness": 0.26430675832514955,
  "spinnet_ransac_rmse": 0.005388255498496272,
  "spinnet_icp_fitness": 0.889172337643516,
  "spinnet_icp_rmse": 0.0021660860486730858,
  "spinnet_cov_5mm": 0.889172337643516,
  "spinnet_cov_10mm": 0.9594404048993397,
  "spinnet_trimrmse_5mm": 0.002166086048673053,
  "spinnet_trimrmse_10mm": 0.00281508780728235,
  "spinnet_chamfer": 0.0058392379252366605,
  "fpfh_T_icp": [
    [
      0.9965362460303991,
      -0.06086737382892598,
      -0.05666280217929243,
      -0.03091497435458933
    ],
    [
      0.05660374356668044,
      0.995648235162509,
      -0.07403112880415937,
      0.0017471646375628856
    ],
    [
      0.060922299381075094,
      0.0705673764635637,
      0.9956448758554287,
      0.017723169531811335
    ],
    [
      0.0,
      0.0,
      0.0,
      1.0
    ]
  ],
  "spinnet_T_icp": [
    [
      0.007191080696092024,
      -0.9993649281060772,
      0.03490026976913863,
      -0.37494135748142154
    ],
    [
      -0.007009073742425508,
      -0.03495068823781573,
      -0.9993644591824227,
      0.9613071082096711
    ],
    [
      0.9999495793507267,
      0.006941891906344678,
      -0.007255955696191267,
      -0.10580245837215936
    ],
    [
      0.0,
      0.0,
      0.0,
      1.0
    ]
  ]
}