{
  "K": 89606,
  "seed": 1,
  "voxel_size": 0.005,
  "patch_radius": 0.3,
  "ref_support_n": 451634,
  "mov_support_n": 448032,
  "ref_kp_n": 89606,
  "mov_kp_n": 89606,
  "fpfh_feat_s": 3.6268161945044994,
  "fpfh_ransac_s": 111.77345908153802,
  "fpfh_icp_s": 6.29023452475667,
  "fpfh_total_s": 121.69050980079919,
  "fpfh_ransac_fitness": 0.6387183893935674,
  "fpfh_ransac_rmse": 0.005058682398363869,
  "fpfh_icp_fitness": 0.8891355053194684,
  "fpfh_icp_rmse": 0.0021654793756796875,
  "fpfh_cov_5mm": 0.8891355053194684,
  "fpfh_cov_10mm": 0.9594123803049557,
  "fpfh_trimrmse_5mm": 0.0021654793756796433,
  "fpfh_trimrmse_10mm": 0.002814496863314479,
  "fpfh_chamfer": 0.005840325620971175,
  "spinnet_ref_feat_s": 681.4868710329756,
  "spinnet_mov_feat_s": 658.7306982791051,
  "spinnet_feat_s": 1340.2175693120807,
  "spinnet_ransac_s": 216.15867528133094,
  "spinnet_icp_s": 7.544956894591451,
  "spinnet_total_s": 1563.9212014880031,
  "spinnet_ransac_fitness": 0.6767850367162913,
  "spinnet_ransac_rmse": 0.0048677846173289015,
  "spinnet_icp_fitness": 0.8891202919682313,
  "spinnet_icp_rmse": 0.0021653888734063445,
  "spinnet_cov_5mm": 0.8891202919682313,
  "spinnet_cov_10mm": 0.959424390845406,
  "spinnet_trimrmse_5mm": 0.002165388873406316,
  "spinnet_trimrmse_10mm": 0.0028146526070089673,
  "spinnet_chamfer": 0.0058402287624661296,
  "fpfh_T_icp": [
    [
      0.007162290286390231,
      -0.9993673860237461,
      0.03483574816077839,
      -0.3748448779464777
    ],
    [
      -0.007021060055439496,
      -0.03488604064474997,
      -0.9993666338655852,
      0.9613203578945115
    ],
    [
      0.9999497018918266,
      0.006913170054365639,
      -0.007266482384760704,
      -0.1057866541247241
    ],
    [
      0.0,
      0.0,
      0.0,
      1.0
    ]
  ],
  "spinnet_T_icp": [
    [
      0.0071629941688139374,
      -0.9993674959605892,
      0.034832449411504714,
      -0.37484002914186865
    ],
    [
      -0.007004178525517098,
      -0.034882630284951095,
      -0.9993668713678615,
      0.9613388304842028
    ],
    [
      0.9999498152396059,
      0.0069144863779543484,
      -0.007249612431630867,
      -0.10581131514013434
    ],
    [
      0.0,
      0.0,
      0.0,
      1.0
    ]
  ],
  "combine_w_fpfh": 1.0,
  "combine_w_spinnet": 1.0,
  "combine_feat_s": 1343.8443855065852,
  "combine_ransac_s": 1791.5407008146867,
  "combine_icp_s": 6.30745192989707,
  "combine_total_s": 3141.692538251169,
  "combine_ransac_fitness": 0.6855902506528581,
  "combine_ransac_rmse": 0.004775591323452619,
  "combine_icp_fitness": 0.889133903914075,
  "combine_icp_rmse": 0.002165472063659882,
  "combine_cov_5mm": 0.889133903914075,
  "combine_cov_10mm": 0.9594356006831596,
  "combine_trimrmse_5mm": 0.0021654720636598832,
  "combine_trimrmse_10mm": 0.002814638346818701,
  "combine_chamfer": 0.005840195585395563,
  "combine_T_icp": [
    [
      0.007162920239476244,
      -0.9993675352672055,
      0.034831336862074604,
      -0.37483860507778627
    ],
    [
      -0.0069983221056879805,
      -0.03488147670385199,
      -0.9993669526608656,
      0.9613520919068846
    ],
    [
      0.9999498567735039,
      0.006914624857145446,
      -0.007243749149232176,
      -0.10582320861375301
    ],
    [
      0.0,
      0.0,
      0.0,
      1.0
    ]
  ]
}