{
  "K": 5242,
  "seed": 1,
  "voxel_size": 0.005,
  "patch_radius": 0.3,
  "ref_support_n": 52425,
  "mov_support_n": 59566,
  "ref_kp_n": 5242,
  "mov_kp_n": 5242,
  "fpfh_feat_s": 0.35268345568329096,
  "fpfh_ransac_s": 0.3933970285579562,
  "fpfh_icp_s": 5.139109708368778,
  "fpfh_total_s": 5.885190192610025,
  "fpfh_ransac_fitness": 0.0,
  "fpfh_ransac_rmse": 0.0,
  "fpfh_icp_fitness": 0.0,
  "fpfh_icp_rmse": 0.0,
  "fpfh_cov_5mm": 0.0,
  "fpfh_cov_10mm": 0.0,
  "fpfh_trimrmse_5mm": NaN,
  "fpfh_trimrmse_10mm": NaN,
  "fpfh_chamfer": 8.107914416820307,
  "spinnet_ref_feat_s": 29.3728937683627,
  "spinnet_mov_feat_s": 30.374706275761127,
  "spinnet_feat_s": 59.74760004412383,
  "spinnet_ransac_s": 1.1418738886713982,
  "spinnet_icp_s": 17.660397693514824,
  "spinnet_total_s": 78.54987162631005,
  "spinnet_ransac_fitness": 0.3756199923693247,
  "spinnet_ransac_rmse": 0.005478323781194223,
  "spinnet_icp_fitness": 0.7907022680388273,
  "spinnet_icp_rmse": 0.0012217637378423545,
  "spinnet_cov_5mm": 0.7907022680388273,
  "spinnet_cov_10mm": 0.8165605988884798,
  "spinnet_trimrmse_5mm": 0.0012217637378423329,
  "spinnet_trimrmse_10mm": 0.0017580915039219567,
  "spinnet_chamfer": 0.016680291860051585,
  "fpfh_T_icp": [
    [
      1.0,
      0.0,
      0.0,
      0.0
    ],
    [
      0.0,
      1.0,
      0.0,
      0.0
    ],
    [
      0.0,
      0.0,
      1.0,
      0.0
    ],
    [
      0.0,
      0.0,
      0.0,
      1.0
    ]
  ],
  "spinnet_T_icp": [
    [
      0.4415995607607598,
      -0.04350025787091033,
      0.8961571042518564,
      4.248479483794845
    ],
    [
      0.8933233444617062,
      0.11421407557400512,
      -0.43465911606743923,
      -1.5723385831446937
    ],
    [
      -0.08344597159632716,
      0.9925033362694259,
      0.08929668145236541,
      0.5782760472402259
    ],
    [
      0.0,
      0.0,
      0.0,
      1.0
    ]
  ],
  "combine_w_fpfh": 1.0,
  "combine_w_spinnet": 1.0,
  "combine_feat_s": 60.10028349980712,
  "combine_ransac_s": 2.1815980672836304,
  "combine_icp_s": 32.61052279546857,
  "combine_total_s": 94.89240436255932,
  "combine_ransac_fitness": 0.37829072872949254,
  "combine_ransac_rmse": 0.0054382495081865,
  "combine_icp_fitness": 0.7907005148524109,
  "combine_icp_rmse": 0.001221146015224688,
  "combine_cov_5mm": 0.7907005148524109,
  "combine_cov_10mm": 0.8165524173518703,
  "combine_trimrmse_5mm": 0.0012211460152246928,
  "combine_trimrmse_10mm": 0.0017575828876786421,
  "combine_chamfer": 0.01667862441415668,
  "combine_T_icp": [
    [
      0.4415956570374381,
      -0.04350272626269621,
      0.8961589080589413,
      4.248420120795135
    ],
    [
      0.8933240077960038,
      0.11422990185386966,
      -0.43465359381666135,
      -1.572239909606519
    ],
    [
      -0.08345952780214025,
      0.9925014067144612,
      0.08930545833752666,
      0.5783053677090118
    ],
    [
      0.0,
      0.0,
      0.0,
      1.0
    ]
  ]
}