{
  "K": 2621,
  "seed": 3,
  "voxel_size": 0.005,
  "patch_radius": 0.3,
  "ref_support_n": 52425,
  "mov_support_n": 59566,
  "ref_kp_n": 2621,
  "mov_kp_n": 2621,
  "fpfh_feat_s": 0.35149263963103294,
  "fpfh_ransac_s": 0.18472052365541458,
  "fpfh_icp_s": 76.88050691224635,
  "fpfh_total_s": 77.4167200755328,
  "fpfh_ransac_fitness": 0.017932086989698587,
  "fpfh_ransac_rmse": 0.005782647343546325,
  "fpfh_icp_fitness": 0.037349883413103316,
  "fpfh_icp_rmse": 0.002887279054860809,
  "fpfh_cov_5mm": 0.037349883413103316,
  "fpfh_cov_10mm": 0.07196654920317677,
  "fpfh_trimrmse_5mm": 0.0028872790548607674,
  "fpfh_trimrmse_10mm": 0.005674006849090167,
  "fpfh_chamfer": 0.2617590552532355,
  "spinnet_ref_feat_s": 14.771314884535968,
  "spinnet_mov_feat_s": 15.281805321574211,
  "spinnet_feat_s": 30.05312020611018,
  "spinnet_ransac_s": 0.35326752439141273,
  "spinnet_icp_s": 37.30169047508389,
  "spinnet_total_s": 67.70807820558548,
  "spinnet_ransac_fitness": 0.1659671880961465,
  "spinnet_ransac_rmse": 0.0056383459651625665,
  "spinnet_icp_fitness": 0.7906964240841062,
  "spinnet_icp_rmse": 0.001222004899970048,
  "spinnet_cov_5mm": 0.7906964240841062,
  "spinnet_cov_10mm": 0.8165623520748961,
  "spinnet_trimrmse_5mm": 0.001222004899970034,
  "spinnet_trimrmse_10mm": 0.0017583705333325873,
  "spinnet_chamfer": 0.016681088384667968,
  "fpfh_T_icp": [
    [
      0.6061267541513802,
      -0.1293128730475634,
      -0.7847856642205574,
      -3.442628000292191
    ],
    [
      -0.7599479281784157,
      0.19701469205066302,
      -0.6194064558700831,
      -2.938397754888502
    ],
    [
      0.23471153435495562,
      0.9718350641854706,
      0.021144825853506657,
      0.28756509549494513
    ],
    [
      0.0,
      0.0,
      0.0,
      1.0
    ]
  ],
  "spinnet_T_icp": [
    [
      0.4415950354835844,
      -0.04350284907011761,
      0.8961592083770872,
      4.248506207986889
    ],
    [
      0.8933257318708822,
      0.11421304217939898,
      -0.4346544809080984,
      -1.5723338347958458
    ],
    [
      -0.0834443611852328,
      0.9925033416159987,
      0.08929812689793111,
      0.5782856914959952
    ],
    [
      0.0,
      0.0,
      0.0,
      1.0
    ]
  ],
  "combine_w_fpfh": 1.0,
  "combine_w_spinnet": 1.0,
  "combine_feat_s": 30.404612845741212,
  "combine_ransac_s": 0.6303403684869409,
  "combine_icp_s": 13.744726998731494,
  "combine_total_s": 44.77968021295965,
  "combine_ransac_fitness": 0.25867989317054557,
  "combine_ransac_rmse": 0.005421200159249151,
  "combine_icp_fitness": 0.7906981772705225,
  "combine_icp_rmse": 0.0012221604825117178,
  "combine_cov_5mm": 0.7906981772705225,
  "combine_cov_10mm": 0.8165705336115056,
  "combine_trimrmse_5mm": 0.0012221604825117037,
  "combine_trimrmse_10mm": 0.0017585953364501973,
  "combine_chamfer": 0.016680858300188513,
  "combine_T_icp": [
    [
      0.4416157084721871,
      -0.04348548086845009,
      0.8961498641322512,
      4.248481516181189
    ],
    [
      0.8933153642863402,
      0.11420866765083251,
      -0.4346769376944045,
      -1.5724540968745515
    ],
    [
      -0.0834459463399519,
      0.9925046061288899,
      0.08928258986145318,
      0.578211658982305
    ],
    [
      0.0,
      0.0,
      0.0,
      1.0
    ]
  ]
}