{
  "K": 20232,
  "seed": 0,
  "voxel_size": 0.005,
  "patch_radius": 0.3,
  "ref_support_n": 202322,
  "mov_support_n": 470991,
  "ref_kp_n": 20232,
  "mov_kp_n": 20232,
  "fpfh_feat_s": 2.3840640923008323,
  "fpfh_ransac_s": 6.444345290772617,
  "fpfh_icp_s": 1.565334185026586,
  "fpfh_total_s": 10.393743568100035,
  "fpfh_ransac_fitness": 0.0,
  "fpfh_ransac_rmse": 0.0,
  "fpfh_icp_fitness": 0.0,
  "fpfh_icp_rmse": 0.0,
  "fpfh_cov_5mm": 0.0,
  "fpfh_cov_10mm": 0.0,
  "fpfh_trimrmse_5mm": NaN,
  "fpfh_trimrmse_10mm": NaN,
  "fpfh_chamfer": 12.585496376008571,
  "spinnet_ref_feat_s": 102.16001330129802,
  "spinnet_mov_feat_s": 154.5857378942892,
  "spinnet_feat_s": 256.7457511955872,
  "spinnet_ransac_s": 9.409845798276365,
  "spinnet_icp_s": 1.684150729328394,
  "spinnet_total_s": 267.839747723192,
  "spinnet_ransac_fitness": 0.2555852115460656,
  "spinnet_ransac_rmse": 0.005229916030111075,
  "spinnet_icp_fitness": 0.784327638008439,
  "spinnet_icp_rmse": 0.0029116043565810003,
  "spinnet_cov_5mm": 0.784327638008439,
  "spinnet_cov_10mm": 0.940592428429429,
  "spinnet_trimrmse_5mm": 0.002911604356580995,
  "spinnet_trimrmse_10mm": 0.0038093443038636804,
  "spinnet_chamfer": 0.006363110395849805,
  "fpfh_T_icp": [
    [
      1.0,
      0.0,
      0.0,
      0.0
    ],
    [
      0.0,
      1.0,
      0.0,
      0.0
    ],
    [
      0.0,
      0.0,
      1.0,
      0.0
    ],
    [
      0.0,
      0.0,
      0.0,
      1.0
    ]
  ],
  "spinnet_T_icp": [
    [
      0.019402208783170487,
      -0.6825716988552216,
      -0.7305610379812438,
      -5.8653251405859566
    ],
    [
      0.00882219125446516,
      0.7307870181094013,
      -0.6825485353469306,
      -5.084276213043506
    ],
    [
      0.9997728358161196,
      0.006797799987317296,
      0.020200660373575378,
      0.11885407081927486
    ],
    [
      0.0,
      0.0,
      0.0,
      1.0
    ]
  ]
}