{
  "K": 179213,
  "seed": 4,
  "voxel_size": 0.005,
  "patch_radius": 0.3,
  "ref_support_n": 451634,
  "mov_support_n": 448032,
  "ref_kp_n": 179213,
  "mov_kp_n": 179213,
  "fpfh_feat_s": 3.6154776103794575,
  "fpfh_ransac_s": 540.206226779148,
  "fpfh_icp_s": 56.084021422080696,
  "fpfh_total_s": 599.9057258116081,
  "fpfh_ransac_fitness": 0.0,
  "fpfh_ransac_rmse": 0.0,
  "fpfh_icp_fitness": 0.0014957126374105915,
  "fpfh_icp_rmse": 0.0031637015049260893,
  "fpfh_cov_5mm": 0.0014957126374105915,
  "fpfh_cov_10mm": 0.0028360889516639803,
  "fpfh_trimrmse_5mm": 0.003163701504926094,
  "fpfh_trimrmse_10mm": 0.005649091632407494,
  "fpfh_chamfer": 2.0545392516242575,
  "spinnet_ref_feat_s": 1611.9910804796964,
  "spinnet_mov_feat_s": 1382.321790358983,
  "spinnet_feat_s": 2994.3128708386794,
  "spinnet_ransac_s": 991.2277979822829,
  "spinnet_icp_s": 9.413773058913648,
  "spinnet_total_s": 3994.954441879876,
  "spinnet_ransac_fitness": 0.8388007566415383,
  "spinnet_ransac_rmse": 0.004217055894684478,
  "spinnet_icp_fitness": 0.8890714491037335,
  "spinnet_icp_rmse": 0.0021651282143268116,
  "spinnet_cov_5mm": 0.8890714491037335,
  "spinnet_cov_10mm": 0.9594019711698987,
  "spinnet_trimrmse_5mm": 0.0021651282143267726,
  "spinnet_trimrmse_10mm": 0.002814638124517676,
  "spinnet_chamfer": 0.005840238833319749,
  "fpfh_T_icp": [
    [
      0.9997816005689777,
      0.015095177379052218,
      0.014452916094433646,
      0.007742069622970813
    ],
    [
      -0.014139258000846165,
      0.997843227376685,
      -0.06410128673963932,
      -0.006172468686168206
    ],
    [
      -0.015389364734233272,
      0.06388293354556773,
      0.9978387335911025,
      0.006605978914383447
    ],
    [
      0.0,
      0.0,
      0.0,
      1.0
    ]
  ],
  "spinnet_T_icp": [
    [
      0.0071622734077098765,
      -0.999367514246061,
      0.03483207299733616,
      -0.3748401561742755
    ],
    [
      -0.007002438269212249,
      -0.03488223661314493,
      -0.9993668973040657,
      0.9613287985354981
    ],
    [
      0.9999498325905767,
      0.006913829512154194,
      -0.007247845442459926,
      -0.10580982869664597
    ],
    [
      0.0,
      0.0,
      0.0,
      1.0
    ]
  ],
  "combine_w_fpfh": 1.0,
  "combine_w_spinnet": 1.0,
  "combine_feat_s": 2997.928348449059,
  "combine_ransac_s": 6311.009200970642,
  "combine_icp_s": 6.580890885554254,
  "combine_total_s": 9315.518440305255,
  "combine_ransac_fitness": 0.8366524749878637,
  "combine_ransac_rmse": 0.00418163131387639,
  "combine_icp_fitness": 0.8890490294282262,
  "combine_icp_rmse": 0.0021650126843591653,
  "combine_cov_5mm": 0.8890490294282262,
  "combine_cov_10mm": 0.9593915620348418,
  "combine_trimrmse_5mm": 0.002165012684359149,
  "combine_trimrmse_10mm": 0.0028146524375012422,
  "combine_chamfer": 0.005840255141056686,
  "combine_T_icp": [
    [
      0.007162413062883723,
      -0.9993674930377585,
      0.034832652763706555,
      -0.3748410494146994
    ],
    [
      -0.007003468228110498,
      -0.03488282451284615,
      -0.9993668695663204,
      0.9613214788133938
    ],
    [
      0.9999498243771563,
      0.006913928944263539,
      -0.007248883683657496,
      -0.10580612125978753
    ],
    [
      0.0,
      0.0,
      0.0,
      1.0
    ]
  ]
}