{
  "K": 12289,
  "seed": 0,
  "voxel_size": 0.005,
  "patch_radius": 0.3,
  "ref_support_n": 61443,
  "mov_support_n": 65640,
  "ref_kp_n": 12289,
  "mov_kp_n": 12289,
  "fpfh_feat_s": 0.44386859238147736,
  "fpfh_ransac_s": 1.3578934147953987,
  "fpfh_icp_s": 2.86320854537189,
  "fpfh_total_s": 4.664970552548766,
  "fpfh_ransac_fitness": 0.7515664415330784,
  "fpfh_ransac_rmse": 0.004718155218138916,
  "fpfh_icp_fitness": 0.9862361699623352,
  "fpfh_icp_rmse": 0.0014637959045659666,
  "fpfh_cov_5mm": 0.9862361699623352,
  "fpfh_cov_10mm": 0.9974914665725048,
  "fpfh_trimrmse_5mm": 0.0014637959045659715,
  "fpfh_trimrmse_10mm": 0.0016230008467565075,
  "fpfh_chamfer": 0.0029856193553289686,
  "spinnet_ref_feat_s": 70.8358650309965,
  "spinnet_mov_feat_s": 72.66573898028582,
  "spinnet_feat_s": 143.50160401128232,
  "spinnet_ransac_s": 5.935278527438641,
  "spinnet_icp_s": 3.1076110154390335,
  "spinnet_total_s": 152.54449355416,
  "spinnet_ransac_fitness": 0.0,
  "spinnet_ransac_rmse": 0.0,
  "spinnet_icp_fitness": 0.0,
  "spinnet_icp_rmse": 0.0,
  "spinnet_cov_5mm": 0.0,
  "spinnet_cov_10mm": 0.0,
  "spinnet_trimrmse_5mm": NaN,
  "spinnet_trimrmse_10mm": NaN,
  "spinnet_chamfer": 3.435376785446324,
  "fpfh_T_icp": [
    [
      -0.9792732303903451,
      0.021049706977289764,
      0.2014468914553606,
      -0.03970804534871135
    ],
    [
      -0.20151351511054622,
      -0.0010713973134967097,
      -0.9794851480934194,
      -2.3207037358442464
    ],
    [
      -0.020402045697656437,
      -0.9997778562980707,
      0.005290991153260045,
      -0.8192705150422711
    ],
    [
      0.0,
      0.0,
      0.0,
      1.0
    ]
  ],
  "spinnet_T_icp": [
    [
      1.0,
      0.0,
      0.0,
      0.0
    ],
    [
      0.0,
      1.0,
      0.0,
      0.0
    ],
    [
      0.0,
      0.0,
      1.0,
      0.0
    ],
    [
      0.0,
      0.0,
      0.0,
      1.0
    ]
  ]
}