{
  "K": 12289,
  "seed": 3,
  "voxel_size": 0.005,
  "patch_radius": 0.3,
  "ref_support_n": 61443,
  "mov_support_n": 65640,
  "ref_kp_n": 12289,
  "mov_kp_n": 12289,
  "fpfh_feat_s": 0.4164555240422487,
  "fpfh_ransac_s": 1.4023646162822843,
  "fpfh_icp_s": 3.1939778039231896,
  "fpfh_total_s": 5.012797944247723,
  "fpfh_ransac_fitness": 0.7529497924973554,
  "fpfh_ransac_rmse": 0.004747201581339889,
  "fpfh_icp_fitness": 0.9862141007532956,
  "fpfh_icp_rmse": 0.001463676061396123,
  "fpfh_cov_5mm": 0.9862141007532956,
  "fpfh_cov_10mm": 0.997489014438167,
  "fpfh_trimrmse_5mm": 0.0014636760613961268,
  "fpfh_trimrmse_10mm": 0.001623014637056597,
  "fpfh_chamfer": 0.0029851943314562293,
  "spinnet_ref_feat_s": 72.42392550222576,
  "spinnet_mov_feat_s": 74.19653550162911,
  "spinnet_feat_s": 146.62046100385487,
  "spinnet_ransac_s": 6.223032510839403,
  "spinnet_icp_s": 1.7421434028074145,
  "spinnet_total_s": 154.5856369175017,
  "spinnet_ransac_fitness": 0.0,
  "spinnet_ransac_rmse": 0.0,
  "spinnet_icp_fitness": 0.0,
  "spinnet_icp_rmse": 0.0,
  "spinnet_cov_5mm": 0.0,
  "spinnet_cov_10mm": 0.0,
  "spinnet_trimrmse_5mm": NaN,
  "spinnet_trimrmse_10mm": NaN,
  "spinnet_chamfer": 3.435376785446324,
  "fpfh_T_icp": [
    [
      -0.9792764737661013,
      0.02107466617977065,
      0.20142851430134223,
      -0.03972501034252198
    ],
    [
      -0.20149544051093074,
      -0.0010799317583290668,
      -0.9794888571090042,
      -2.3207373187192695
    ],
    [
      -0.020424871640750176,
      -0.9997773213035088,
      0.005304000909718257,
      -0.8192484780794713
    ],
    [
      0.0,
      0.0,
      0.0,
      1.0
    ]
  ],
  "spinnet_T_icp": [
    [
      1.0,
      0.0,
      0.0,
      0.0
    ],
    [
      0.0,
      1.0,
      0.0,
      0.0
    ],
    [
      0.0,
      0.0,
      1.0,
      0.0
    ],
    [
      0.0,
      0.0,
      0.0,
      1.0
    ]
  ],
  "combine_w_fpfh": 1.0,
  "combine_w_spinnet": 1.0,
  "combine_feat_s": 147.03691652789712,
  "combine_ransac_s": 12.329555495642126,
  "combine_icp_s": 4.923294232226908,
  "combine_total_s": 164.28976625576615,
  "combine_ransac_fitness": 0.5091545284400684,
  "combine_ransac_rmse": 0.005251396252926547,
  "combine_icp_fitness": 0.9862386220966729,
  "combine_icp_rmse": 0.001463809484658999,
  "combine_cov_5mm": 0.9862386220966729,
  "combine_cov_10mm": 0.997489014438167,
  "combine_trimrmse_5mm": 0.001463809484659034,
  "combine_trimrmse_10mm": 0.0016229288573600805,
  "combine_chamfer": 0.0029854794622615763,
  "combine_T_icp": [
    [
      -0.9792752762332856,
      0.02107855187437062,
      0.20143392963726411,
      -0.03972062388635775
    ],
    [
      -0.20150072102585564,
      -0.001072267256711003,
      -0.9794877792341236,
      -2.3207063406221877
    ],
    [
      -0.020430192957757286,
      -0.999777247637605,
      0.005297388214878152,
      -0.8192656989297129
    ],
    [
      0.0,
      0.0,
      0.0,
      1.0
    ]
  ]
}