{
  "K": 20232,
  "seed": 1,
  "voxel_size": 0.005,
  "patch_radius": 0.3,
  "ref_support_n": 202322,
  "mov_support_n": 470991,
  "ref_kp_n": 20232,
  "mov_kp_n": 20232,
  "fpfh_feat_s": 2.4548298260197043,
  "fpfh_ransac_s": 6.615319008938968,
  "fpfh_icp_s": 0.9162695361301303,
  "fpfh_total_s": 9.986418371088803,
  "fpfh_ransac_fitness": 0.0,
  "fpfh_ransac_rmse": 0.0,
  "fpfh_icp_fitness": 0.0,
  "fpfh_icp_rmse": 0.0,
  "fpfh_cov_5mm": 0.0,
  "fpfh_cov_10mm": 0.0,
  "fpfh_trimrmse_5mm": NaN,
  "fpfh_trimrmse_10mm": NaN,
  "fpfh_chamfer": 12.585496376008571,
  "spinnet_ref_feat_s": 103.10308445617557,
  "spinnet_mov_feat_s": 153.93802368827164,
  "spinnet_feat_s": 257.0411081444472,
  "spinnet_ransac_s": 9.230923464521766,
  "spinnet_icp_s": 2.316407316364348,
  "spinnet_total_s": 268.5884389253333,
  "spinnet_ransac_fitness": 0.24891261368129697,
  "spinnet_ransac_rmse": 0.0053614961178085375,
  "spinnet_icp_fitness": 0.7842288008318394,
  "spinnet_icp_rmse": 0.002911249253277776,
  "spinnet_cov_5mm": 0.7842288008318394,
  "spinnet_cov_10mm": 0.9406036781893672,
  "spinnet_trimrmse_5mm": 0.0029112492532777754,
  "spinnet_trimrmse_10mm": 0.003809826126888192,
  "spinnet_chamfer": 0.006362585353898609,
  "fpfh_T_icp": [
    [
      1.0,
      0.0,
      0.0,
      0.0
    ],
    [
      0.0,
      1.0,
      0.0,
      0.0
    ],
    [
      0.0,
      0.0,
      1.0,
      0.0
    ],
    [
      0.0,
      0.0,
      0.0,
      1.0
    ]
  ],
  "spinnet_T_icp": [
    [
      0.019340091897473717,
      -0.6825393535566583,
      -0.7305929042167478,
      -5.865623359246164
    ],
    [
      0.008790015588992168,
      0.7308174118528471,
      -0.6825164072450245,
      -5.084022153263184
    ],
    [
      0.9997743227705657,
      0.006778007020379862,
      0.020133607463371807,
      0.11833478686458664
    ],
    [
      0.0,
      0.0,
      0.0,
      1.0
    ]
  ],
  "combine_w_fpfh": 1.0,
  "combine_w_spinnet": 1.0,
  "combine_feat_s": 259.4959379704669,
  "combine_ransac_s": 43.268533625639975,
  "combine_icp_s": 2.6314026759937406,
  "combine_total_s": 305.3958742721006,
  "combine_ransac_fitness": 0.22790628706998814,
  "combine_ransac_rmse": 0.005527804388263075,
  "combine_icp_fitness": 0.7842906745114993,
  "combine_icp_rmse": 0.002911308362555559,
  "combine_cov_5mm": 0.7842906745114993,
  "combine_cov_10mm": 0.9405859999951787,
  "combine_trimrmse_5mm": 0.002911308362555557,
  "combine_trimrmse_10mm": 0.003809346390570099,
  "combine_chamfer": 0.006362740883546518,
  "combine_T_icp": [
    [
      0.019368178743396084,
      -0.6825338917545826,
      -0.7305972626957438,
      -5.865638773684924
    ],
    [
      0.008828657379826124,
      0.7308225982365494,
      -0.6825103550244899,
      -5.0839458089553835
    ],
    [
      0.9997734385654764,
      0.00676878963535335,
      0.020180560592779086,
      0.11870621589395515
    ],
    [
      0.0,
      0.0,
      0.0,
      1.0
    ]
  ]
}