{
  "K": 40022,
  "seed": 0,
  "voxel_size": 0.005,
  "patch_radius": 0.3,
  "ref_support_n": 200112,
  "mov_support_n": 457980,
  "ref_kp_n": 40022,
  "mov_kp_n": 40022,
  "fpfh_feat_s": 2.1879379749298096,
  "fpfh_ransac_s": 21.53300374560058,
  "fpfh_icp_s": 6.2680814964696765,
  "fpfh_total_s": 29.989023217000067,
  "fpfh_ransac_fitness": 0.0,
  "fpfh_ransac_rmse": 0.0,
  "fpfh_icp_fitness": 0.0012199443705367035,
  "fpfh_icp_rmse": 0.0035619433801930495,
  "fpfh_cov_5mm": 0.0012199443705367035,
  "fpfh_cov_10mm": 0.0033374478123797554,
  "fpfh_trimrmse_5mm": 0.0035619433801930616,
  "fpfh_trimrmse_10mm": 0.006420014478097015,
  "fpfh_chamfer": 2.0749589498997993,
  "spinnet_ref_feat_s": 192.7982204053551,
  "spinnet_mov_feat_s": 272.2866894630715,
  "spinnet_feat_s": 465.0849098684266,
  "spinnet_ransac_s": 35.379702729173005,
  "spinnet_icp_s": 6.139125255867839,
  "spinnet_total_s": 506.60373785346746,
  "spinnet_ransac_fitness": 0.2915896257058618,
  "spinnet_ransac_rmse": 0.005444796104814847,
  "spinnet_icp_fitness": 0.45231617438244814,
  "spinnet_icp_rmse": 0.003415522914698697,
  "spinnet_cov_5mm": 0.45231617438244814,
  "spinnet_cov_10mm": 0.8213945444087749,
  "spinnet_trimrmse_5mm": 0.003415522914698718,
  "spinnet_trimrmse_10mm": 0.005405409898860099,
  "spinnet_chamfer": 0.012782807801392555,
  "fpfh_T_icp": [
    [
      0.9993335391745971,
      0.011278514123827185,
      -0.03471703616285246,
      -0.02113660941975506
    ],
    [
      -0.0107764190932133,
      0.9998351099461318,
      0.01461580345153831,
      0.008799809587165456
    ],
    [
      0.03487615621454868,
      -0.014231937259740923,
      0.9992903010084375,
      -0.005744314986373784
    ],
    [
      0.0,
      0.0,
      0.0,
      1.0
    ]
  ],
  "spinnet_T_icp": [
    [
      -0.04068367566262206,
      -0.9743721764406459,
      0.22123223163205194,
      0.1407176127517065
    ],
    [
      0.008560704062708405,
      -0.2217473377109221,
      -0.975066578528906,
      -2.1696920528816492
    ],
    [
      0.9991354026759975,
      -0.037775388766198015,
      0.017362808615926404,
      -0.04340005151906283
    ],
    [
      0.0,
      0.0,
      0.0,
      1.0
    ]
  ]
}