{
  "K": 40464,
  "seed": 3,
  "voxel_size": 0.005,
  "patch_radius": 0.3,
  "ref_support_n": 202322,
  "mov_support_n": 470991,
  "ref_kp_n": 40464,
  "mov_kp_n": 40464,
  "fpfh_feat_s": 2.462419771589339,
  "fpfh_ransac_s": 22.878834698349237,
  "fpfh_icp_s": 0.9378498420119286,
  "fpfh_total_s": 26.279104311950505,
  "fpfh_ransac_fitness": 0.0,
  "fpfh_ransac_rmse": 0.0,
  "fpfh_icp_fitness": 0.0,
  "fpfh_icp_rmse": 0.0,
  "fpfh_cov_5mm": 0.0,
  "fpfh_cov_10mm": 0.0,
  "fpfh_trimrmse_5mm": NaN,
  "fpfh_trimrmse_10mm": NaN,
  "fpfh_chamfer": 12.585496376008571,
  "spinnet_ref_feat_s": 198.22949309740216,
  "spinnet_mov_feat_s": 300.8705808231607,
  "spinnet_feat_s": 499.10007392056286,
  "spinnet_ransac_s": 34.09140180423856,
  "spinnet_icp_s": 2.5146607337519526,
  "spinnet_total_s": 535.7061364585534,
  "spinnet_ransac_fitness": 0.43554764729141954,
  "spinnet_ransac_rmse": 0.005139990084588223,
  "spinnet_icp_fitness": 0.7843517446368778,
  "spinnet_icp_rmse": 0.0029115419741503187,
  "spinnet_cov_5mm": 0.7843517446368778,
  "spinnet_cov_10mm": 0.9405892142123039,
  "spinnet_trimrmse_5mm": 0.0029115419741503204,
  "spinnet_trimrmse_10mm": 0.0038093415512853723,
  "spinnet_chamfer": 0.006363044570092343,
  "fpfh_T_icp": [
    [
      1.0,
      0.0,
      0.0,
      0.0
    ],
    [
      0.0,
      1.0,
      0.0,
      0.0
    ],
    [
      0.0,
      0.0,
      1.0,
      0.0
    ],
    [
      0.0,
      0.0,
      0.0,
      1.0
    ]
  ],
  "spinnet_T_icp": [
    [
      0.019399722826444532,
      -0.6825309745073422,
      -0.7305991511029298,
      -5.865664788847969
    ],
    [
      0.00885507340530007,
      0.7308253027998955,
      -0.6825071167851896,
      -5.083926832156393
    ],
    [
      0.999772593357734,
      0.006770939779842139,
      0.020221670189523953,
      0.11903706302552974
    ],
    [
      0.0,
      0.0,
      0.0,
      1.0
    ]
  ],
  "combine_w_fpfh": 1.0,
  "combine_w_spinnet": 1.0,
  "combine_feat_s": 501.5624936921522,
  "combine_ransac_s": 311.5457931868732,
  "combine_icp_s": 3.052212839014828,
  "combine_total_s": 816.1604997180402,
  "combine_ransac_fitness": 0.4413552787663108,
  "combine_ransac_rmse": 0.005079351417965126,
  "combine_icp_fitness": 0.7842987100543123,
  "combine_icp_rmse": 0.0029113054745656466,
  "combine_cov_5mm": 0.7842987100543123,
  "combine_cov_10mm": 0.9405835893323348,
  "combine_trimrmse_5mm": 0.0029113054745656484,
  "combine_trimrmse_10mm": 0.0038093135106693483,
  "combine_chamfer": 0.006362922443905699,
  "combine_T_icp": [
    [
      0.019391888169114392,
      -0.6825316840523024,
      -0.7305986962334176,
      -5.865650472612835
    ],
    [
      0.00884752072906537,
      0.7308246383774973,
      -0.6825079261937935,
      -5.083927426941498
    ],
    [
      0.9997728122179502,
      0.006771130269730846,
      0.02021078288154676,
      0.11894092815077933
    ],
    [
      0.0,
      0.0,
      0.0,
      1.0
    ]
  ]
}