{
  "K": 20970,
  "seed": 3,
  "voxel_size": 0.005,
  "patch_radius": 0.3,
  "ref_support_n": 52425,
  "mov_support_n": 59566,
  "ref_kp_n": 20970,
  "mov_kp_n": 20970,
  "fpfh_feat_s": 0.3523049894720316,
  "fpfh_ransac_s": 3.5650371024385095,
  "fpfh_icp_s": 4.759898244403303,
  "fpfh_total_s": 8.677240336313844,
  "fpfh_ransac_fitness": 0.0,
  "fpfh_ransac_rmse": 0.0,
  "fpfh_icp_fitness": 0.0,
  "fpfh_icp_rmse": 0.0,
  "fpfh_cov_5mm": 0.0,
  "fpfh_cov_10mm": 0.0,
  "fpfh_trimrmse_5mm": NaN,
  "fpfh_trimrmse_10mm": NaN,
  "fpfh_chamfer": 8.107914416820307,
  "spinnet_ref_feat_s": 118.15853815153241,
  "spinnet_mov_feat_s": 121.76761313900352,
  "spinnet_feat_s": 239.92615129053593,
  "spinnet_ransac_s": 15.216837433166802,
  "spinnet_icp_s": 35.727773576043546,
  "spinnet_total_s": 290.8707622997463,
  "spinnet_ransac_fitness": 0.5412970910824988,
  "spinnet_ransac_rmse": 0.004793365967919062,
  "spinnet_icp_fitness": 0.7906940865022177,
  "spinnet_icp_rmse": 0.0012219323711885222,
  "spinnet_cov_5mm": 0.7906940865022177,
  "spinnet_cov_10mm": 0.8165635208658404,
  "spinnet_trimrmse_5mm": 0.0012219323711885619,
  "spinnet_trimrmse_10mm": 0.0017583826966205388,
  "spinnet_chamfer": 0.016680998355675488,
  "fpfh_T_icp": [
    [
      1.0,
      0.0,
      0.0,
      0.0
    ],
    [
      0.0,
      1.0,
      0.0,
      0.0
    ],
    [
      0.0,
      0.0,
      1.0,
      0.0
    ],
    [
      0.0,
      0.0,
      0.0,
      1.0
    ]
  ],
  "spinnet_T_icp": [
    [
      0.4415949245159027,
      -0.04350328421233708,
      0.89615924193446,
      4.248503649981569
    ],
    [
      0.8933257981137878,
      0.11421310548844524,
      -0.4346543281264468,
      -1.5723307184427018
    ],
    [
      -0.08344423926289798,
      0.992503315257659,
      0.089298533786454,
      0.578287403847966
    ],
    [
      0.0,
      0.0,
      0.0,
      1.0
    ]
  ],
  "combine_w_fpfh": 1.0,
  "combine_w_spinnet": 1.0,
  "combine_feat_s": 240.27845628000796,
  "combine_ransac_s": 35.51786934398115,
  "combine_icp_s": 29.633427204564214,
  "combine_total_s": 305.4297528285533,
  "combine_ransac_fitness": 0.699237005245589,
  "combine_ransac_rmse": 0.004563613246253466,
  "combine_icp_fitness": 0.7907051900161878,
  "combine_icp_rmse": 0.0012212276953612248,
  "combine_cov_5mm": 0.7907051900161878,
  "combine_cov_10mm": 0.8165489109790377,
  "combine_trimrmse_5mm": 0.0012212276953612149,
  "combine_trimrmse_10mm": 0.0017574640243568148,
  "combine_chamfer": 0.016678754000155695,
  "combine_T_icp": [
    [
      0.44159576532716965,
      -0.043501679561315496,
      0.8961589055075375,
      4.248427457697836
    ],
    [
      0.8933240256294762,
      0.11422855750612788,
      -0.4346539104658128,
      -1.5722485607466068
    ],
    [
      -0.08345876393923961,
      0.9925016073162941,
      0.08930394278149456,
      0.5782992992063121
    ],
    [
      0.0,
      0.0,
      0.0,
      1.0
    ]
  ]
}