{
  "K": 39258,
  "seed": 2,
  "voxel_size": 0.005,
  "patch_radius": 0.3,
  "ref_support_n": 196290,
  "mov_support_n": 400580,
  "ref_kp_n": 39258,
  "mov_kp_n": 39258,
  "fpfh_feat_s": 2.0810994738712907,
  "fpfh_ransac_s": 19.442709383554757,
  "fpfh_icp_s": 0.7116373814642429,
  "fpfh_total_s": 22.23544623889029,
  "fpfh_ransac_fitness": 0.0,
  "fpfh_ransac_rmse": 0.0,
  "fpfh_icp_fitness": 0.0,
  "fpfh_icp_rmse": 0.0,
  "fpfh_cov_5mm": 0.0,
  "fpfh_cov_10mm": 0.0,
  "fpfh_trimrmse_5mm": NaN,
  "fpfh_trimrmse_10mm": NaN,
  "fpfh_chamfer": 6.64051921124479,
  "spinnet_ref_feat_s": 200.4664207007736,
  "spinnet_mov_feat_s": 280.03802563622594,
  "spinnet_feat_s": 480.50444633699954,
  "spinnet_ransac_s": 28.957898621447384,
  "spinnet_icp_s": 12.006477564573288,
  "spinnet_total_s": 521.4688225230202,
  "spinnet_ransac_fitness": 0.4073564623770951,
  "spinnet_ransac_rmse": 0.005360390803802811,
  "spinnet_icp_fitness": 0.6427723729472261,
  "spinnet_icp_rmse": 0.0033587430408470926,
  "spinnet_cov_5mm": 0.6427723729472261,
  "spinnet_cov_10mm": 0.9514303975949664,
  "spinnet_trimrmse_5mm": 0.003358743040847068,
  "spinnet_trimrmse_10mm": 0.004725217164239615,
  "spinnet_chamfer": 0.008440263737014278,
  "fpfh_T_icp": [
    [
      1.0,
      0.0,
      0.0,
      0.0
    ],
    [
      0.0,
      1.0,
      0.0,
      0.0
    ],
    [
      0.0,
      0.0,
      1.0,
      0.0
    ],
    [
      0.0,
      0.0,
      0.0,
      1.0
    ]
  ],
  "spinnet_T_icp": [
    [
      0.007146212683784589,
      -0.9183826776888288,
      0.39562885254412894,
      1.619683740569403
    ],
    [
      0.05118929783574115,
      -0.39478426297889174,
      -0.9173467400559716,
      -4.462754769132542
    ],
    [
      0.998663400466539,
      0.026807518074509314,
      0.04419015210794035,
      0.04598576515552877
    ],
    [
      0.0,
      0.0,
      0.0,
      1.0
    ]
  ],
  "combine_w_fpfh": 1.0,
  "combine_w_spinnet": 1.0,
  "combine_feat_s": 482.5855458108708,
  "combine_ransac_s": 241.24381691217422,
  "combine_icp_s": 10.879084205254912,
  "combine_total_s": 734.7084469283,
  "combine_ransac_fitness": 0.40671964949819145,
  "combine_ransac_rmse": 0.005359937897484859,
  "combine_icp_fitness": 0.6447043009889287,
  "combine_icp_rmse": 0.003360230255669097,
  "combine_cov_5mm": 0.6447043009889287,
  "combine_cov_10mm": 0.9510056303738272,
  "combine_trimrmse_5mm": 0.003360230255669112,
  "combine_trimrmse_10mm": 0.004708629632187002,
  "combine_chamfer": 0.00842302922595003,
  "combine_T_icp": [
    [
      0.0070664722965243934,
      -0.9183447571829628,
      0.3957182986972508,
      1.6203449972877046
    ],
    [
      0.05087179343025331,
      -0.3948856147326609,
      -0.9173207791772812,
      -4.46344769951478
    ],
    [
      0.9986801918544707,
      0.02661312142097917,
      0.04392739652836353,
      0.04461343699948799
    ],
    [
      0.0,
      0.0,
      0.0,
      1.0
    ]
  ]
}