{
  "K": 10116,
  "seed": 1,
  "voxel_size": 0.005,
  "patch_radius": 0.3,
  "ref_support_n": 202322,
  "mov_support_n": 470991,
  "ref_kp_n": 10116,
  "mov_kp_n": 10116,
  "fpfh_feat_s": 2.3497974732890725,
  "fpfh_ransac_s": 1.9855449963361025,
  "fpfh_icp_s": 1.54786260984838,
  "fpfh_total_s": 5.883205079473555,
  "fpfh_ransac_fitness": 0.0,
  "fpfh_ransac_rmse": 0.0,
  "fpfh_icp_fitness": 0.0,
  "fpfh_icp_rmse": 0.0,
  "fpfh_cov_5mm": 0.0,
  "fpfh_cov_10mm": 0.0,
  "fpfh_trimrmse_5mm": NaN,
  "fpfh_trimrmse_10mm": NaN,
  "fpfh_chamfer": 12.585496376008571,
  "spinnet_ref_feat_s": 50.75115449447185,
  "spinnet_mov_feat_s": 75.5792716704309,
  "spinnet_feat_s": 126.33042616490275,
  "spinnet_ransac_s": 2.871126238256693,
  "spinnet_icp_s": 1.6339474590495229,
  "spinnet_total_s": 130.83549986220896,
  "spinnet_ransac_fitness": 0.1396797153024911,
  "spinnet_ransac_rmse": 0.005333994206555049,
  "spinnet_icp_fitness": 0.7843252273455951,
  "spinnet_icp_rmse": 0.0029115956217013374,
  "spinnet_cov_5mm": 0.7843252273455951,
  "spinnet_cov_10mm": 0.940592428429429,
  "spinnet_trimrmse_5mm": 0.00291159562170134,
  "spinnet_trimrmse_10mm": 0.0038093449655773387,
  "spinnet_chamfer": 0.006363109348776258,
  "fpfh_T_icp": [
    [
      1.0,
      0.0,
      0.0,
      0.0
    ],
    [
      0.0,
      1.0,
      0.0,
      0.0
    ],
    [
      0.0,
      0.0,
      1.0,
      0.0
    ],
    [
      0.0,
      0.0,
      0.0,
      1.0
    ]
  ],
  "spinnet_T_icp": [
    [
      0.01940221167886503,
      -0.6825717044865584,
      -0.7305610326429157,
      -5.865325109348854
    ],
    [
      0.00882212047754348,
      0.7307870123485218,
      -0.6825485424297683,
      -5.084276281241555
    ],
    [
      0.9997728363844707,
      0.006797853855148762,
      0.020200614117294107,
      0.11885368446453962
    ],
    [
      0.0,
      0.0,
      0.0,
      1.0
    ]
  ]
}