{
  "K": 39258,
  "seed": 0,
  "voxel_size": 0.005,
  "patch_radius": 0.3,
  "ref_support_n": 196290,
  "mov_support_n": 400580,
  "ref_kp_n": 39258,
  "mov_kp_n": 39258,
  "fpfh_feat_s": 2.106465774588287,
  "fpfh_ransac_s": 17.183347239159048,
  "fpfh_icp_s": 0.7726631527766585,
  "fpfh_total_s": 20.062476166523993,
  "fpfh_ransac_fitness": 0.0,
  "fpfh_ransac_rmse": 0.0,
  "fpfh_icp_fitness": 0.0,
  "fpfh_icp_rmse": 0.0,
  "fpfh_cov_5mm": 0.0,
  "fpfh_cov_10mm": 0.0,
  "fpfh_trimrmse_5mm": NaN,
  "fpfh_trimrmse_10mm": NaN,
  "fpfh_chamfer": 6.64051921124479,
  "spinnet_ref_feat_s": 203.0874503320083,
  "spinnet_mov_feat_s": 295.3521791603416,
  "spinnet_feat_s": 498.4396294923499,
  "spinnet_ransac_s": 34.5792546113953,
  "spinnet_icp_s": 11.932826028205454,
  "spinnet_total_s": 544.9517101319507,
  "spinnet_ransac_fitness": 0.40743287992256355,
  "spinnet_ransac_rmse": 0.005396615061059337,
  "spinnet_icp_fitness": 0.6458348723450041,
  "spinnet_icp_rmse": 0.0033601031151987795,
  "spinnet_cov_5mm": 0.6458348723450041,
  "spinnet_cov_10mm": 0.9501761699968203,
  "spinnet_trimrmse_5mm": 0.0033601031151987864,
  "spinnet_trimrmse_10mm": 0.004701484853364338,
  "spinnet_chamfer": 0.008424281439502036,
  "fpfh_T_icp": [
    [
      1.0,
      0.0,
      0.0,
      0.0
    ],
    [
      0.0,
      1.0,
      0.0,
      0.0
    ],
    [
      0.0,
      0.0,
      1.0,
      0.0
    ],
    [
      0.0,
      0.0,
      0.0,
      1.0
    ]
  ],
  "spinnet_T_icp": [
    [
      0.007031614848500679,
      -0.9183182286489616,
      0.39578047870462685,
      1.6208066776511296
    ],
    [
      0.050654168810580866,
      -0.3949550406890357,
      -0.9173029330687068,
      -4.463900923897048
    ],
    [
      0.9986914997008566,
      0.026498052104974468,
      0.04373947484721858,
      0.04365617277581519
    ],
    [
      0.0,
      0.0,
      0.0,
      1.0
    ]
  ],
  "combine_w_fpfh": 1.0,
  "combine_w_spinnet": 1.0,
  "combine_feat_s": 500.5460952669382,
  "combine_ransac_s": 349.05928425770253,
  "combine_icp_s": 7.919685280881822,
  "combine_total_s": 857.5250648055226,
  "combine_ransac_fitness": 0.39614855570839064,
  "combine_ransac_rmse": 0.005383306137579669,
  "combine_icp_fitness": 0.6426174011633322,
  "combine_icp_rmse": 0.003325897602993088,
  "combine_cov_5mm": 0.6426174011633322,
  "combine_cov_10mm": 0.9366888070223898,
  "combine_trimrmse_5mm": 0.0033258976029930365,
  "combine_trimrmse_10mm": 0.004696245043721367,
  "combine_chamfer": 0.008623483415562778,
  "combine_T_icp": [
    [
      0.006266118599670015,
      -0.9182068440114944,
      0.3960516725985938,
      1.6227284524411392
    ],
    [
      0.05043152666055826,
      -0.39526527714169374,
      -0.9171815642525695,
      -4.466260258391717
    ],
    [
      0.9987078636299933,
      0.02572065894465188,
      0.043829793828771,
      0.04422266169133589
    ],
    [
      0.0,
      0.0,
      0.0,
      1.0
    ]
  ]
}