{
  "K": 80929,
  "seed": 2,
  "voxel_size": 0.005,
  "patch_radius": 0.3,
  "ref_support_n": 202322,
  "mov_support_n": 470991,
  "ref_kp_n": 80929,
  "mov_kp_n": 80929,
  "fpfh_feat_s": 2.328317570500076,
  "fpfh_ransac_s": 134.28670426737517,
  "fpfh_icp_s": 1.5692960266023874,
  "fpfh_total_s": 138.18431786447763,
  "fpfh_ransac_fitness": 0.0,
  "fpfh_ransac_rmse": 0.0,
  "fpfh_icp_fitness": 0.0,
  "fpfh_icp_rmse": 0.0,
  "fpfh_cov_5mm": 0.0,
  "fpfh_cov_10mm": 0.0,
  "fpfh_trimrmse_5mm": NaN,
  "fpfh_trimrmse_10mm": NaN,
  "fpfh_chamfer": 12.585496376008571,
  "spinnet_ref_feat_s": 427.62338598351926,
  "spinnet_mov_feat_s": 679.8658228311688,
  "spinnet_feat_s": 1107.489208814688,
  "spinnet_ransac_s": 163.16778182331473,
  "spinnet_icp_s": 1.8525577979162335,
  "spinnet_total_s": 1272.509548435919,
  "spinnet_ransac_fitness": 0.6447503367148982,
  "spinnet_ransac_rmse": 0.004777301918005922,
  "spinnet_icp_fitness": 0.784327638008439,
  "spinnet_icp_rmse": 0.0029116044429842425,
  "spinnet_cov_5mm": 0.784327638008439,
  "spinnet_cov_10mm": 0.940592428429429,
  "spinnet_trimrmse_5mm": 0.0029116044429842434,
  "spinnet_trimrmse_10mm": 0.0038093444918486275,
  "spinnet_chamfer": 0.006363109868823906,
  "fpfh_T_icp": [
    [
      1.0,
      0.0,
      0.0,
      0.0
    ],
    [
      0.0,
      1.0,
      0.0,
      0.0
    ],
    [
      0.0,
      0.0,
      1.0,
      0.0
    ],
    [
      0.0,
      0.0,
      0.0,
      1.0
    ]
  ],
  "spinnet_T_icp": [
    [
      0.01940220836860823,
      -0.6825717043151149,
      -0.73056103289101,
      -5.865325093933477
    ],
    [
      0.008822123825478713,
      0.7307870125524906,
      -0.6825485421681111,
      -5.084276289848011
    ],
    [
      0.9997728364191683,
      0.006797849142601325,
      0.02020061398585201,
      0.11885372564159899
    ],
    [
      0.0,
      0.0,
      0.0,
      1.0
    ]
  ]
}