{
  "K": 20232,
  "seed": 0,
  "voxel_size": 0.005,
  "patch_radius": 0.3,
  "ref_support_n": 202322,
  "mov_support_n": 470991,
  "ref_kp_n": 20232,
  "mov_kp_n": 20232,
  "fpfh_feat_s": 2.419484378769994,
  "fpfh_ransac_s": 6.491145558655262,
  "fpfh_icp_s": 0.8825103743001819,
  "fpfh_total_s": 9.793140311725438,
  "fpfh_ransac_fitness": 0.0,
  "fpfh_ransac_rmse": 0.0,
  "fpfh_icp_fitness": 0.0,
  "fpfh_icp_rmse": 0.0,
  "fpfh_cov_5mm": 0.0,
  "fpfh_cov_10mm": 0.0,
  "fpfh_trimrmse_5mm": NaN,
  "fpfh_trimrmse_10mm": NaN,
  "fpfh_chamfer": 12.585496376008571,
  "spinnet_ref_feat_s": 101.06008080486208,
  "spinnet_mov_feat_s": 156.16463906224817,
  "spinnet_feat_s": 257.22471986711025,
  "spinnet_ransac_s": 9.755768347531557,
  "spinnet_icp_s": 4.112461171112955,
  "spinnet_total_s": 271.09294938575476,
  "spinnet_ransac_fitness": 0.2504942665085014,
  "spinnet_ransac_rmse": 0.005334643049742876,
  "spinnet_icp_fitness": 0.7843212095741886,
  "spinnet_icp_rmse": 0.0029113755892061248,
  "spinnet_cov_5mm": 0.7843212095741886,
  "spinnet_cov_10mm": 0.9405779644523657,
  "spinnet_trimrmse_5mm": 0.0029113755892061356,
  "spinnet_trimrmse_10mm": 0.0038092800743895015,
  "spinnet_chamfer": 0.0063629754168157615,
  "fpfh_T_icp": [
    [
      1.0,
      0.0,
      0.0,
      0.0
    ],
    [
      0.0,
      1.0,
      0.0,
      0.0
    ],
    [
      0.0,
      0.0,
      1.0,
      0.0
    ],
    [
      0.0,
      0.0,
      0.0,
      1.0
    ]
  ],
  "spinnet_T_icp": [
    [
      0.019394420230304285,
      -0.6825312032647786,
      -0.7305990781775414,
      -5.865645053972249
    ],
    [
      0.008848847094803962,
      0.7308250804801371,
      -0.6825074355978116,
      -5.083917730049395
    ],
    [
      0.9997727513635416,
      0.006771876485893413,
      0.020213542980800425,
      0.11895595056933368
    ],
    [
      0.0,
      0.0,
      0.0,
      1.0
    ]
  ],
  "combine_w_fpfh": 1.0,
  "combine_w_spinnet": 1.0,
  "combine_feat_s": 259.64420424588025,
  "combine_ransac_s": 34.53114892914891,
  "combine_icp_s": 3.925591291859746,
  "combine_total_s": 298.1009444668889,
  "combine_ransac_fitness": 0.24777580071174377,
  "combine_ransac_rmse": 0.005334470797551462,
  "combine_icp_fitness": 0.7842746034258733,
  "combine_icp_rmse": 0.0029112151209516107,
  "combine_cov_5mm": 0.7842746034258733,
  "combine_cov_10mm": 0.9405755537895218,
  "combine_trimrmse_5mm": 0.0029112151209516046,
  "combine_trimrmse_10mm": 0.0038093469953332697,
  "combine_chamfer": 0.006363137491286308,
  "combine_T_icp": [
    [
      0.019397501309171148,
      -0.6825302480155424,
      -0.7305998887809994,
      -5.865633458206076
    ],
    [
      0.008849709275491537,
      0.7308259591918004,
      -0.6825064834982366,
      -5.083897429602549
    ],
    [
      0.9997726839580603,
      0.006773323794756661,
      0.02021639176686618,
      0.11896461152398681
    ],
    [
      0.0,
      0.0,
      0.0,
      1.0
    ]
  ]
}