{
  "K": 2621,
  "seed": 0,
  "voxel_size": 0.005,
  "patch_radius": 0.3,
  "ref_support_n": 52425,
  "mov_support_n": 59566,
  "ref_kp_n": 2621,
  "mov_kp_n": 2621,
  "fpfh_feat_s": 0.39557130821049213,
  "fpfh_ransac_s": 0.24434556812047958,
  "fpfh_icp_s": 12.61727933678776,
  "fpfh_total_s": 13.257196213118732,
  "fpfh_ransac_fitness": 0.013735215566577643,
  "fpfh_ransac_rmse": 0.005663828920853665,
  "fpfh_icp_fitness": 0.029299251389400236,
  "fpfh_icp_rmse": 0.0028182632978209733,
  "fpfh_cov_5mm": 0.029299251389400236,
  "fpfh_cov_10mm": 0.05220054115020717,
  "fpfh_trimrmse_5mm": 0.002818263297820979,
  "fpfh_trimrmse_10mm": 0.005438841622193306,
  "fpfh_chamfer": 0.4894981210140766,
  "spinnet_ref_feat_s": 15.024606600403786,
  "spinnet_mov_feat_s": 15.20520151592791,
  "spinnet_feat_s": 30.229808116331697,
  "spinnet_ransac_s": 0.37912500835955143,
  "spinnet_icp_s": 5.647637724876404,
  "spinnet_total_s": 36.25657084956765,
  "spinnet_ransac_fitness": 0.18237314002289204,
  "spinnet_ransac_rmse": 0.00566679040600737,
  "spinnet_icp_fitness": 0.7907028524342994,
  "spinnet_icp_rmse": 0.0012211518516267114,
  "spinnet_cov_5mm": 0.7907028524342994,
  "spinnet_cov_10mm": 0.8165477421880936,
  "spinnet_trimrmse_5mm": 0.001221151851626712,
  "spinnet_trimrmse_10mm": 0.001757551511414476,
  "spinnet_chamfer": 0.016678771160649176,
  "fpfh_T_icp": [
    [
      0.5819987763020318,
      -0.7376037729733012,
      0.34237128746214845,
      1.7341680727257567
    ],
    [
      -0.6447987593404185,
      -0.16204997694476375,
      0.7469768168593038,
      2.528893592465485
    ],
    [
      -0.49549165919921906,
      -0.6555001747274769,
      -0.569918885979621,
      -3.172811341485015
    ],
    [
      0.0,
      0.0,
      0.0,
      1.0
    ]
  ],
  "spinnet_T_icp": [
    [
      0.44159190337668736,
      -0.04349295581325486,
      0.8961612319592833,
      4.248413416441155
    ],
    [
      0.8933240711763184,
      0.11424605729064188,
      -0.43464921747371316,
      -1.572192405227217
    ],
    [
      -0.08347870823822248,
      0.9924999754096568,
      0.08930343824684522,
      0.5782887625210497
    ],
    [
      0.0,
      0.0,
      0.0,
      1.0
    ]
  ]
}