{
  "K": 5242,
  "seed": 2,
  "voxel_size": 0.005,
  "patch_radius": 0.3,
  "ref_support_n": 52425,
  "mov_support_n": 59566,
  "ref_kp_n": 5242,
  "mov_kp_n": 5242,
  "fpfh_feat_s": 0.4046868048608303,
  "fpfh_ransac_s": 0.42963099014014006,
  "fpfh_icp_s": 5.365696916356683,
  "fpfh_total_s": 6.200014711357653,
  "fpfh_ransac_fitness": 0.0,
  "fpfh_ransac_rmse": 0.0,
  "fpfh_icp_fitness": 0.0,
  "fpfh_icp_rmse": 0.0,
  "fpfh_cov_5mm": 0.0,
  "fpfh_cov_10mm": 0.0,
  "fpfh_trimrmse_5mm": NaN,
  "fpfh_trimrmse_10mm": NaN,
  "fpfh_chamfer": 8.107914416820307,
  "spinnet_ref_feat_s": 29.59680477436632,
  "spinnet_mov_feat_s": 30.575099613517523,
  "spinnet_feat_s": 60.17190438788384,
  "spinnet_ransac_s": 1.1781690595671535,
  "spinnet_icp_s": 7.724568324163556,
  "spinnet_total_s": 69.07464177161455,
  "spinnet_ransac_fitness": 0.22262495230827928,
  "spinnet_ransac_rmse": 0.005456133649498319,
  "spinnet_icp_fitness": 0.7907028524342994,
  "spinnet_icp_rmse": 0.001221151820447743,
  "spinnet_cov_5mm": 0.7907028524342994,
  "spinnet_cov_10mm": 0.8165477421880936,
  "spinnet_trimrmse_5mm": 0.0012211518204477494,
  "spinnet_trimrmse_10mm": 0.001757551275838856,
  "spinnet_chamfer": 0.016678769454427048,
  "fpfh_T_icp": [
    [
      1.0,
      0.0,
      0.0,
      0.0
    ],
    [
      0.0,
      1.0,
      0.0,
      0.0
    ],
    [
      0.0,
      0.0,
      1.0,
      0.0
    ],
    [
      0.0,
      0.0,
      0.0,
      1.0
    ]
  ],
  "spinnet_T_icp": [
    [
      0.4415920085199917,
      -0.04349287891516647,
      0.8961611838809749,
      4.24841329565006
    ],
    [
      0.8933240109421856,
      0.11424612983095914,
      -0.43464932220448005,
      -1.5721929052415462
    ],
    [
      -0.08347879662193261,
      0.992499970429379,
      0.08930341097760867,
      0.5782885798582295
    ],
    [
      0.0,
      0.0,
      0.0,
      1.0
    ]
  ]
}