{
  "K": 5242,
  "seed": 0,
  "voxel_size": 0.005,
  "patch_radius": 0.3,
  "ref_support_n": 52425,
  "mov_support_n": 59566,
  "ref_kp_n": 5242,
  "mov_kp_n": 5242,
  "fpfh_feat_s": 0.4352713022381067,
  "fpfh_ransac_s": 0.4353004079312086,
  "fpfh_icp_s": 20.784402668476105,
  "fpfh_total_s": 21.65497437864542,
  "fpfh_ransac_fitness": 0.10835558946966807,
  "fpfh_ransac_rmse": 0.005582297684297728,
  "fpfh_icp_fitness": 0.7907028524342994,
  "fpfh_icp_rmse": 0.0012211518529233168,
  "fpfh_cov_5mm": 0.7907028524342994,
  "fpfh_cov_10mm": 0.8165477421880936,
  "fpfh_trimrmse_5mm": 0.0012211518529232955,
  "fpfh_trimrmse_10mm": 0.0017575512968921196,
  "fpfh_chamfer": 0.016678767869565816,
  "spinnet_ref_feat_s": 29.33415969647467,
  "spinnet_mov_feat_s": 30.558513520285487,
  "spinnet_feat_s": 59.89267321676016,
  "spinnet_ransac_s": 1.217769818380475,
  "spinnet_icp_s": 5.221611335873604,
  "spinnet_total_s": 66.33205437101424,
  "spinnet_ransac_fitness": 0.37676459366653947,
  "spinnet_ransac_rmse": 0.005375224647563682,
  "spinnet_icp_fitness": 0.7907028524342994,
  "spinnet_icp_rmse": 0.0012211517881343544,
  "spinnet_cov_5mm": 0.7907028524342994,
  "spinnet_cov_10mm": 0.8165477421880936,
  "spinnet_trimrmse_5mm": 0.0012211517881343496,
  "spinnet_trimrmse_10mm": 0.0017575503844474273,
  "spinnet_chamfer": 0.016678762228282424,
  "fpfh_T_icp": [
    [
      0.4415918748649559,
      -0.043492955606722804,
      0.8961612460187315,
      4.248413448618648
    ],
    [
      0.8933240877946496,
      0.1142460240219264,
      -0.43464919206302355,
      -1.5721922643237856
    ],
    [
      -0.0834786812252803,
      0.9924999792482484,
      0.0893034208365781,
      0.578288683023237
    ],
    [
      0.0,
      0.0,
      0.0,
      1.0
    ]
  ],
  "spinnet_T_icp": [
    [
      0.441592042517782,
      -0.04349271050201177,
      0.8961611753017212,
      4.248413353086173
    ],
    [
      0.8933239902313576,
      0.11424609833864083,
      -0.43464937304858126,
      -1.572193166449347
    ],
    [
      -0.0834788384089094,
      0.9924999814345522,
      0.08930324960668187,
      0.5782877962212704
    ],
    [
      0.0,
      0.0,
      0.0,
      1.0
    ]
  ]
}