{
  "K": 20232,
  "seed": 1,
  "voxel_size": 0.005,
  "patch_radius": 0.3,
  "ref_support_n": 202322,
  "mov_support_n": 470991,
  "ref_kp_n": 20232,
  "mov_kp_n": 20232,
  "fpfh_feat_s": 2.2869221484288573,
  "fpfh_ransac_s": 6.554449369199574,
  "fpfh_icp_s": 1.6011964408680797,
  "fpfh_total_s": 10.442567958496511,
  "fpfh_ransac_fitness": 0.0,
  "fpfh_ransac_rmse": 0.0,
  "fpfh_icp_fitness": 0.0,
  "fpfh_icp_rmse": 0.0,
  "fpfh_cov_5mm": 0.0,
  "fpfh_cov_10mm": 0.0,
  "fpfh_trimrmse_5mm": NaN,
  "fpfh_trimrmse_10mm": NaN,
  "fpfh_chamfer": 12.585496376008571,
  "spinnet_ref_feat_s": 101.61656190268695,
  "spinnet_mov_feat_s": 151.86630983650684,
  "spinnet_feat_s": 253.4828717391938,
  "spinnet_ransac_s": 9.034775756299496,
  "spinnet_icp_s": 1.6327429320663214,
  "spinnet_total_s": 264.1503904275596,
  "spinnet_ransac_fitness": 0.2597370502174773,
  "spinnet_ransac_rmse": 0.0052775148063440485,
  "spinnet_icp_fitness": 0.7843252273455951,
  "spinnet_icp_rmse": 0.0029115956865621274,
  "spinnet_cov_5mm": 0.7843252273455951,
  "spinnet_cov_10mm": 0.940592428429429,
  "spinnet_trimrmse_5mm": 0.0029115956865621248,
  "spinnet_trimrmse_10mm": 0.0038093440926348456,
  "spinnet_chamfer": 0.00636311119528415,
  "fpfh_T_icp": [
    [
      1.0,
      0.0,
      0.0,
      0.0
    ],
    [
      0.0,
      1.0,
      0.0,
      0.0
    ],
    [
      0.0,
      0.0,
      1.0,
      0.0
    ],
    [
      0.0,
      0.0,
      0.0,
      1.0
    ]
  ],
  "spinnet_T_icp": [
    [
      0.019402321727825043,
      -0.6825717219333378,
      -0.7305610134195009,
      -5.865324887807391
    ],
    [
      0.008822251734683578,
      0.7307869962417237,
      -0.682548557978353,
      -5.08427634078708
    ],
    [
      0.9997728330905477,
      0.006797833548826854,
      0.020200783973465055,
      0.11885504226038515
    ],
    [
      0.0,
      0.0,
      0.0,
      1.0
    ]
  ]
}