{
  "K": 78516,
  "seed": 4,
  "voxel_size": 0.005,
  "patch_radius": 0.3,
  "ref_support_n": 196290,
  "mov_support_n": 400580,
  "ref_kp_n": 78516,
  "mov_kp_n": 78516,
  "fpfh_feat_s": 1.995350687764585,
  "fpfh_ransac_s": 90.46838787291199,
  "fpfh_icp_s": 1.3885237369686365,
  "fpfh_total_s": 93.85226229764521,
  "fpfh_ransac_fitness": 0.0,
  "fpfh_ransac_rmse": 0.0,
  "fpfh_icp_fitness": 0.0,
  "fpfh_icp_rmse": 0.0,
  "fpfh_cov_5mm": 0.0,
  "fpfh_cov_10mm": 0.0,
  "fpfh_trimrmse_5mm": NaN,
  "fpfh_trimrmse_10mm": NaN,
  "fpfh_chamfer": 6.64051921124479,
  "spinnet_ref_feat_s": 393.85697933100164,
  "spinnet_mov_feat_s": 549.2290217485279,
  "spinnet_feat_s": 943.0860010795295,
  "spinnet_ransac_s": 185.40144677553326,
  "spinnet_icp_s": 3.648078378289938,
  "spinnet_total_s": 1132.1355262333527,
  "spinnet_ransac_fitness": 0.6089841560955729,
  "spinnet_ransac_rmse": 0.00507406721124413,
  "spinnet_icp_fitness": 0.6375852344811416,
  "spinnet_icp_rmse": 0.0033108480011647752,
  "spinnet_cov_5mm": 0.6375852344811416,
  "spinnet_cov_10mm": 0.9300764099220484,
  "spinnet_trimrmse_5mm": 0.003310848001164763,
  "spinnet_trimrmse_10mm": 0.004707363002807475,
  "spinnet_chamfer": 0.008754543791416425,
  "fpfh_T_icp": [
    [
      1.0,
      0.0,
      0.0,
      0.0
    ],
    [
      0.0,
      1.0,
      0.0,
      0.0
    ],
    [
      0.0,
      0.0,
      1.0,
      0.0
    ],
    [
      0.0,
      0.0,
      0.0,
      1.0
    ]
  ],
  "spinnet_T_icp": [
    [
      0.006110599649669189,
      -0.9181584097767213,
      0.3961663730406765,
      1.6234861751375766
    ],
    [
      0.05034017980056309,
      -0.3953890096706546,
      -0.917133249495026,
      -4.466914531388271
    ],
    [
      0.9987134358110775,
      0.025547320562868864,
      0.043804195489582747,
      0.04443652875542811
    ],
    [
      0.0,
      0.0,
      0.0,
      1.0
    ]
  ]
}