{
  "K": 80045,
  "seed": 2,
  "voxel_size": 0.005,
  "patch_radius": 0.3,
  "ref_support_n": 200112,
  "mov_support_n": 457980,
  "ref_kp_n": 80045,
  "mov_kp_n": 80045,
  "fpfh_feat_s": 2.3368174275383353,
  "fpfh_ransac_s": 129.9655428705737,
  "fpfh_icp_s": 4.67453730199486,
  "fpfh_total_s": 136.9768976001069,
  "fpfh_ransac_fitness": 0.0,
  "fpfh_ransac_rmse": 0.0,
  "fpfh_icp_fitness": 0.0011591471428902842,
  "fpfh_icp_rmse": 0.0035216234483522813,
  "fpfh_cov_5mm": 0.0011591471428902842,
  "fpfh_cov_10mm": 0.0032822503293849802,
  "fpfh_trimrmse_5mm": 0.0035216234483522817,
  "fpfh_trimrmse_10mm": 0.006468548816129259,
  "fpfh_chamfer": 2.0708245160856658,
  "spinnet_ref_feat_s": 397.1408327696845,
  "spinnet_mov_feat_s": 660.5602196985856,
  "spinnet_feat_s": 1057.70105246827,
  "spinnet_ransac_s": 255.90974366106093,
  "spinnet_icp_s": 7.200769764371216,
  "spinnet_total_s": 1320.8115658937022,
  "spinnet_ransac_fitness": 0.4248485227059779,
  "spinnet_ransac_rmse": 0.005278114239520549,
  "spinnet_icp_fitness": 0.4504466596323208,
  "spinnet_icp_rmse": 0.0034269475996742053,
  "spinnet_cov_5mm": 0.4504466596323208,
  "spinnet_cov_10mm": 0.8130429252426089,
  "spinnet_trimrmse_5mm": 0.0034269475996742166,
  "spinnet_trimrmse_10mm": 0.005402407345378606,
  "spinnet_chamfer": 0.013256995259713612,
  "fpfh_T_icp": [
    [
      0.999912985918382,
      -0.004355788273684365,
      -0.012451815141055653,
      -0.010954685334136335
    ],
    [
      0.004290801227431605,
      0.9999770599893375,
      -0.005241041873188111,
      -0.002981754599870928
    ],
    [
      0.012474358365016659,
      0.005187157565051664,
      0.9999087377254916,
      0.0027524640185617654
    ],
    [
      0.0,
      0.0,
      0.0,
      1.0
    ]
  ],
  "spinnet_T_icp": [
    [
      -0.03942132992991549,
      -0.9744881436858857,
      0.22094980552654914,
      0.14150592274588886
    ],
    [
      0.008714993457815014,
      -0.2214485909500651,
      -0.9751331039685154,
      -2.1744592421666926
    ],
    [
      0.9991846714374688,
      -0.03651546770745565,
      0.01722245576329755,
      -0.04180555077191725
    ],
    [
      0.0,
      0.0,
      0.0,
      1.0
    ]
  ],
  "combine_w_fpfh": 1.0,
  "combine_w_spinnet": 1.0,
  "combine_feat_s": 1060.0378698958084,
  "combine_ransac_s": 1731.7314201947302,
  "combine_icp_s": 4.002333641052246,
  "combine_total_s": 2795.771623731591,
  "combine_ransac_fitness": 0.4360547192204385,
  "combine_ransac_rmse": 0.005277558987782111,
  "combine_icp_fitness": 0.45384490467234695,
  "combine_icp_rmse": 0.003445191628871088,
  "combine_cov_5mm": 0.45384490467234695,
  "combine_cov_10mm": 0.8224272973152424,
  "combine_trimrmse_5mm": 0.0034451916288710696,
  "combine_trimrmse_10mm": 0.005399834167922628,
  "combine_chamfer": 0.012697344580705969,
  "combine_T_icp": [
    [
      -0.04129588476697673,
      -0.9743668738504047,
      0.22114213764979107,
      0.13936880570947857
    ],
    [
      0.009207021732600783,
      -0.22169264323338891,
      -0.9750731268407568,
      -2.1662186879550838
    ],
    [
      0.9991045394012275,
      -0.03823044701805597,
      0.018126010831719178,
      -0.04146018916944577
    ],
    [
      0.0,
      0.0,
      0.0,
      1.0
    ]
  ]
}