{
  "K": 10006,
  "seed": 2,
  "voxel_size": 0.005,
  "patch_radius": 0.3,
  "ref_support_n": 200112,
  "mov_support_n": 457980,
  "ref_kp_n": 10006,
  "mov_kp_n": 10006,
  "fpfh_feat_s": 2.3567839208990335,
  "fpfh_ransac_s": 2.0367139521986246,
  "fpfh_icp_s": 4.831283465027809,
  "fpfh_total_s": 9.224781338125467,
  "fpfh_ransac_fitness": 0.0,
  "fpfh_ransac_rmse": 0.0,
  "fpfh_icp_fitness": 0.0011591471428902842,
  "fpfh_icp_rmse": 0.0035216234483522505,
  "fpfh_cov_5mm": 0.0011591471428902842,
  "fpfh_cov_10mm": 0.0032822503293849802,
  "fpfh_trimrmse_5mm": 0.0035216234483522453,
  "fpfh_trimrmse_10mm": 0.006468548816129191,
  "fpfh_chamfer": 2.0708245160856578,
  "spinnet_ref_feat_s": 48.768528933636844,
  "spinnet_mov_feat_s": 71.36132189352065,
  "spinnet_feat_s": 120.1298508271575,
  "spinnet_ransac_s": 3.06362028978765,
  "spinnet_icp_s": 8.330109480768442,
  "spinnet_total_s": 131.5235805977136,
  "spinnet_ransac_fitness": 0.08075154907055766,
  "spinnet_ransac_rmse": 0.005661944851247337,
  "spinnet_icp_fitness": 0.45300974275573036,
  "spinnet_icp_rmse": 0.0034395215366523906,
  "spinnet_cov_5mm": 0.45300974275573036,
  "spinnet_cov_10mm": 0.8220985123078388,
  "spinnet_trimrmse_5mm": 0.003439521536652404,
  "spinnet_trimrmse_10mm": 0.005402823873679031,
  "spinnet_chamfer": 0.012706715898688834,
  "fpfh_T_icp": [
    [
      0.9999129859183815,
      -0.004355788273684247,
      -0.012451815141055875,
      -0.010954685334136514
    ],
    [
      0.004290801227431478,
      0.9999770599893365,
      -0.005241041873187731,
      -0.002981754599870971
    ],
    [
      0.012474358365016886,
      0.0051871575650512605,
      0.9999087377254913,
      0.0027524640185680902
    ],
    [
      0.0,
      0.0,
      0.0,
      1.0
    ]
  ],
  "spinnet_T_icp": [
    [
      -0.04118389351823153,
      -0.9743584093785883,
      0.2212003096469517,
      0.1395797015682219
    ],
    [
      0.008595423182253297,
      -0.22172544877762188,
      -0.9750712507630781,
      -2.1664473015487333
    ],
    [
      0.999114610850532,
      -0.03825592029465488,
      0.01750654013253566,
      -0.04331090986489108
    ],
    [
      0.0,
      0.0,
      0.0,
      1.0
    ]
  ],
  "combine_w_fpfh": 1.0,
  "combine_w_spinnet": 1.0,
  "combine_feat_s": 122.48663474805653,
  "combine_ransac_s": 7.333566505461931,
  "combine_icp_s": 8.607425848953426,
  "combine_total_s": 138.4276271024719,
  "combine_ransac_fitness": 0.07275634619228463,
  "combine_ransac_rmse": 0.005662324059178292,
  "combine_icp_fitness": 0.4529729444337338,
  "combine_icp_rmse": 0.00344418611135196,
  "combine_cov_5mm": 0.4529729444337338,
  "combine_cov_10mm": 0.8211489556076242,
  "combine_trimrmse_5mm": 0.003444186111351988,
  "combine_trimrmse_10mm": 0.005399544925831818,
  "combine_chamfer": 0.012714588406513305,
  "combine_T_icp": [
    [
      -0.04126829314342999,
      -0.9743592310632418,
      0.2211809594492744,
      0.13933295244494281
    ],
    [
      0.008709314599343206,
      -0.22171193397111577,
      -0.9750733132303433,
      -2.1657485529179206
    ],
    [
      0.9991101419864842,
      -0.0383132767674968,
      0.01763567416061954,
      -0.04300618266975072
    ],
    [
      0.0,
      0.0,
      0.0,
      1.0
    ]
  ]
}