{
  "K": 9814,
  "seed": 2,
  "voxel_size": 0.005,
  "patch_radius": 0.3,
  "ref_support_n": 196290,
  "mov_support_n": 400580,
  "ref_kp_n": 9814,
  "mov_kp_n": 9814,
  "fpfh_feat_s": 2.2967220610007644,
  "fpfh_ransac_s": 1.7595734279602766,
  "fpfh_icp_s": 1.5020627938210964,
  "fpfh_total_s": 5.558358282782137,
  "fpfh_ransac_fitness": 0.0,
  "fpfh_ransac_rmse": 0.0,
  "fpfh_icp_fitness": 0.0,
  "fpfh_icp_rmse": 0.0,
  "fpfh_cov_5mm": 0.0,
  "fpfh_cov_10mm": 0.0,
  "fpfh_trimrmse_5mm": NaN,
  "fpfh_trimrmse_10mm": NaN,
  "fpfh_chamfer": 6.64051921124479,
  "spinnet_ref_feat_s": 51.7225874857977,
  "spinnet_mov_feat_s": 75.77633555140346,
  "spinnet_feat_s": 127.49892303720117,
  "spinnet_ransac_s": 2.4005302479490638,
  "spinnet_icp_s": 5.258055887185037,
  "spinnet_total_s": 135.15750917233527,
  "spinnet_ransac_fitness": 0.13164866517220297,
  "spinnet_ransac_rmse": 0.005619943795575263,
  "spinnet_icp_fitness": 0.6375683722663138,
  "spinnet_icp_rmse": 0.003310790541839246,
  "spinnet_cov_5mm": 0.6375683722663138,
  "spinnet_cov_10mm": 0.930067577333329,
  "spinnet_trimrmse_5mm": 0.003310790541839276,
  "spinnet_trimrmse_10mm": 0.004707411911309472,
  "spinnet_chamfer": 0.008754792025492527,
  "fpfh_T_icp": [
    [
      1.0,
      0.0,
      0.0,
      0.0
    ],
    [
      0.0,
      1.0,
      0.0,
      0.0
    ],
    [
      0.0,
      0.0,
      1.0,
      0.0
    ],
    [
      0.0,
      0.0,
      0.0,
      1.0
    ]
  ],
  "spinnet_T_icp": [
    [
      0.006109963462083437,
      -0.9181578504532449,
      0.3961676791430238,
      1.623491989191938
    ],
    [
      0.050341872153750244,
      -0.39539029889670185,
      -0.9171326007979618,
      -4.466912658727707
    ],
    [
      0.9987133543988229,
      0.025547469335627144,
      0.043805964844958356,
      0.04444415491603998
    ],
    [
      0.0,
      0.0,
      0.0,
      1.0
    ]
  ]
}