{
  "K": 10485,
  "seed": 4,
  "voxel_size": 0.005,
  "patch_radius": 0.3,
  "ref_support_n": 52425,
  "mov_support_n": 59566,
  "ref_kp_n": 10485,
  "mov_kp_n": 10485,
  "fpfh_feat_s": 0.40042706951498985,
  "fpfh_ransac_s": 1.1203514048829675,
  "fpfh_icp_s": 5.5959910321980715,
  "fpfh_total_s": 7.116769506596029,
  "fpfh_ransac_fitness": 0.0,
  "fpfh_ransac_rmse": 0.0,
  "fpfh_icp_fitness": 0.0,
  "fpfh_icp_rmse": 0.0,
  "fpfh_cov_5mm": 0.0,
  "fpfh_cov_10mm": 0.0,
  "fpfh_trimrmse_5mm": NaN,
  "fpfh_trimrmse_10mm": NaN,
  "fpfh_chamfer": 8.107914416820307,
  "spinnet_ref_feat_s": 58.873667035251856,
  "spinnet_mov_feat_s": 61.10058135353029,
  "spinnet_feat_s": 119.97424838878214,
  "spinnet_ransac_s": 4.231025854125619,
  "spinnet_icp_s": 5.647497802972794,
  "spinnet_total_s": 129.85277204588056,
  "spinnet_ransac_fitness": 0.40820219360991894,
  "spinnet_ransac_rmse": 0.005187838670599214,
  "spinnet_icp_fitness": 0.7907005148524109,
  "spinnet_icp_rmse": 0.0012211224017296574,
  "spinnet_cov_5mm": 0.7907005148524109,
  "spinnet_cov_10mm": 0.8165506641654541,
  "spinnet_trimrmse_5mm": 0.0012211224017296513,
  "spinnet_trimrmse_10mm": 0.0017576220030720894,
  "spinnet_chamfer": 0.0166787208087405,
  "fpfh_T_icp": [
    [
      1.0,
      0.0,
      0.0,
      0.0
    ],
    [
      0.0,
      1.0,
      0.0,
      0.0
    ],
    [
      0.0,
      0.0,
      1.0,
      0.0
    ],
    [
      0.0,
      0.0,
      0.0,
      1.0
    ]
  ],
  "spinnet_T_icp": [
    [
      0.4415955630757596,
      -0.04349123443824824,
      0.8961595121399093,
      4.248408901686202
    ],
    [
      0.893322343981797,
      0.1142446539191504,
      -0.434653136183051,
      -1.5722141665923173
    ],
    [
      -0.08347783187572212,
      0.9925002123818069,
      0.08930162376686014,
      0.578280494323025
    ],
    [
      0.0,
      0.0,
      0.0,
      1.0
    ]
  ]
}