{
  "K": 19629,
  "seed": 4,
  "voxel_size": 0.005,
  "patch_radius": 0.3,
  "ref_support_n": 196290,
  "mov_support_n": 400580,
  "ref_kp_n": 19629,
  "mov_kp_n": 19629,
  "fpfh_feat_s": 2.112138655036688,
  "fpfh_ransac_s": 5.374198914505541,
  "fpfh_icp_s": 0.7155421143397689,
  "fpfh_total_s": 8.201879683881998,
  "fpfh_ransac_fitness": 0.0,
  "fpfh_ransac_rmse": 0.0,
  "fpfh_icp_fitness": 0.0,
  "fpfh_icp_rmse": 0.0,
  "fpfh_cov_5mm": 0.0,
  "fpfh_cov_10mm": 0.0,
  "fpfh_trimrmse_5mm": NaN,
  "fpfh_trimrmse_10mm": NaN,
  "fpfh_chamfer": 6.64051921124479,
  "spinnet_ref_feat_s": 99.71050548180938,
  "spinnet_mov_feat_s": 140.28754834271967,
  "spinnet_feat_s": 239.99805382452905,
  "spinnet_ransac_s": 8.088436141610146,
  "spinnet_icp_s": 12.104123367927969,
  "spinnet_total_s": 260.19061333406717,
  "spinnet_ransac_fitness": 0.24621733149931224,
  "spinnet_ransac_rmse": 0.00548856178175838,
  "spinnet_icp_fitness": 0.6422191317083511,
  "spinnet_icp_rmse": 0.003324145801686652,
  "spinnet_cov_5mm": 0.6422191317083511,
  "spinnet_cov_10mm": 0.9359179629159747,
  "spinnet_trimrmse_5mm": 0.003324145801686589,
  "spinnet_trimrmse_10mm": 0.004698255517234328,
  "spinnet_chamfer": 0.008639385719529517,
  "fpfh_T_icp": [
    [
      1.0,
      0.0,
      0.0,
      0.0
    ],
    [
      0.0,
      1.0,
      0.0,
      0.0
    ],
    [
      0.0,
      0.0,
      1.0,
      0.0
    ],
    [
      0.0,
      0.0,
      0.0,
      1.0
    ]
  ],
  "spinnet_T_icp": [
    [
      0.006224974184139135,
      -0.918200020548055,
      0.396068140554074,
      1.6228225069261333
    ],
    [
      0.05047201097153062,
      -0.39528248923368,
      -0.9171719194424477,
      -4.466319221009571
    ],
    [
      0.9987060757825101,
      0.025699727056465314,
      0.043882778220239164,
      0.04447606487980077
    ],
    [
      0.0,
      0.0,
      0.0,
      1.0
    ]
  ],
  "combine_w_fpfh": 1.0,
  "combine_w_spinnet": 1.0,
  "combine_feat_s": 242.11019247956574,
  "combine_ransac_s": 34.63495494890958,
  "combine_icp_s": 12.784903510473669,
  "combine_total_s": 289.530050938949,
  "combine_ransac_fitness": 0.24850985786336544,
  "combine_ransac_rmse": 0.005546140658099525,
  "combine_icp_fitness": 0.6462628514165867,
  "combine_icp_rmse": 0.0033478254454675895,
  "combine_cov_5mm": 0.6462628514165867,
  "combine_cov_10mm": 0.9455535142461626,
  "combine_trimrmse_5mm": 0.0033478254454675626,
  "combine_trimrmse_10mm": 0.004694383097969966,
  "combine_chamfer": 0.00848213713747589,
  "combine_T_icp": [
    [
      0.006740809630030906,
      -0.9182591895147647,
      0.39592249539174734,
      1.621858565761467
    ],
    [
      0.05036422122300762,
      -0.39511723897526785,
      -0.9172490461620408,
      -4.46516632140195
    ],
    [
      0.9987081689393279,
      0.02612332934858043,
      0.043583998871305436,
      0.04292826401028519
    ],
    [
      0.0,
      0.0,
      0.0,
      1.0
    ]
  ]
}