{
  "K": 44803,
  "seed": 0,
  "voxel_size": 0.005,
  "patch_radius": 0.3,
  "ref_support_n": 451634,
  "mov_support_n": 448032,
  "ref_kp_n": 44803,
  "mov_kp_n": 44803,
  "fpfh_feat_s": 3.7266410076990724,
  "fpfh_ransac_s": 24.396580765023828,
  "fpfh_icp_s": 20.812057589180768,
  "fpfh_total_s": 48.93527936190367,
  "fpfh_ransac_fitness": 0.0,
  "fpfh_ransac_rmse": 0.0,
  "fpfh_icp_fitness": 0.0014692894484199333,
  "fpfh_icp_rmse": 0.0031377315107188053,
  "fpfh_cov_5mm": 0.0014692894484199333,
  "fpfh_cov_10mm": 0.0026431196017625068,
  "fpfh_trimrmse_5mm": 0.003137731510718809,
  "fpfh_trimrmse_10mm": 0.005530341803614228,
  "fpfh_chamfer": 2.0489803121514667,
  "spinnet_ref_feat_s": 413.1032048948109,
  "spinnet_mov_feat_s": 375.30972537864,
  "spinnet_feat_s": 788.4129302734509,
  "spinnet_ransac_s": 34.85738454665989,
  "spinnet_icp_s": 4.625401905737817,
  "spinnet_total_s": 827.8957167258486,
  "spinnet_ransac_fitness": 0.4561971296564962,
  "spinnet_ransac_rmse": 0.005167245180341727,
  "spinnet_icp_fitness": 0.8891739390489093,
  "spinnet_icp_rmse": 0.002166094490546804,
  "spinnet_cov_5mm": 0.8891739390489093,
  "spinnet_cov_10mm": 0.9594412056020364,
  "spinnet_trimrmse_5mm": 0.002166094490546811,
  "spinnet_trimrmse_10mm": 0.0028150886912971093,
  "spinnet_chamfer": 0.005839238967531928,
  "fpfh_T_icp": [
    [
      0.9965362460303991,
      -0.06086737382892596,
      -0.056662802179292766,
      -0.030914974354589373
    ],
    [
      0.056603743566680347,
      0.995648235162509,
      -0.07403112880415948,
      0.0017471646375629792
    ],
    [
      0.060922299381075434,
      0.07056737646356379,
      0.9956448758554286,
      0.01772316953181133
    ],
    [
      0.0,
      0.0,
      0.0,
      1.0
    ]
  ],
  "spinnet_T_icp": [
    [
      0.0071911382379969725,
      -0.9993649273378064,
      0.03490027991212265,
      -0.37494135136378587
    ],
    [
      -0.007009280880060602,
      -0.03495070023634797,
      -0.9993644573100118,
      0.9613072212713332
    ],
    [
      0.9999495774849785,
      0.0069419420979604796,
      -0.007256164794306417,
      -0.10580206658539797
    ],
    [
      0.0,
      0.0,
      0.0,
      1.0
    ]
  ]
}