{
  "K": 80045,
  "seed": 3,
  "voxel_size": 0.005,
  "patch_radius": 0.3,
  "ref_support_n": 200112,
  "mov_support_n": 457980,
  "ref_kp_n": 80045,
  "mov_kp_n": 80045,
  "fpfh_feat_s": 2.361660004593432,
  "fpfh_ransac_s": 124.97109954804182,
  "fpfh_icp_s": 6.355655153281987,
  "fpfh_total_s": 133.68841470591724,
  "fpfh_ransac_fitness": 0.0,
  "fpfh_ransac_rmse": 0.0,
  "fpfh_icp_fitness": 0.0012199443705367035,
  "fpfh_icp_rmse": 0.0035619433801930534,
  "fpfh_cov_5mm": 0.0012199443705367035,
  "fpfh_cov_10mm": 0.0033374478123797554,
  "fpfh_trimrmse_5mm": 0.0035619433801930573,
  "fpfh_trimrmse_10mm": 0.006420014478097012,
  "fpfh_chamfer": 2.074958949899799,
  "spinnet_ref_feat_s": 388.8280138252303,
  "spinnet_mov_feat_s": 558.9228814514354,
  "spinnet_feat_s": 947.7508952766657,
  "spinnet_ransac_s": 286.45382550917566,
  "spinnet_icp_s": 5.719810583628714,
  "spinnet_total_s": 1239.92453136947,
  "spinnet_ransac_fitness": 0.36786807420825784,
  "spinnet_ransac_rmse": 0.005318359615596081,
  "spinnet_icp_fitness": 0.45211458357498896,
  "spinnet_icp_rmse": 0.0034135985272423725,
  "spinnet_cov_5mm": 0.45211458357498896,
  "spinnet_cov_10mm": 0.820802571402744,
  "spinnet_trimrmse_5mm": 0.0034135985272423825,
  "spinnet_trimrmse_10mm": 0.005404003143629024,
  "spinnet_chamfer": 0.012807687025737506,
  "fpfh_T_icp": [
    [
      0.9993335391745971,
      0.011278514123827053,
      -0.03471703616285239,
      -0.021136609419755047
    ],
    [
      -0.010776419093213176,
      0.9998351099461318,
      0.01461580345153815,
      0.008799809587165195
    ],
    [
      0.03487615621454861,
      -0.014231937259740765,
      0.9992903010084375,
      -0.005744314986373524
    ],
    [
      0.0,
      0.0,
      0.0,
      1.0
    ]
  ],
  "spinnet_T_icp": [
    [
      -0.0405448574987082,
      -0.9743785330114474,
      0.221229719831829,
      0.1408677110276118
    ],
    [
      0.008564930930228191,
      -0.22174257144712642,
      -0.9750676253297392,
      -2.170141179610893
    ],
    [
      0.9991410093117844,
      -0.03763916065052473,
      0.017336005795860903,
      -0.043331905225848316
    ],
    [
      0.0,
      0.0,
      0.0,
      1.0
    ]
  ]
}