{
  "K": 80045,
  "seed": 4,
  "voxel_size": 0.005,
  "patch_radius": 0.3,
  "ref_support_n": 200112,
  "mov_support_n": 457980,
  "ref_kp_n": 80045,
  "mov_kp_n": 80045,
  "fpfh_feat_s": 2.355351125821471,
  "fpfh_ransac_s": 146.9867598488927,
  "fpfh_icp_s": 5.240209368988872,
  "fpfh_total_s": 154.58232034370303,
  "fpfh_ransac_fitness": 0.0,
  "fpfh_ransac_rmse": 0.0,
  "fpfh_icp_fitness": 0.0011591471428902842,
  "fpfh_icp_rmse": 0.0035216234483522535,
  "fpfh_cov_5mm": 0.0011591471428902842,
  "fpfh_cov_10mm": 0.0032822503293849802,
  "fpfh_trimrmse_5mm": 0.003521623448352253,
  "fpfh_trimrmse_10mm": 0.006468548816129208,
  "fpfh_chamfer": 2.0708245160856604,
  "spinnet_ref_feat_s": 399.16646163724363,
  "spinnet_mov_feat_s": 609.7317834133282,
  "spinnet_feat_s": 1008.8982450505719,
  "spinnet_ransac_s": 217.24946578778327,
  "spinnet_icp_s": 7.933020348660648,
  "spinnet_total_s": 1234.0807311870158,
  "spinnet_ransac_fitness": 0.39216690611531013,
  "spinnet_ransac_rmse": 0.005315496167562735,
  "spinnet_icp_fitness": 0.45117062661942614,
  "spinnet_icp_rmse": 0.003447183863415315,
  "spinnet_cov_5mm": 0.45117062661942614,
  "spinnet_cov_10mm": 0.8187914631092822,
  "spinnet_trimrmse_5mm": 0.003447183863415351,
  "spinnet_trimrmse_10mm": 0.005404394041995591,
  "spinnet_chamfer": 0.012779954731362897,
  "fpfh_T_icp": [
    [
      0.999912985918381,
      -0.004355788273684284,
      -0.012451815141055743,
      -0.01095468533413645
    ],
    [
      0.004290801227431519,
      0.9999770599893364,
      -0.005241041873187895,
      -0.002981754599870925
    ],
    [
      0.012474358365016727,
      0.005187157565051262,
      0.9999087377254915,
      0.002752464018566316
    ],
    [
      0.0,
      0.0,
      0.0,
      1.0
    ]
  ],
  "spinnet_T_icp": [
    [
      -0.04160711592616652,
      -0.9743605048121972,
      0.22111185985025894,
      0.13876703385715117
    ],
    [
      0.00931021595975298,
      -0.22167198345309835,
      -0.9750768439619284,
      -2.164265900197917
    ],
    [
      0.9990906704514378,
      -0.038511536117176,
      0.01829463863557135,
      -0.041972257335851755
    ],
    [
      0.0,
      0.0,
      0.0,
      1.0
    ]
  ],
  "combine_w_fpfh": 1.0,
  "combine_w_spinnet": 1.0,
  "combine_feat_s": 1011.2535961763933,
  "combine_ransac_s": 1636.9366860101,
  "combine_icp_s": 4.276888110674918,
  "combine_total_s": 2652.467170297168,
  "combine_ransac_fitness": 0.4408520207383347,
  "combine_ransac_rmse": 0.005242463217114354,
  "combine_icp_fitness": 0.4536049156158479,
  "combine_icp_rmse": 0.0034344440822514535,
  "combine_cov_5mm": 0.4536049156158479,
  "combine_cov_10mm": 0.8231832628432143,
  "combine_trimrmse_5mm": 0.003434444082251417,
  "combine_trimrmse_10mm": 0.0054064132543346485,
  "combine_chamfer": 0.012705316942068837,
  "combine_T_icp": [
    [
      -0.04110135564036603,
      -0.9743649115845561,
      0.2211870195950806,
      0.13978936631590824
    ],
    [
      0.00879179326490086,
      -0.2217182014226776,
      -0.975071147931819,
      -2.167255403219865
    ],
    [
      0.9991163010059049,
      -0.03813211547664622,
      0.017679333515840483,
      -0.042788319176152424
    ],
    [
      0.0,
      0.0,
      0.0,
      1.0
    ]
  ]
}