{
  "K": 20232,
  "seed": 2,
  "voxel_size": 0.005,
  "patch_radius": 0.3,
  "ref_support_n": 202322,
  "mov_support_n": 470991,
  "ref_kp_n": 20232,
  "mov_kp_n": 20232,
  "fpfh_feat_s": 2.3916896656155586,
  "fpfh_ransac_s": 6.372548194602132,
  "fpfh_icp_s": 1.5293795093894005,
  "fpfh_total_s": 10.293617369607091,
  "fpfh_ransac_fitness": 0.0,
  "fpfh_ransac_rmse": 0.0,
  "fpfh_icp_fitness": 0.0,
  "fpfh_icp_rmse": 0.0,
  "fpfh_cov_5mm": 0.0,
  "fpfh_cov_10mm": 0.0,
  "fpfh_trimrmse_5mm": NaN,
  "fpfh_trimrmse_10mm": NaN,
  "fpfh_chamfer": 12.585496376008571,
  "spinnet_ref_feat_s": 101.86723260767758,
  "spinnet_mov_feat_s": 151.160907657817,
  "spinnet_feat_s": 253.02814026549459,
  "spinnet_ransac_s": 9.195893776603043,
  "spinnet_icp_s": 1.4791135843843222,
  "spinnet_total_s": 263.70314762648195,
  "spinnet_ransac_fitness": 0.25790826413602214,
  "spinnet_ransac_rmse": 0.005265140997885864,
  "spinnet_icp_fitness": 0.7843300486712829,
  "spinnet_icp_rmse": 0.0029116127273575484,
  "spinnet_cov_5mm": 0.7843300486712829,
  "spinnet_cov_10mm": 0.940592428429429,
  "spinnet_trimrmse_5mm": 0.002911612727357549,
  "spinnet_trimrmse_10mm": 0.003809345270617262,
  "spinnet_chamfer": 0.00636310497443343,
  "fpfh_T_icp": [
    [
      1.0,
      0.0,
      0.0,
      0.0
    ],
    [
      0.0,
      1.0,
      0.0,
      0.0
    ],
    [
      0.0,
      0.0,
      1.0,
      0.0
    ],
    [
      0.0,
      0.0,
      0.0,
      1.0
    ]
  ],
  "spinnet_T_icp": [
    [
      0.019402901408104658,
      -0.6825718142137918,
      -0.7305609118053339,
      -5.865324198669248
    ],
    [
      0.008822013743390153,
      0.7307869047250783,
      -0.6825486590389375,
      -5.084277299727656
    ],
    [
      0.9997728239407488,
      0.006798405933236216,
      0.02020104418855941,
      0.11885729833531025
    ],
    [
      0.0,
      0.0,
      0.0,
      1.0
    ]
  ]
}