{
  "K": 39258,
  "seed": 4,
  "voxel_size": 0.005,
  "patch_radius": 0.3,
  "ref_support_n": 196290,
  "mov_support_n": 400580,
  "ref_kp_n": 39258,
  "mov_kp_n": 39258,
  "fpfh_feat_s": 2.0094794426113367,
  "fpfh_ransac_s": 18.658417106606066,
  "fpfh_icp_s": 1.488489261828363,
  "fpfh_total_s": 22.156385811045766,
  "fpfh_ransac_fitness": 0.0,
  "fpfh_ransac_rmse": 0.0,
  "fpfh_icp_fitness": 0.0,
  "fpfh_icp_rmse": 0.0,
  "fpfh_cov_5mm": 0.0,
  "fpfh_cov_10mm": 0.0,
  "fpfh_trimrmse_5mm": NaN,
  "fpfh_trimrmse_10mm": NaN,
  "fpfh_chamfer": 6.64051921124479,
  "spinnet_ref_feat_s": 196.26692036632448,
  "spinnet_mov_feat_s": 274.4348649773747,
  "spinnet_feat_s": 470.70178534369916,
  "spinnet_ransac_s": 30.28171407710761,
  "spinnet_icp_s": 2.7065269453451037,
  "spinnet_total_s": 503.69002636615187,
  "spinnet_ransac_fitness": 0.40519129858882263,
  "spinnet_ransac_rmse": 0.0053724757653844536,
  "spinnet_icp_fitness": 0.6375900522568068,
  "spinnet_icp_rmse": 0.003310860193660419,
  "spinnet_cov_5mm": 0.6375900522568068,
  "spinnet_cov_10mm": 0.9300884543612111,
  "spinnet_trimrmse_5mm": 0.003310860193660431,
  "spinnet_trimrmse_10mm": 0.004707289610230717,
  "spinnet_chamfer": 0.008754207153366556,
  "fpfh_T_icp": [
    [
      1.0,
      0.0,
      0.0,
      0.0
    ],
    [
      0.0,
      1.0,
      0.0,
      0.0
    ],
    [
      0.0,
      0.0,
      1.0,
      0.0
    ],
    [
      0.0,
      0.0,
      0.0,
      1.0
    ]
  ],
  "spinnet_T_icp": [
    [
      0.006111178130469606,
      -0.9181586652968245,
      0.39616577192156777,
      1.6234834829560651
    ],
    [
      0.050339313126930324,
      -0.3953884060485736,
      -0.9171335572948344,
      -4.466914086240595
    ],
    [
      0.9987134759558254,
      0.025547479380991615,
      0.04380318757249602,
      0.044432036041604096
    ],
    [
      0.0,
      0.0,
      0.0,
      1.0
    ]
  ]
}