{
  "K": 20011,
  "seed": 3,
  "voxel_size": 0.005,
  "patch_radius": 0.3,
  "ref_support_n": 200112,
  "mov_support_n": 457980,
  "ref_kp_n": 20011,
  "mov_kp_n": 20011,
  "fpfh_feat_s": 2.222970205359161,
  "fpfh_ransac_s": 6.362257227301598,
  "fpfh_icp_s": 6.467588439583778,
  "fpfh_total_s": 15.052815872244537,
  "fpfh_ransac_fitness": 0.0,
  "fpfh_ransac_rmse": 0.0,
  "fpfh_icp_fitness": 0.0012199443705367035,
  "fpfh_icp_rmse": 0.003561943380193049,
  "fpfh_cov_5mm": 0.0012199443705367035,
  "fpfh_cov_10mm": 0.0033374478123797554,
  "fpfh_trimrmse_5mm": 0.0035619433801930573,
  "fpfh_trimrmse_10mm": 0.006420014478097012,
  "fpfh_chamfer": 2.074958949899799,
  "spinnet_ref_feat_s": 96.57082550786436,
  "spinnet_mov_feat_s": 141.07163528352976,
  "spinnet_feat_s": 237.64246079139411,
  "spinnet_ransac_s": 10.152983681298792,
  "spinnet_icp_s": 3.178298997692764,
  "spinnet_total_s": 250.97374347038567,
  "spinnet_ransac_fitness": 0.16321023437109589,
  "spinnet_ransac_rmse": 0.005598715784275436,
  "spinnet_icp_fitness": 0.4521465821158555,
  "spinnet_icp_rmse": 0.0034340355267183263,
  "spinnet_cov_5mm": 0.4521465821158555,
  "spinnet_cov_10mm": 0.8219057210991179,
  "spinnet_trimrmse_5mm": 0.003434035526718325,
  "spinnet_trimrmse_10mm": 0.0054086247092006825,
  "spinnet_chamfer": 0.01272388544512833,
  "fpfh_T_icp": [
    [
      0.9993335391745971,
      0.011278514123827148,
      -0.03471703616285239,
      -0.021136609419755027
    ],
    [
      -0.010776419093213268,
      0.9998351099461318,
      0.01461580345153819,
      0.008799809587165273
    ],
    [
      0.034876156214548606,
      -0.01423193725974081,
      0.9992903010084375,
      -0.005744314986373513
    ],
    [
      0.0,
      0.0,
      0.0,
      1.0
    ]
  ],
  "spinnet_T_icp": [
    [
      -0.04130755513336181,
      -0.9743539016822287,
      0.2211971070460025,
      0.13972016215614666
    ],
    [
      0.008771951006327305,
      -0.2217311910292533,
      -0.9750683728848409,
      -2.166783933318729
    ],
    [
      0.9991079715248233,
      -0.038337360385989214,
      0.017706158086607218,
      -0.0431913505447251
    ],
    [
      0.0,
      0.0,
      0.0,
      1.0
    ]
  ]
}