{
  "K": 179213,
  "seed": 0,
  "voxel_size": 0.005,
  "patch_radius": 0.3,
  "ref_support_n": 451634,
  "mov_support_n": 448032,
  "ref_kp_n": 179213,
  "mov_kp_n": 179213,
  "fpfh_feat_s": 3.445898330770433,
  "fpfh_ransac_s": 532.8766099913046,
  "fpfh_icp_s": 8.332768838852644,
  "fpfh_total_s": 544.6552771609277,
  "fpfh_ransac_fitness": 0.7755240970242114,
  "fpfh_ransac_rmse": 0.004589796988994069,
  "fpfh_icp_fitness": 0.8890994736981175,
  "fpfh_icp_rmse": 0.0021652767342735463,
  "fpfh_cov_5mm": 0.8890994736981175,
  "fpfh_cov_10mm": 0.959413981710349,
  "fpfh_trimrmse_5mm": 0.002165276734273582,
  "fpfh_trimrmse_10mm": 0.0028146277283691485,
  "fpfh_chamfer": 0.005840215588928323,
  "spinnet_ref_feat_s": 1451.3586010448635,
  "spinnet_mov_feat_s": 1397.0111051658168,
  "spinnet_feat_s": 2848.3697062106803,
  "spinnet_ransac_s": 1020.5293903155252,
  "spinnet_icp_s": 9.117875840514898,
  "spinnet_total_s": 3878.0169723667204,
  "spinnet_ransac_fitness": 0.8421989476209873,
  "spinnet_ransac_rmse": 0.004216580150053483,
  "spinnet_icp_fitness": 0.8891034772116009,
  "spinnet_icp_rmse": 0.002165299170704418,
  "spinnet_cov_5mm": 0.8891034772116009,
  "spinnet_cov_10mm": 0.9594155831157424,
  "spinnet_trimrmse_5mm": 0.0021652991707044322,
  "spinnet_trimrmse_10mm": 0.0028145829527772338,
  "spinnet_chamfer": 0.00584021521110451,
  "fpfh_T_icp": [
    [
      0.0071627283689953145,
      -0.9993675100663655,
      0.034832099363518186,
      -0.37483987409640207
    ],
    [
      -0.007001211752468957,
      -0.034882257796030054,
      -0.999366905157985,
      0.9613366830767681
    ],
    [
      0.9999498379200414,
      0.006914326779182769,
      -0.0072466356940026535,
      -0.10581363055113455
    ],
    [
      0.0,
      0.0,
      0.0,
      1.0
    ]
  ],
  "spinnet_T_icp": [
    [
      0.007162753426124701,
      -0.9993675115958396,
      0.03483205032870712,
      -0.3748396958984223
    ],
    [
      -0.007001423785780933,
      -0.03488221040898321,
      -0.9993669053265465,
      0.9613390348670773
    ],
    [
      0.9999498362559682,
      0.0069143447794045776,
      -0.0072468481385414485,
      -0.1058145649673985
    ],
    [
      0.0,
      0.0,
      0.0,
      1.0
    ]
  ],
  "combine_w_fpfh": 1.0,
  "combine_w_spinnet": 1.0,
  "combine_feat_s": 2851.8156045414507,
  "combine_ransac_s": 6881.980900177732,
  "combine_icp_s": 9.567727329209447,
  "combine_total_s": 9743.364232048392,
  "combine_ransac_fitness": 0.8408820788670465,
  "combine_ransac_rmse": 0.004275191428463734,
  "combine_icp_fitness": 0.8890882638603639,
  "combine_icp_rmse": 0.002165216917650649,
  "combine_cov_5mm": 0.8890882638603639,
  "combine_cov_10mm": 0.9594083767914722,
  "combine_trimrmse_5mm": 0.002165216917650662,
  "combine_trimrmse_10mm": 0.0028146064750523905,
  "combine_chamfer": 0.005840220004770337,
  "combine_T_icp": [
    [
      0.007162185496792128,
      -0.999367514217051,
      0.034832091905972036,
      -0.3748401997585857
    ],
    [
      -0.0070015133752615024,
      -0.034882248489759696,
      -0.9993669033697034,
      0.9613340860701431
    ],
    [
      0.9999498396966595,
      0.00691377378392054,
      -0.007246918151821668,
      -0.10581261115900321
    ],
    [
      0.0,
      0.0,
      0.0,
      1.0
    ]
  ]
}