{
  "K": 44803,
  "seed": 3,
  "voxel_size": 0.005,
  "patch_radius": 0.3,
  "ref_support_n": 451634,
  "mov_support_n": 448032,
  "ref_kp_n": 44803,
  "mov_kp_n": 44803,
  "fpfh_feat_s": 3.6121819652616978,
  "fpfh_ransac_s": 21.042437416501343,
  "fpfh_icp_s": 12.622537707909942,
  "fpfh_total_s": 37.27715708967298,
  "fpfh_ransac_fitness": 0.3058723746177711,
  "fpfh_ransac_rmse": 0.005559619038080246,
  "fpfh_icp_fitness": 0.8890994736981175,
  "fpfh_icp_rmse": 0.0021652767433266253,
  "fpfh_cov_5mm": 0.8890994736981175,
  "fpfh_cov_10mm": 0.959413981710349,
  "fpfh_trimrmse_5mm": 0.002165276743326633,
  "fpfh_trimrmse_10mm": 0.0028146275236100313,
  "fpfh_chamfer": 0.005840215311078678,
  "spinnet_ref_feat_s": 389.4531994536519,
  "spinnet_mov_feat_s": 396.6505776569247,
  "spinnet_feat_s": 786.1037771105766,
  "spinnet_ransac_s": 41.67983228713274,
  "spinnet_icp_s": 5.847521739080548,
  "spinnet_total_s": 833.6311311367899,
  "spinnet_ransac_fitness": 0.4503269870321184,
  "spinnet_ransac_rmse": 0.005213760894734595,
  "spinnet_icp_fitness": 0.8890842603468804,
  "spinnet_icp_rmse": 0.0021651965554796565,
  "spinnet_cov_5mm": 0.8890842603468804,
  "spinnet_cov_10mm": 0.9594091774941689,
  "spinnet_trimrmse_5mm": 0.0021651965554796743,
  "spinnet_trimrmse_10mm": 0.0028146326744581955,
  "spinnet_chamfer": 0.005840226807418912,
  "fpfh_T_icp": [
    [
      0.0071627030256140945,
      -0.9993675106346457,
      0.03483208827070494,
      -0.3748398778496697
    ],
    [
      -0.007001192692926547,
      -0.034882246387770294,
      -0.9993669056897089,
      0.9613367174826413
    ],
    [
      0.999949838235027,
      0.006914302197202083,
      -0.007246615684745455,
      -0.10581367603901377
    ],
    [
      0.0,
      0.0,
      0.0,
      1.0
    ]
  ],
  "spinnet_T_icp": [
    [
      0.0071627623925015005,
      -0.9993675121281838,
      0.03483203321139517,
      -0.37483938017641955
    ],
    [
      -0.00700131343599896,
      -0.034882192593626946,
      -0.999366906721469,
      0.9613350753587382
    ],
    [
      0.9999498369643772,
      0.00691435771364894,
      -0.007246738047441442,
      -0.10581532828460166
    ],
    [
      0.0,
      0.0,
      0.0,
      1.0
    ]
  ],
  "combine_w_fpfh": 1.0,
  "combine_w_spinnet": 1.0,
  "combine_feat_s": 789.7159590758383,
  "combine_ransac_s": 397.7623710632324,
  "combine_icp_s": 5.06577696185559,
  "combine_total_s": 1192.5441071009263,
  "combine_ransac_fitness": 0.4513090641251702,
  "combine_ransac_rmse": 0.005228477860556411,
  "combine_icp_fitness": 0.8889689591585576,
  "combine_icp_rmse": 0.002164782024128869,
  "combine_cov_5mm": 0.8889689591585576,
  "combine_cov_10mm": 0.9593299079271969,
  "combine_trimrmse_5mm": 0.0021647820241288726,
  "combine_trimrmse_10mm": 0.002814385022206042,
  "combine_chamfer": 0.005840855894413679,
  "combine_T_icp": [
    [
      0.007158514030113563,
      -0.9993672046020936,
      0.03484172846859448,
      -0.3748558542967144
    ],
    [
      -0.007048498824933356,
      -0.03489218308724762,
      -0.9993662262772934,
      0.9612532837726502
    ],
    [
      0.9999495358972856,
      0.0069083952698583105,
      -0.007293814749486114,
      -0.10572922524842927
    ],
    [
      0.0,
      0.0,
      0.0,
      1.0
    ]
  ]
}