{
  "K": 24577,
  "seed": 3,
  "voxel_size": 0.005,
  "patch_radius": 0.3,
  "ref_support_n": 61443,
  "mov_support_n": 65640,
  "ref_kp_n": 24577,
  "mov_kp_n": 24577,
  "fpfh_feat_s": 0.40031685028225183,
  "fpfh_ransac_s": 4.393195846118033,
  "fpfh_icp_s": 3.279802314005792,
  "fpfh_total_s": 8.073315010406077,
  "fpfh_ransac_fitness": 0.87191276396631,
  "fpfh_ransac_rmse": 0.003944466633412736,
  "fpfh_icp_fitness": 0.9862435263653484,
  "fpfh_icp_rmse": 0.001463854136921649,
  "fpfh_cov_5mm": 0.9862435263653484,
  "fpfh_cov_10mm": 0.997489014438167,
  "fpfh_trimrmse_5mm": 0.0014638541369216514,
  "fpfh_trimrmse_10mm": 0.001622938171832778,
  "fpfh_chamfer": 0.00298541443494101,
  "spinnet_ref_feat_s": 144.64184304047376,
  "spinnet_mov_feat_s": 149.2772365072742,
  "spinnet_feat_s": 293.91907954774797,
  "spinnet_ransac_s": 23.016634880565107,
  "spinnet_icp_s": 1.7761949636042118,
  "spinnet_total_s": 318.7119093919173,
  "spinnet_ransac_fitness": 0.0,
  "spinnet_ransac_rmse": 0.0,
  "spinnet_icp_fitness": 0.0,
  "spinnet_icp_rmse": 0.0,
  "spinnet_cov_5mm": 0.0,
  "spinnet_cov_10mm": 0.0,
  "spinnet_trimrmse_5mm": NaN,
  "spinnet_trimrmse_10mm": NaN,
  "spinnet_chamfer": 3.435376785446324,
  "fpfh_T_icp": [
    [
      -0.9792755448270819,
      0.021076742991408926,
      0.2014328131375507,
      -0.03972241296649907
    ],
    [
      -0.2014996393790223,
      -0.0010744540079525794,
      -0.9794879993541067,
      -2.3207133630000896
    ],
    [
      -0.020427986532147172,
      -0.9997772834253998,
      0.005299142646082787,
      -0.8192609531151457
    ],
    [
      0.0,
      0.0,
      0.0,
      1.0
    ]
  ],
  "spinnet_T_icp": [
    [
      1.0,
      0.0,
      0.0,
      0.0
    ],
    [
      0.0,
      1.0,
      0.0,
      0.0
    ],
    [
      0.0,
      0.0,
      1.0,
      0.0
    ],
    [
      0.0,
      0.0,
      0.0,
      1.0
    ]
  ],
  "combine_w_fpfh": 1.0,
  "combine_w_spinnet": 1.0,
  "combine_feat_s": 294.3193963980302,
  "combine_ransac_s": 76.40274701081216,
  "combine_icp_s": 3.3007267583161592,
  "combine_total_s": 374.02287016715854,
  "combine_ransac_fitness": 0.8414371160027668,
  "combine_ransac_rmse": 0.004360774264161655,
  "combine_icp_fitness": 0.9862141007532956,
  "combine_icp_rmse": 0.0014636750207205522,
  "combine_cov_5mm": 0.9862141007532956,
  "combine_cov_10mm": 0.9974865623038293,
  "combine_trimrmse_5mm": 0.00146367502072057,
  "combine_trimrmse_10mm": 0.0016229371027409651,
  "combine_chamfer": 0.0029851867245970208,
  "combine_T_icp": [
    [
      -0.9792763521785647,
      0.02107404696409261,
      0.20142917020234558,
      -0.0397242929871988
    ],
    [
      -0.20149610314443742,
      -0.0010804151937889295,
      -0.9794887202620661,
      -2.320737494521857
    ],
    [
      -0.020424164155642757,
      -0.9997773338336761,
      0.0053043633905593655,
      -0.8192474365322204
    ],
    [
      0.0,
      0.0,
      0.0,
      1.0
    ]
  ]
}