{
  "K": 19629,
  "seed": 4,
  "voxel_size": 0.005,
  "patch_radius": 0.3,
  "ref_support_n": 196290,
  "mov_support_n": 400580,
  "ref_kp_n": 19629,
  "mov_kp_n": 19629,
  "fpfh_feat_s": 2.0745291896164417,
  "fpfh_ransac_s": 5.375552278012037,
  "fpfh_icp_s": 1.4568316610530019,
  "fpfh_total_s": 8.90691312868148,
  "fpfh_ransac_fitness": 0.0,
  "fpfh_ransac_rmse": 0.0,
  "fpfh_icp_fitness": 0.0,
  "fpfh_icp_rmse": 0.0,
  "fpfh_cov_5mm": 0.0,
  "fpfh_cov_10mm": 0.0,
  "fpfh_trimrmse_5mm": NaN,
  "fpfh_trimrmse_10mm": NaN,
  "fpfh_chamfer": 6.64051921124479,
  "spinnet_ref_feat_s": 99.99551930651069,
  "spinnet_mov_feat_s": 137.67913211975247,
  "spinnet_feat_s": 237.67465142626315,
  "spinnet_ransac_s": 8.25772722903639,
  "spinnet_icp_s": 4.638634135946631,
  "spinnet_total_s": 250.57101279124618,
  "spinnet_ransac_fitness": 0.2500891538030465,
  "spinnet_ransac_rmse": 0.00553539974767351,
  "spinnet_icp_fitness": 0.6375876433689742,
  "spinnet_icp_rmse": 0.00331085600566392,
  "spinnet_cov_5mm": 0.6375876433689742,
  "spinnet_cov_10mm": 0.9300764099220484,
  "spinnet_trimrmse_5mm": 0.003310856005663973,
  "spinnet_trimrmse_10mm": 0.004707352027745647,
  "spinnet_chamfer": 0.008754524791822933,
  "fpfh_T_icp": [
    [
      1.0,
      0.0,
      0.0,
      0.0
    ],
    [
      0.0,
      1.0,
      0.0,
      0.0
    ],
    [
      0.0,
      0.0,
      1.0,
      0.0
    ],
    [
      0.0,
      0.0,
      0.0,
      1.0
    ]
  ],
  "spinnet_T_icp": [
    [
      0.006110540976171027,
      -0.9181583980511855,
      0.3961664011208666,
      1.6234862140489024
    ],
    [
      0.05034004629548555,
      -0.3953890437051556,
      -0.9171332421501738,
      -4.466914430888917
    ],
    [
      0.9987134428993871,
      0.02554721522990756,
      0.04380409531139614,
      0.04443607297220388
    ],
    [
      0.0,
      0.0,
      0.0,
      1.0
    ]
  ]
}