{
  "K": 44803,
  "seed": 2,
  "voxel_size": 0.005,
  "patch_radius": 0.3,
  "ref_support_n": 451634,
  "mov_support_n": 448032,
  "ref_kp_n": 44803,
  "mov_kp_n": 44803,
  "fpfh_feat_s": 3.8089046431705356,
  "fpfh_ransac_s": 23.072436925023794,
  "fpfh_icp_s": 12.059603976085782,
  "fpfh_total_s": 38.94094554428011,
  "fpfh_ransac_fitness": 0.40122313237952817,
  "fpfh_ransac_rmse": 0.005464917916181352,
  "fpfh_icp_fitness": 0.8890882638603639,
  "fpfh_icp_rmse": 0.002165216906976908,
  "fpfh_cov_5mm": 0.8890882638603639,
  "fpfh_cov_10mm": 0.9594075760887755,
  "fpfh_trimrmse_5mm": 0.0021652169069768866,
  "fpfh_trimrmse_10mm": 0.00281459440284826,
  "fpfh_chamfer": 0.0058402200137501956,
  "spinnet_ref_feat_s": 353.2413503145799,
  "spinnet_mov_feat_s": 339.26154644880444,
  "spinnet_feat_s": 692.5028967633843,
  "spinnet_ransac_s": 38.03027089033276,
  "spinnet_icp_s": 10.109286037273705,
  "spinnet_total_s": 740.6424536909908,
  "spinnet_ransac_fitness": 0.45749168582461,
  "spinnet_ransac_rmse": 0.005210890720750576,
  "spinnet_icp_fitness": 0.8890874631576672,
  "spinnet_icp_rmse": 0.0021652126042699922,
  "spinnet_cov_5mm": 0.8890874631576672,
  "spinnet_cov_10mm": 0.9594083767914722,
  "spinnet_trimrmse_5mm": 0.0021652126042699376,
  "spinnet_trimrmse_10mm": 0.002814623132327043,
  "spinnet_chamfer": 0.005840220223167721,
  "fpfh_T_icp": [
    [
      0.007162189008172927,
      -0.9993675138425737,
      0.03483210192823151,
      -0.37484021281930596
    ],
    [
      -0.007001529209707967,
      -0.03488225864694249,
      -0.9993669029042402,
      0.9613340210013284
    ],
    [
      0.9999498395606409,
      0.006913776668026209,
      -0.007246934168863365,
      -0.10581258216893609
    ],
    [
      0.0,
      0.0,
      0.0,
      1.0
    ]
  ],
  "spinnet_T_icp": [
    [
      0.007162208745057075,
      -0.9993675127877478,
      0.034832128134009696,
      -0.37484025672193644
    ],
    [
      -0.007001569187470093,
      -0.0348822852721554,
      -0.9993669016948249,
      0.961333519997934
    ],
    [
      0.9999498391393524,
      0.006913794807762815,
      -0.007246974993116924,
      -0.10581243052323658
    ],
    [
      0.0,
      0.0,
      0.0,
      1.0
    ]
  ],
  "combine_w_fpfh": 1.0,
  "combine_w_spinnet": 1.0,
  "combine_feat_s": 696.3118014065549,
  "combine_ransac_s": 332.9413737067953,
  "combine_icp_s": 9.083175527863204,
  "combine_total_s": 1038.3363506412134,
  "combine_ransac_fitness": 0.46070575631096133,
  "combine_ransac_rmse": 0.0051698120641528135,
  "combine_icp_fitness": 0.889052232239013,
  "combine_icp_rmse": 0.002165028055850518,
  "combine_cov_5mm": 0.889052232239013,
  "combine_cov_10mm": 0.9593971669537186,
  "combine_trimrmse_5mm": 0.002165028055850542,
  "combine_trimrmse_10mm": 0.002814676168416437,
  "combine_chamfer": 0.005840242826889486,
  "combine_T_icp": [
    [
      0.007162016532973497,
      -0.9993675082873992,
      0.03483229677505987,
      -0.37484076822649387
    ],
    [
      -0.007002627245888476,
      -0.034882459835419426,
      -0.9993668881884596,
      0.9613247851956109
    ],
    [
      0.9999498331070626,
      0.006913564585278277,
      -0.007248026896241442,
      -0.10580843707925833
    ],
    [
      0.0,
      0.0,
      0.0,
      1.0
    ]
  ]
}