{
  "K": 20011,
  "seed": 0,
  "voxel_size": 0.005,
  "patch_radius": 0.3,
  "ref_support_n": 200112,
  "mov_support_n": 457980,
  "ref_kp_n": 20011,
  "mov_kp_n": 20011,
  "fpfh_feat_s": 2.2946217991411686,
  "fpfh_ransac_s": 6.362905006855726,
  "fpfh_icp_s": 6.5241203950718045,
  "fpfh_total_s": 15.1816472010687,
  "fpfh_ransac_fitness": 0.0,
  "fpfh_ransac_rmse": 0.0,
  "fpfh_icp_fitness": 0.0012199443705367035,
  "fpfh_icp_rmse": 0.003561943380193047,
  "fpfh_cov_5mm": 0.0012199443705367035,
  "fpfh_cov_10mm": 0.0033374478123797554,
  "fpfh_trimrmse_5mm": 0.0035619433801930616,
  "fpfh_trimrmse_10mm": 0.006420014478097017,
  "fpfh_chamfer": 2.0749589498998,
  "spinnet_ref_feat_s": 99.93701125122607,
  "spinnet_mov_feat_s": 147.078522763215,
  "spinnet_feat_s": 247.01553401444107,
  "spinnet_ransac_s": 10.873733464628458,
  "spinnet_icp_s": 3.7448692386969924,
  "spinnet_total_s": 261.6341367177665,
  "spinnet_ransac_fitness": 0.15411523661985907,
  "spinnet_ransac_rmse": 0.00560548783033212,
  "spinnet_icp_fitness": 0.4524289692390027,
  "spinnet_icp_rmse": 0.00341547870795918,
  "spinnet_cov_5mm": 0.4524289692390027,
  "spinnet_cov_10mm": 0.8212577506465705,
  "spinnet_trimrmse_5mm": 0.003415478707959194,
  "spinnet_trimrmse_10mm": 0.005404237725681398,
  "spinnet_chamfer": 0.012786127309719588,
  "fpfh_T_icp": [
    [
      0.9993335391745972,
      0.01127851412382708,
      -0.034717036162852474,
      -0.021136609419755047
    ],
    [
      -0.010776419093213183,
      0.9998351099461318,
      0.014615803451538602,
      0.008799809587165516
    ],
    [
      0.034876156214548704,
      -0.014231937259741222,
      0.9992903010084375,
      -0.005744314986374113
    ],
    [
      0.0,
      0.0,
      0.0,
      1.0
    ]
  ],
  "spinnet_T_icp": [
    [
      -0.04065354327863679,
      -0.9743753291022262,
      0.22122388536462265,
      0.14072364563712364
    ],
    [
      0.008604875497417334,
      -0.22174013012448682,
      -0.9750678288252823,
      -2.169767283683821
    ],
    [
      0.9991362497360239,
      -0.037736358188137614,
      0.01739890037130608,
      -0.04326027694290534
    ],
    [
      0.0,
      0.0,
      0.0,
      1.0
    ]
  ]
}