{
  "K": 12289,
  "seed": 0,
  "voxel_size": 0.005,
  "patch_radius": 0.3,
  "ref_support_n": 61443,
  "mov_support_n": 65640,
  "ref_kp_n": 12289,
  "mov_kp_n": 12289,
  "fpfh_feat_s": 0.40092785842716694,
  "fpfh_ransac_s": 1.3686304297298193,
  "fpfh_icp_s": 3.0296588744968176,
  "fpfh_total_s": 4.799217162653804,
  "fpfh_ransac_fitness": 0.7596224265603385,
  "fpfh_ransac_rmse": 0.004641732504597811,
  "fpfh_icp_fitness": 0.9862435263653484,
  "fpfh_icp_rmse": 0.0014638564525226935,
  "fpfh_cov_5mm": 0.9862435263653484,
  "fpfh_cov_10mm": 0.997489014438167,
  "fpfh_trimrmse_5mm": 0.001463856452522662,
  "fpfh_trimrmse_10mm": 0.0016229413005122283,
  "fpfh_chamfer": 0.002985394653692219,
  "spinnet_ref_feat_s": 70.76433637086302,
  "spinnet_mov_feat_s": 72.7752703409642,
  "spinnet_feat_s": 143.53960671182722,
  "spinnet_ransac_s": 6.084620680660009,
  "spinnet_icp_s": 1.6472166646271944,
  "spinnet_total_s": 151.27144405711442,
  "spinnet_ransac_fitness": 0.0,
  "spinnet_ransac_rmse": 0.0,
  "spinnet_icp_fitness": 0.0,
  "spinnet_icp_rmse": 0.0,
  "spinnet_cov_5mm": 0.0,
  "spinnet_cov_10mm": 0.0,
  "spinnet_trimrmse_5mm": NaN,
  "spinnet_trimrmse_10mm": NaN,
  "spinnet_chamfer": 3.435376785446324,
  "fpfh_T_icp": [
    [
      -0.9792756137599773,
      0.021076874280611634,
      0.20143246427918618,
      -0.039722655979593166
    ],
    [
      -0.20149930296953433,
      -0.0010750329126933448,
      -0.9794880679247853,
      -2.320715309321972
    ],
    [
      -0.020428000338224762,
      -0.9997772800353119,
      0.00529972899170992,
      -0.8192596681573681
    ],
    [
      0.0,
      0.0,
      0.0,
      1.0
    ]
  ],
  "spinnet_T_icp": [
    [
      1.0,
      0.0,
      0.0,
      0.0
    ],
    [
      0.0,
      1.0,
      0.0,
      0.0
    ],
    [
      0.0,
      0.0,
      1.0,
      0.0
    ],
    [
      0.0,
      0.0,
      0.0,
      1.0
    ]
  ],
  "combine_w_fpfh": 1.0,
  "combine_w_spinnet": 1.0,
  "combine_feat_s": 143.94053457025439,
  "combine_ransac_s": 11.401914487592876,
  "combine_icp_s": 3.2951763048768044,
  "combine_total_s": 158.63762536272407,
  "combine_ransac_fitness": 0.553828627227602,
  "combine_ransac_rmse": 0.005113414116840506,
  "combine_icp_fitness": 0.9861920315442562,
  "combine_icp_rmse": 0.0014635812065515626,
  "combine_cov_5mm": 0.9861920315442562,
  "combine_cov_10mm": 0.997489014438167,
  "combine_trimrmse_5mm": 0.001463581206551549,
  "combine_trimrmse_10mm": 0.0016231105363410771,
  "combine_chamfer": 0.002985036278069529,
  "combine_T_icp": [
    [
      -0.9792766893927106,
      0.021074274306547146,
      0.2014275069957106,
      -0.03972121725258218
    ],
    [
      -0.20149453976785184,
      -0.001085260606443494,
      -0.9794890365150347,
      -2.320756866913121
    ],
    [
      -0.020423419297376705,
      -0.9997773237935907,
      0.005309121616145545,
      -0.8192366047887851
    ],
    [
      0.0,
      0.0,
      0.0,
      1.0
    ]
  ]
}