{
  "K": 89606,
  "seed": 0,
  "voxel_size": 0.005,
  "patch_radius": 0.3,
  "ref_support_n": 451634,
  "mov_support_n": 448032,
  "ref_kp_n": 89606,
  "mov_kp_n": 89606,
  "fpfh_feat_s": 3.561165425926447,
  "fpfh_ransac_s": 148.86768450494856,
  "fpfh_icp_s": 48.71207431983203,
  "fpfh_total_s": 201.14092425070703,
  "fpfh_ransac_fitness": 0.0,
  "fpfh_ransac_rmse": 0.0,
  "fpfh_icp_fitness": 0.0014957126374105915,
  "fpfh_icp_rmse": 0.003163701504926101,
  "fpfh_cov_5mm": 0.0014957126374105915,
  "fpfh_cov_10mm": 0.0028360889516639803,
  "fpfh_trimrmse_5mm": 0.0031637015049260984,
  "fpfh_trimrmse_10mm": 0.005649091632407514,
  "fpfh_chamfer": 2.054539251624261,
  "spinnet_ref_feat_s": 829.8310075877234,
  "spinnet_mov_feat_s": 670.32998734992,
  "spinnet_feat_s": 1500.1609949376434,
  "spinnet_ransac_s": 223.42097302060574,
  "spinnet_icp_s": 11.187899054959416,
  "spinnet_total_s": 1734.7698670132086,
  "spinnet_ransac_fitness": 0.6823538602325737,
  "spinnet_ransac_rmse": 0.004884372526892544,
  "spinnet_icp_fitness": 0.8890882638603639,
  "spinnet_icp_rmse": 0.0021652169126804258,
  "spinnet_cov_5mm": 0.8890882638603639,
  "spinnet_cov_10mm": 0.9594083767914722,
  "spinnet_trimrmse_5mm": 0.002165216912680467,
  "spinnet_trimrmse_10mm": 0.002814607339962523,
  "spinnet_chamfer": 0.005840219648031851,
  "fpfh_T_icp": [
    [
      0.9997816005689792,
      0.015095177379049885,
      0.014452916094434082,
      0.007742069622970278
    ],
    [
      -0.014139258000848191,
      0.9978432273766787,
      -0.06410128673964112,
      -0.006172468686170406
    ],
    [
      -0.015389364734232469,
      0.06388293354556893,
      0.997838733591104,
      0.006605978914384064
    ],
    [
      0.0,
      0.0,
      0.0,
      1.0
    ]
  ],
  "spinnet_T_icp": [
    [
      0.0071621774480316504,
      -0.9993675141023931,
      0.034832096850766665,
      -0.3748402187989008
    ],
    [
      -0.00700150888787182,
      -0.034882253345193424,
      -0.9993669032316671,
      0.9613340615744925
    ],
    [
      0.9999498397857312,
      0.0069137658609511815,
      -0.007246913420484242,
      -0.10581261376787794
    ],
    [
      0.0,
      0.0,
      0.0,
      1.0
    ]
  ],
  "combine_w_fpfh": 1.0,
  "combine_w_spinnet": 1.0,
  "combine_feat_s": 1503.7221603635699,
  "combine_ransac_s": 1752.0315985251218,
  "combine_icp_s": 8.552820577286184,
  "combine_total_s": 3264.306579465978,
  "combine_ransac_fitness": 0.6872977255987323,
  "combine_ransac_rmse": 0.004829167396384928,
  "combine_icp_fitness": 0.8890994736981175,
  "combine_icp_rmse": 0.0021652770925042284,
  "combine_cov_5mm": 0.8890994736981175,
  "combine_cov_10mm": 0.9594123803049557,
  "combine_trimrmse_5mm": 0.0021652770925042614,
  "combine_trimrmse_10mm": 0.0028145828866840915,
  "combine_chamfer": 0.005840214010568573,
  "combine_T_icp": [
    [
      0.007162687357711478,
      -0.999367514277113,
      0.03483198698628439,
      -0.374839732946316
    ],
    [
      -0.007000948586709831,
      -0.03488214330195994,
      -0.9993669109979324,
      0.9613376016005811
    ],
    [
      0.9999498400563434,
      0.006914295789056074,
      -0.007246370473520648,
      -0.10581433482826533
    ],
    [
      0.0,
      0.0,
      0.0,
      1.0
    ]
  ]
}