{
  "K": 20011,
  "seed": 4,
  "voxel_size": 0.005,
  "patch_radius": 0.3,
  "ref_support_n": 200112,
  "mov_support_n": 457980,
  "ref_kp_n": 20011,
  "mov_kp_n": 20011,
  "fpfh_feat_s": 2.225389893166721,
  "fpfh_ransac_s": 6.494475731626153,
  "fpfh_icp_s": 6.4689542055130005,
  "fpfh_total_s": 15.188819830305874,
  "fpfh_ransac_fitness": 0.0,
  "fpfh_ransac_rmse": 0.0,
  "fpfh_icp_fitness": 0.0012199443705367035,
  "fpfh_icp_rmse": 0.0035619433801930473,
  "fpfh_cov_5mm": 0.0012199443705367035,
  "fpfh_cov_10mm": 0.0033374478123797554,
  "fpfh_trimrmse_5mm": 0.003561943380193056,
  "fpfh_trimrmse_10mm": 0.006420014478097011,
  "fpfh_chamfer": 2.074958949899799,
  "spinnet_ref_feat_s": 97.3840057393536,
  "spinnet_mov_feat_s": 140.80081603117287,
  "spinnet_feat_s": 238.18482177052647,
  "spinnet_ransac_s": 10.217262400314212,
  "spinnet_icp_s": 4.709466485306621,
  "spinnet_total_s": 253.1115506561473,
  "spinnet_ransac_fitness": 0.16171105891759532,
  "spinnet_ransac_rmse": 0.005552234000078554,
  "spinnet_icp_fitness": 0.45231217456483985,
  "spinnet_icp_rmse": 0.0034154005804636835,
  "spinnet_cov_5mm": 0.45231217456483985,
  "spinnet_cov_10mm": 0.8213433467433885,
  "spinnet_trimrmse_5mm": 0.003415400580463629,
  "spinnet_trimrmse_10mm": 0.005405185962459315,
  "spinnet_chamfer": 0.012784546437810216,
  "fpfh_T_icp": [
    [
      0.9993335391745971,
      0.01127851412382713,
      -0.03471703616285244,
      -0.021136609419755023
    ],
    [
      -0.010776419093213243,
      0.9998351099461318,
      0.014615803451538364,
      0.008799809587165393
    ],
    [
      0.034876156214548655,
      -0.014231937259740984,
      0.9992903010084375,
      -0.005744314986373561
    ],
    [
      0.0,
      0.0,
      0.0,
      1.0
    ]
  ],
  "spinnet_T_icp": [
    [
      -0.04067533808665372,
      -0.9743723219678009,
      0.22123312377357338,
      0.14073219851527244
    ],
    [
      0.008553756710515507,
      -0.22174782288880612,
      -0.9750665291610671,
      -2.1697330998547844
    ],
    [
      0.9991358016394336,
      -0.03776878641354016,
      0.017354211453554324,
      -0.043409797431260215
    ],
    [
      0.0,
      0.0,
      0.0,
      1.0
    ]
  ]
}