{
  "K": 19629,
  "seed": 1,
  "voxel_size": 0.005,
  "patch_radius": 0.3,
  "ref_support_n": 196290,
  "mov_support_n": 400580,
  "ref_kp_n": 19629,
  "mov_kp_n": 19629,
  "fpfh_feat_s": 2.124512347392738,
  "fpfh_ransac_s": 5.174027636647224,
  "fpfh_icp_s": 0.7713125990703702,
  "fpfh_total_s": 8.069852583110332,
  "fpfh_ransac_fitness": 0.0,
  "fpfh_ransac_rmse": 0.0,
  "fpfh_icp_fitness": 0.0,
  "fpfh_icp_rmse": 0.0,
  "fpfh_cov_5mm": 0.0,
  "fpfh_cov_10mm": 0.0,
  "fpfh_trimrmse_5mm": NaN,
  "fpfh_trimrmse_10mm": NaN,
  "fpfh_chamfer": 6.64051921124479,
  "spinnet_ref_feat_s": 100.14656749833375,
  "spinnet_mov_feat_s": 142.0116123240441,
  "spinnet_feat_s": 242.15817982237786,
  "spinnet_ransac_s": 8.5540916249156,
  "spinnet_icp_s": 3.8322136579081416,
  "spinnet_total_s": 254.5444851052016,
  "spinnet_ransac_fitness": 0.23383768913342504,
  "spinnet_ransac_rmse": 0.005550176274105028,
  "spinnet_icp_fitness": 0.6426350663407709,
  "spinnet_icp_rmse": 0.003326146982313946,
  "spinnet_cov_5mm": 0.6426350663407709,
  "spinnet_cov_10mm": 0.9368710795350526,
  "spinnet_trimrmse_5mm": 0.0033261469823139423,
  "spinnet_trimrmse_10mm": 0.004698322651270608,
  "spinnet_chamfer": 0.008624232056769005,
  "fpfh_T_icp": [
    [
      1.0,
      0.0,
      0.0,
      0.0
    ],
    [
      0.0,
      1.0,
      0.0,
      0.0
    ],
    [
      0.0,
      0.0,
      1.0,
      0.0
    ],
    [
      0.0,
      0.0,
      0.0,
      1.0
    ]
  ],
  "spinnet_T_icp": [
    [
      0.006242033787970998,
      -0.9181906556786577,
      0.3960895818354551,
      1.6228999137560363
    ],
    [
      0.05045173334716051,
      -0.3953036798830966,
      -0.9171639020770213,
      -4.466175814109878
    ],
    [
      0.9987069938758091,
      0.025708374030222927,
      0.04385681119581449,
      0.04424095952894932
    ],
    [
      0.0,
      0.0,
      0.0,
      1.0
    ]
  ],
  "combine_w_fpfh": 1.0,
  "combine_w_spinnet": 1.0,
  "combine_feat_s": 244.2826921697706,
  "combine_ransac_s": 33.49792310409248,
  "combine_icp_s": 11.279791394248605,
  "combine_total_s": 289.0604066681117,
  "combine_ransac_fitness": 0.23837179683121912,
  "combine_ransac_rmse": 0.00550696676453648,
  "combine_icp_fitness": 0.643246120887627,
  "combine_icp_rmse": 0.003359288365892011,
  "combine_cov_5mm": 0.643246120887627,
  "combine_cov_10mm": 0.9514512746228485,
  "combine_trimrmse_5mm": 0.0033592883658919723,
  "combine_trimrmse_10mm": 0.004720788854723906,
  "combine_chamfer": 0.008433845705343869,
  "combine_T_icp": [
    [
      0.007150714952284618,
      -0.9183718793844239,
      0.39565383661932274,
      1.6198709427490543
    ],
    [
      0.051084343241974674,
      -0.394811835592392,
      -0.9173407242413871,
      -4.462919359279953
    ],
    [
      0.9986687424522754,
      0.02677135842803764,
      0.04409123741414181,
      0.04546470544350067
    ],
    [
      0.0,
      0.0,
      0.0,
      1.0
    ]
  ]
}