{
  "K": 24577,
  "seed": 1,
  "voxel_size": 0.005,
  "patch_radius": 0.3,
  "ref_support_n": 61443,
  "mov_support_n": 65640,
  "ref_kp_n": 24577,
  "mov_kp_n": 24577,
  "fpfh_feat_s": 0.4484866848215461,
  "fpfh_ransac_s": 4.061834170483053,
  "fpfh_icp_s": 2.974575632251799,
  "fpfh_total_s": 7.484896487556398,
  "fpfh_ransac_fitness": 0.8714245025837165,
  "fpfh_ransac_rmse": 0.0038625781230931795,
  "fpfh_icp_fitness": 0.9862410742310107,
  "fpfh_icp_rmse": 0.0014638341063241275,
  "fpfh_cov_5mm": 0.9862410742310107,
  "fpfh_cov_10mm": 0.9974914665725048,
  "fpfh_trimrmse_5mm": 0.0014638341063241368,
  "fpfh_trimrmse_10mm": 0.001623001357728262,
  "fpfh_chamfer": 0.0029856305750781643,
  "spinnet_ref_feat_s": 140.20165292918682,
  "spinnet_mov_feat_s": 145.43194203451276,
  "spinnet_feat_s": 285.6335949636996,
  "spinnet_ransac_s": 20.89301122073084,
  "spinnet_icp_s": 3.1112551111727953,
  "spinnet_total_s": 309.6378612956032,
  "spinnet_ransac_fitness": 0.0,
  "spinnet_ransac_rmse": 0.0,
  "spinnet_icp_fitness": 0.0,
  "spinnet_icp_rmse": 0.0,
  "spinnet_cov_5mm": 0.0,
  "spinnet_cov_10mm": 0.0,
  "spinnet_trimrmse_5mm": NaN,
  "spinnet_trimrmse_10mm": NaN,
  "spinnet_chamfer": 3.435376785446324,
  "fpfh_T_icp": [
    [
      -0.979273143217541,
      0.021050092955928242,
      0.2014472748869637,
      -0.03970757492544981
    ],
    [
      -0.2015139085915331,
      -0.0010717855781626922,
      -0.9794850667160968,
      -2.3207020160659435
    ],
    [
      -0.020402343419333127,
      -0.9997778477553002,
      0.005291457339746831,
      -0.8192695325767949
    ],
    [
      0.0,
      0.0,
      0.0,
      1.0
    ]
  ],
  "spinnet_T_icp": [
    [
      1.0,
      0.0,
      0.0,
      0.0
    ],
    [
      0.0,
      1.0,
      0.0,
      0.0
    ],
    [
      0.0,
      0.0,
      1.0,
      0.0
    ],
    [
      0.0,
      0.0,
      0.0,
      1.0
    ]
  ]
}