{
  "K": 40022,
  "seed": 0,
  "voxel_size": 0.005,
  "patch_radius": 0.3,
  "ref_support_n": 200112,
  "mov_support_n": 457980,
  "ref_kp_n": 40022,
  "mov_kp_n": 40022,
  "fpfh_feat_s": 2.710171247832477,
  "fpfh_ransac_s": 24.98452672827989,
  "fpfh_icp_s": 6.563424059189856,
  "fpfh_total_s": 34.25812203530222,
  "fpfh_ransac_fitness": 0.0,
  "fpfh_ransac_rmse": 0.0,
  "fpfh_icp_fitness": 0.0011591471428902842,
  "fpfh_icp_rmse": 0.0035216234483522735,
  "fpfh_cov_5mm": 0.0011591471428902842,
  "fpfh_cov_10mm": 0.0032822503293849802,
  "fpfh_trimrmse_5mm": 0.003521623448352271,
  "fpfh_trimrmse_10mm": 0.006468548816129238,
  "fpfh_chamfer": 2.070824516085664,
  "spinnet_ref_feat_s": 197.85793675947934,
  "spinnet_mov_feat_s": 288.3878801399842,
  "spinnet_feat_s": 486.24581689946353,
  "spinnet_ransac_s": 37.82451560162008,
  "spinnet_icp_s": 7.377226242795587,
  "spinnet_total_s": 531.4475587438792,
  "spinnet_ransac_fitness": 0.28476837739243416,
  "spinnet_ransac_rmse": 0.005496958191269584,
  "spinnet_icp_fitness": 0.4536529134271477,
  "spinnet_icp_rmse": 0.0034170962757752834,
  "spinnet_cov_5mm": 0.4536529134271477,
  "spinnet_cov_10mm": 0.8211729545132742,
  "spinnet_trimrmse_5mm": 0.0034170962757753007,
  "spinnet_trimrmse_10mm": 0.005402445282639011,
  "spinnet_chamfer": 0.012848264695081851,
  "fpfh_T_icp": [
    [
      0.9999129859183816,
      -0.004355788273684236,
      -0.012451815141055728,
      -0.010954685334136294
    ],
    [
      0.0042908012274314586,
      0.9999770599893365,
      -0.0052410418731879405,
      -0.0029817545998712053
    ],
    [
      0.012474358365016725,
      0.005187157565051328,
      0.9999087377254917,
      0.002752464018563764
    ],
    [
      0.0,
      0.0,
      0.0,
      1.0
    ]
  ],
  "spinnet_T_icp": [
    [
      -0.040263780103260684,
      -0.9744169412336524,
      0.22111185551359322,
      0.14078740534939002
    ],
    [
      0.008770560139005268,
      -0.22162743911601226,
      -0.975091972844482,
      -2.1710436634428643
    ],
    [
      0.999150591896263,
      -0.03732161394883555,
      0.017469740856970853,
      -0.042184631122483836
    ],
    [
      0.0,
      0.0,
      0.0,
      1.0
    ]
  ],
  "combine_w_fpfh": 1.0,
  "combine_w_spinnet": 1.0,
  "combine_feat_s": 488.955988147296,
  "combine_ransac_s": 309.1819187020883,
  "combine_icp_s": 8.160283010452986,
  "combine_total_s": 806.2981898598373,
  "combine_ransac_fitness": 0.2815951226825246,
  "combine_ransac_rmse": 0.005460079974111208,
  "combine_icp_fitness": 0.45324813188518603,
  "combine_icp_rmse": 0.003419887342999175,
  "combine_cov_5mm": 0.45324813188518603,
  "combine_cov_10mm": 0.820149001205545,
  "combine_trimrmse_5mm": 0.0034198873429991737,
  "combine_trimrmse_10mm": 0.005409676587933384,
  "combine_chamfer": 0.012959343228343603,
  "combine_T_icp": [
    [
      -0.03996123632355628,
      -0.9744424709990613,
      0.22105422480639875,
      0.14102315690421927
    ],
    [
      0.008760641653612292,
      -0.2215641182908347,
      -0.9751064519547786,
      -2.172230671996392
    ],
    [
      0.9991628249436234,
      -0.03702988251764308,
      0.017390717392323212,
      -0.041984899138753494
    ],
    [
      0.0,
      0.0,
      0.0,
      1.0
    ]
  ]
}