{
  "K": 20970,
  "seed": 1,
  "voxel_size": 0.005,
  "patch_radius": 0.3,
  "ref_support_n": 52425,
  "mov_support_n": 59566,
  "ref_kp_n": 20970,
  "mov_kp_n": 20970,
  "fpfh_feat_s": 0.39950636122375727,
  "fpfh_ransac_s": 3.547415629029274,
  "fpfh_icp_s": 5.592214257456362,
  "fpfh_total_s": 9.539136247709394,
  "fpfh_ransac_fitness": 0.0,
  "fpfh_ransac_rmse": 0.0,
  "fpfh_icp_fitness": 0.0,
  "fpfh_icp_rmse": 0.0,
  "fpfh_cov_5mm": 0.0,
  "fpfh_cov_10mm": 0.0,
  "fpfh_trimrmse_5mm": NaN,
  "fpfh_trimrmse_10mm": NaN,
  "fpfh_chamfer": 8.107914416820307,
  "spinnet_ref_feat_s": 117.53457787819207,
  "spinnet_mov_feat_s": 121.19759375881404,
  "spinnet_feat_s": 238.7321716370061,
  "spinnet_ransac_s": 15.152960079722106,
  "spinnet_icp_s": 5.806380267255008,
  "spinnet_total_s": 259.6915119839832,
  "spinnet_ransac_fitness": 0.43767286599904626,
  "spinnet_ransac_rmse": 0.004997737562203395,
  "spinnet_icp_fitness": 0.7907028524342994,
  "spinnet_icp_rmse": 0.0012211516185019417,
  "spinnet_cov_5mm": 0.7907028524342994,
  "spinnet_cov_10mm": 0.8165477421880936,
  "spinnet_trimrmse_5mm": 0.0012211516185019352,
  "spinnet_trimrmse_10mm": 0.0017575440368606439,
  "spinnet_chamfer": 0.016678726787434216,
  "fpfh_T_icp": [
    [
      1.0,
      0.0,
      0.0,
      0.0
    ],
    [
      0.0,
      1.0,
      0.0,
      0.0
    ],
    [
      0.0,
      0.0,
      1.0,
      0.0
    ],
    [
      0.0,
      0.0,
      0.0,
      1.0
    ]
  ],
  "spinnet_T_icp": [
    [
      0.4415918725744089,
      -0.043493849840266045,
      0.8961612037475732,
      4.248412745161012
    ],
    [
      0.8933242264914795,
      0.11424482192690877,
      -0.43464922296754366,
      -1.572192790831031
    ],
    [
      -0.08347720910300686,
      0.9925000784327231,
      0.08930369461232594,
      0.5782904184640522
    ],
    [
      0.0,
      0.0,
      0.0,
      1.0
    ]
  ]
}