{
  "K": 19629,
  "seed": 3,
  "voxel_size": 0.005,
  "patch_radius": 0.3,
  "ref_support_n": 196290,
  "mov_support_n": 400580,
  "ref_kp_n": 19629,
  "mov_kp_n": 19629,
  "fpfh_feat_s": 2.0984596824273467,
  "fpfh_ransac_s": 5.134527171961963,
  "fpfh_icp_s": 0.7580765355378389,
  "fpfh_total_s": 7.991063389927149,
  "fpfh_ransac_fitness": 0.0,
  "fpfh_ransac_rmse": 0.0,
  "fpfh_icp_fitness": 0.0,
  "fpfh_icp_rmse": 0.0,
  "fpfh_cov_5mm": 0.0,
  "fpfh_cov_10mm": 0.0,
  "fpfh_trimrmse_5mm": NaN,
  "fpfh_trimrmse_10mm": NaN,
  "fpfh_chamfer": 6.64051921124479,
  "spinnet_ref_feat_s": 103.1548564909026,
  "spinnet_mov_feat_s": 151.1233054669574,
  "spinnet_feat_s": 254.27816195786,
  "spinnet_ransac_s": 8.416763638146222,
  "spinnet_icp_s": 3.078944183886051,
  "spinnet_total_s": 265.77386977989227,
  "spinnet_ransac_fitness": 0.2488664730755515,
  "spinnet_ransac_rmse": 0.005523338317426235,
  "spinnet_icp_fitness": 0.6453209762740608,
  "spinnet_icp_rmse": 0.003360729147502003,
  "spinnet_cov_5mm": 0.6453209762740608,
  "spinnet_cov_10mm": 0.9507005045817046,
  "spinnet_trimrmse_5mm": 0.0033607291475019753,
  "spinnet_trimrmse_10mm": 0.004703555189373753,
  "spinnet_chamfer": 0.008422422048160001,
  "fpfh_T_icp": [
    [
      1.0,
      0.0,
      0.0,
      0.0
    ],
    [
      0.0,
      1.0,
      0.0,
      0.0
    ],
    [
      0.0,
      0.0,
      1.0,
      0.0
    ],
    [
      0.0,
      0.0,
      0.0,
      1.0
    ]
  ],
  "spinnet_T_icp": [
    [
      0.006934928524419941,
      -0.9183122398666398,
      0.3957960799167601,
      1.620740131762249
    ],
    [
      0.050936725668236746,
      -0.39496736832952434,
      -0.9172819784194228,
      -4.4634989495175805
    ],
    [
      0.9986778042715116,
      0.02652184130036041,
      0.04403674817102744,
      0.04504646179160084
    ],
    [
      0.0,
      0.0,
      0.0,
      1.0
    ]
  ],
  "combine_w_fpfh": 1.0,
  "combine_w_spinnet": 1.0,
  "combine_feat_s": 256.37662164028734,
  "combine_ransac_s": 29.019842472858727,
  "combine_icp_s": 5.117257989011705,
  "combine_total_s": 290.5137221021578,
  "combine_ransac_fitness": 0.24331346477151153,
  "combine_ransac_rmse": 0.00552026530754787,
  "combine_icp_fitness": 0.6426575492938746,
  "combine_icp_rmse": 0.0033586471086835693,
  "combine_cov_5mm": 0.6426575492938746,
  "combine_cov_10mm": 0.9512882732128461,
  "combine_trimrmse_5mm": 0.0033586471086835784,
  "combine_trimrmse_10mm": 0.004726555218314568,
  "combine_chamfer": 0.008444461815079466,
  "combine_T_icp": [
    [
      0.007087991713673783,
      -0.9183931737420317,
      0.39560553433629003,
      1.6195277435672848
    ],
    [
      0.051336250523686955,
      -0.3947596041402658,
      -0.9173491398160175,
      -4.462710794530359
    ],
    [
      0.9986562720754524,
      0.026811067920806276,
      0.04434880924342582,
      0.046835852772811805
    ],
    [
      0.0,
      0.0,
      0.0,
      1.0
    ]
  ]
}