{
  "K": 12289,
  "seed": 4,
  "voxel_size": 0.005,
  "patch_radius": 0.3,
  "ref_support_n": 61443,
  "mov_support_n": 65640,
  "ref_kp_n": 12289,
  "mov_kp_n": 12289,
  "fpfh_feat_s": 0.43238799553364515,
  "fpfh_ransac_s": 1.3596312617883086,
  "fpfh_icp_s": 2.8400274580344558,
  "fpfh_total_s": 4.6320467153564095,
  "fpfh_ransac_fitness": 0.7554723736675075,
  "fpfh_ransac_rmse": 0.004703187871201873,
  "fpfh_icp_fitness": 0.9862361699623352,
  "fpfh_icp_rmse": 0.0014637958369716764,
  "fpfh_cov_5mm": 0.9862361699623352,
  "fpfh_cov_10mm": 0.9974914665725048,
  "fpfh_trimrmse_5mm": 0.0014637958369716794,
  "fpfh_trimrmse_10mm": 0.0016230023539624905,
  "fpfh_chamfer": 0.002985621107692778,
  "spinnet_ref_feat_s": 70.79760413710028,
  "spinnet_mov_feat_s": 72.60751716606319,
  "spinnet_feat_s": 143.40512130316347,
  "spinnet_ransac_s": 5.848763150162995,
  "spinnet_icp_s": 2.967314607463777,
  "spinnet_total_s": 152.22119906079024,
  "spinnet_ransac_fitness": 0.6089999186264139,
  "spinnet_ransac_rmse": 0.005108043721202714,
  "spinnet_icp_fitness": 0.9862410742310107,
  "spinnet_icp_rmse": 0.0014638341976250355,
  "spinnet_cov_5mm": 0.9862410742310107,
  "spinnet_cov_10mm": 0.9974914665725048,
  "spinnet_trimrmse_5mm": 0.0014638341976250463,
  "spinnet_trimrmse_10mm": 0.0016229976746023741,
  "spinnet_chamfer": 0.0029856510766950823,
  "fpfh_T_icp": [
    [
      -0.9792732197382947,
      0.02104935409238597,
      0.20144698011061754,
      -0.039707878796017594
    ],
    [
      -0.20151359930612228,
      -0.0010712693650114448,
      -0.9794851309114596,
      -2.3207034015907935
    ],
    [
      -0.020401725370315597,
      -0.9997778638648893,
      0.005290796506507681,
      -0.8192707353505956
    ],
    [
      0.0,
      0.0,
      0.0,
      1.0
    ]
  ],
  "spinnet_T_icp": [
    [
      -0.9792730028208407,
      0.021051396759318473,
      0.20144782113673054,
      -0.039706277800762114
    ],
    [
      -0.20151444425167123,
      -0.0010709226876870195,
      -0.979484957455977,
      -2.3207002788217674
    ],
    [
      -0.02040379141714962,
      -0.9997778212278364,
      0.005290886194835813,
      -0.8192715753387708
    ],
    [
      0.0,
      0.0,
      0.0,
      1.0
    ]
  ]
}