{
  "K": 39258,
  "seed": 1,
  "voxel_size": 0.005,
  "patch_radius": 0.3,
  "ref_support_n": 196290,
  "mov_support_n": 400580,
  "ref_kp_n": 39258,
  "mov_kp_n": 39258,
  "fpfh_feat_s": 2.0484665166586637,
  "fpfh_ransac_s": 18.93959033768624,
  "fpfh_icp_s": 1.4711970249190927,
  "fpfh_total_s": 22.459253879263997,
  "fpfh_ransac_fitness": 0.0,
  "fpfh_ransac_rmse": 0.0,
  "fpfh_icp_fitness": 0.0,
  "fpfh_icp_rmse": 0.0,
  "fpfh_cov_5mm": 0.0,
  "fpfh_cov_10mm": 0.0,
  "fpfh_trimrmse_5mm": NaN,
  "fpfh_trimrmse_10mm": NaN,
  "fpfh_chamfer": 6.64051921124479,
  "spinnet_ref_feat_s": 197.91885704919696,
  "spinnet_mov_feat_s": 279.22688316646963,
  "spinnet_feat_s": 477.1457402156666,
  "spinnet_ransac_s": 27.416089112870395,
  "spinnet_icp_s": 3.2462929636240005,
  "spinnet_total_s": 507.808122292161,
  "spinnet_ransac_fitness": 0.40216006928524123,
  "spinnet_ransac_rmse": 0.0053568297135861125,
  "spinnet_icp_fitness": 0.6375892492941959,
  "spinnet_icp_rmse": 0.003310866299282992,
  "spinnet_cov_5mm": 0.6375892492941959,
  "spinnet_cov_10mm": 0.9300828336229352,
  "spinnet_trimrmse_5mm": 0.0033108662992829534,
  "spinnet_trimrmse_10mm": 0.004707354309645778,
  "spinnet_chamfer": 0.008754429454692281,
  "fpfh_T_icp": [
    [
      1.0,
      0.0,
      0.0,
      0.0
    ],
    [
      0.0,
      1.0,
      0.0,
      0.0
    ],
    [
      0.0,
      0.0,
      1.0,
      0.0
    ],
    [
      0.0,
      0.0,
      0.0,
      1.0
    ]
  ],
  "spinnet_T_icp": [
    [
      0.006111090974103049,
      -0.9181585704718696,
      0.3961659930334246,
      1.6234847317299101
    ],
    [
      0.05033866810947748,
      -0.3953886472316101,
      -0.917133488720874,
      -4.4669153170859435
    ],
    [
      0.9987135090004889,
      0.025547154624540828,
      0.04380262355749588,
      0.044429764197778464
    ],
    [
      0.0,
      0.0,
      0.0,
      1.0
    ]
  ]
}