{
  "K": 3072,
  "seed": 3,
  "voxel_size": 0.005,
  "patch_radius": 0.3,
  "ref_support_n": 61443,
  "mov_support_n": 65640,
  "ref_kp_n": 3072,
  "mov_kp_n": 3072,
  "fpfh_feat_s": 0.3881636243313551,
  "fpfh_ransac_s": 0.22318378649652004,
  "fpfh_icp_s": 2.267282987944782,
  "fpfh_total_s": 2.878630398772657,
  "fpfh_ransac_fitness": 0.3203125,
  "fpfh_ransac_rmse": 0.005409783980642843,
  "fpfh_icp_fitness": 0.9862631434400502,
  "fpfh_icp_rmse": 0.0014643118240529188,
  "fpfh_cov_5mm": 0.9862631434400502,
  "fpfh_cov_10mm": 0.9974963708411801,
  "fpfh_trimrmse_5mm": 0.0014643118240529312,
  "fpfh_trimrmse_10mm": 0.0016234750429328696,
  "fpfh_chamfer": 0.002987554866435026,
  "spinnet_ref_feat_s": 17.799311480484903,
  "spinnet_mov_feat_s": 18.333949457854033,
  "spinnet_feat_s": 36.133260938338935,
  "spinnet_ransac_s": 0.5118846902623773,
  "spinnet_icp_s": 1.7499774498865008,
  "spinnet_total_s": 38.39512307848781,
  "spinnet_ransac_fitness": 0.0,
  "spinnet_ransac_rmse": 0.0,
  "spinnet_icp_fitness": 0.0,
  "spinnet_icp_rmse": 0.0,
  "spinnet_cov_5mm": 0.0,
  "spinnet_cov_10mm": 0.0,
  "spinnet_trimrmse_5mm": NaN,
  "spinnet_trimrmse_10mm": NaN,
  "spinnet_chamfer": 3.435376785446324,
  "fpfh_T_icp": [
    [
      -0.9792788129779936,
      0.021145572296444128,
      0.20140970985696433,
      -0.039746802081373045
    ],
    [
      -0.20147541865377003,
      -0.0010023934260308767,
      -0.979493058110014,
      -2.3205895756729986
    ],
    [
      -0.02051004950503092,
      -0.9997759048805274,
      0.005241935675480266,
      -0.8194227884286249
    ],
    [
      0.0,
      0.0,
      0.0,
      1.0
    ]
  ],
  "spinnet_T_icp": [
    [
      1.0,
      0.0,
      0.0,
      0.0
    ],
    [
      0.0,
      1.0,
      0.0,
      0.0
    ],
    [
      0.0,
      0.0,
      1.0,
      0.0
    ],
    [
      0.0,
      0.0,
      0.0,
      1.0
    ]
  ],
  "combine_w_fpfh": 1.0,
  "combine_w_spinnet": 1.0,
  "combine_feat_s": 36.52142456267029,
  "combine_ransac_s": 0.84274547919631,
  "combine_icp_s": 16.002653053961694,
  "combine_total_s": 53.366823095828295,
  "combine_ransac_fitness": 0.007486979166666667,
  "combine_ransac_rmse": 0.005291721562368301,
  "combine_icp_fitness": 0.020543981481481483,
  "combine_icp_rmse": 0.0028684299862329872,
  "combine_cov_5mm": 0.020543981481481483,
  "combine_cov_10mm": 0.0395431183301946,
  "combine_trimrmse_5mm": 0.0028684299862329695,
  "combine_trimrmse_10mm": 0.005683105549324037,
  "combine_chamfer": 0.30298492779776043,
  "combine_T_icp": [
    [
      0.949906905949153,
      -0.3121490794259324,
      0.015486195261429506,
      0.10948480531514498
    ],
    [
      -0.07086794440515479,
      -0.2633900218147314,
      -0.9620828607060037,
      -2.361710410113832
    ],
    [
      0.3043921886085845,
      0.9127916786551017,
      -0.2723173642867836,
      -0.45759929830592166
    ],
    [
      0.0,
      0.0,
      0.0,
      1.0
    ]
  ]
}