{
  "K": 20970,
  "seed": 2,
  "voxel_size": 0.005,
  "patch_radius": 0.3,
  "ref_support_n": 52425,
  "mov_support_n": 59566,
  "ref_kp_n": 20970,
  "mov_kp_n": 20970,
  "fpfh_feat_s": 0.3506265562027693,
  "fpfh_ransac_s": 3.5107217486947775,
  "fpfh_icp_s": 5.28140913695097,
  "fpfh_total_s": 9.142757441848516,
  "fpfh_ransac_fitness": 0.0,
  "fpfh_ransac_rmse": 0.0,
  "fpfh_icp_fitness": 0.0,
  "fpfh_icp_rmse": 0.0,
  "fpfh_cov_5mm": 0.0,
  "fpfh_cov_10mm": 0.0,
  "fpfh_trimrmse_5mm": NaN,
  "fpfh_trimrmse_10mm": NaN,
  "fpfh_chamfer": 8.107914416820307,
  "spinnet_ref_feat_s": 117.8937376420945,
  "spinnet_mov_feat_s": 122.58099865633994,
  "spinnet_feat_s": 240.47473629843444,
  "spinnet_ransac_s": 14.900414254516363,
  "spinnet_icp_s": 27.263966814614832,
  "spinnet_total_s": 282.63911736756563,
  "spinnet_ransac_fitness": 0.5580829756795422,
  "spinnet_ransac_rmse": 0.004821482532472505,
  "spinnet_icp_fitness": 0.7907040212252435,
  "spinnet_icp_rmse": 0.001221437550080586,
  "spinnet_cov_5mm": 0.7907040212252435,
  "spinnet_cov_10mm": 0.8165471577926214,
  "spinnet_trimrmse_5mm": 0.0012214375500805748,
  "spinnet_trimrmse_10mm": 0.0017577387794151678,
  "spinnet_chamfer": 0.016677498964385758,
  "fpfh_T_icp": [
    [
      1.0,
      0.0,
      0.0,
      0.0
    ],
    [
      0.0,
      1.0,
      0.0,
      0.0
    ],
    [
      0.0,
      0.0,
      1.0,
      0.0
    ],
    [
      0.0,
      0.0,
      0.0,
      1.0
    ]
  ],
  "spinnet_T_icp": [
    [
      0.4415956596730693,
      -0.04350424532023993,
      0.896158833018474,
      4.248344633193566
    ],
    [
      0.8933229237620905,
      0.11424351385777338,
      -0.43465224423966803,
      -1.57215823974022
    ],
    [
      -0.08347111619631667,
      0.9924997733906834,
      0.08931277949093296,
      0.5783275134821284
    ],
    [
      0.0,
      0.0,
      0.0,
      1.0
    ]
  ],
  "combine_w_fpfh": 1.0,
  "combine_w_spinnet": 1.0,
  "combine_feat_s": 240.8253628546372,
  "combine_ransac_s": 37.814936818555,
  "combine_icp_s": 20.19973695743829,
  "combine_total_s": 298.8400366306305,
  "combine_ransac_fitness": 0.7059608965188364,
  "combine_ransac_rmse": 0.004568067543399201,
  "combine_icp_fitness": 0.7907040212252435,
  "combine_icp_rmse": 0.0012213382483592888,
  "combine_cov_5mm": 0.7907040212252435,
  "combine_cov_10mm": 0.8165442358152609,
  "combine_trimrmse_5mm": 0.0012213382483592973,
  "combine_trimrmse_10mm": 0.001757552090090522,
  "combine_chamfer": 0.0166776406470102,
  "combine_T_icp": [
    [
      0.4415949045802608,
      -0.04350455259246508,
      0.8961591901846918,
      4.2483570636836
    ],
    [
      0.8933234454681815,
      0.11424181423847023,
      -0.4346516187205124,
      -1.5721663263298875
    ],
    [
      -0.08346952752715062,
      0.9924999555583034,
      0.08931223987316592,
      0.5783268330095719
    ],
    [
      0.0,
      0.0,
      0.0,
      1.0
    ]
  ]
}