{
  "K": 21316,
  "seed": 3,
  "voxel_size": 0.005,
  "patch_radius": 0.3,
  "ref_support_n": 213157,
  "mov_support_n": 400580,
  "ref_kp_n": 21316,
  "mov_kp_n": 21316,
  "fpfh_feat_s": 2.164592046290636,
  "fpfh_ransac_s": 5.4433537144213915,
  "fpfh_icp_s": 1.588512702845037,
  "fpfh_total_s": 9.196458463557065,
  "fpfh_ransac_fitness": 0.0,
  "fpfh_ransac_rmse": 0.0,
  "fpfh_icp_fitness": 0.0,
  "fpfh_icp_rmse": 0.0,
  "fpfh_cov_5mm": 0.0,
  "fpfh_cov_10mm": 0.0,
  "fpfh_trimrmse_5mm": NaN,
  "fpfh_trimrmse_10mm": NaN,
  "fpfh_chamfer": 6.9438705283903115,
  "spinnet_ref_feat_s": 104.06668321136385,
  "spinnet_mov_feat_s": 150.47884320095181,
  "spinnet_feat_s": 254.54552641231567,
  "spinnet_ransac_s": 18.270664318464696,
  "spinnet_icp_s": 1.5922045903280377,
  "spinnet_total_s": 274.4083953211084,
  "spinnet_ransac_fitness": 0.0,
  "spinnet_ransac_rmse": 0.0,
  "spinnet_icp_fitness": 0.0,
  "spinnet_icp_rmse": 0.0,
  "spinnet_cov_5mm": 0.0,
  "spinnet_cov_10mm": 0.0,
  "spinnet_trimrmse_5mm": NaN,
  "spinnet_trimrmse_10mm": NaN,
  "spinnet_chamfer": 6.9438705283903115,
  "fpfh_T_icp": [
    [
      1.0,
      0.0,
      0.0,
      0.0
    ],
    [
      0.0,
      1.0,
      0.0,
      0.0
    ],
    [
      0.0,
      0.0,
      1.0,
      0.0
    ],
    [
      0.0,
      0.0,
      0.0,
      1.0
    ]
  ],
  "spinnet_T_icp": [
    [
      1.0,
      0.0,
      0.0,
      0.0
    ],
    [
      0.0,
      1.0,
      0.0,
      0.0
    ],
    [
      0.0,
      0.0,
      1.0,
      0.0
    ],
    [
      0.0,
      0.0,
      0.0,
      1.0
    ]
  ]
}