{
  "K": 20970,
  "seed": 1,
  "voxel_size": 0.005,
  "patch_radius": 0.3,
  "ref_support_n": 52425,
  "mov_support_n": 59566,
  "ref_kp_n": 20970,
  "mov_kp_n": 20970,
  "fpfh_feat_s": 0.3385032406076789,
  "fpfh_ransac_s": 3.596617807634175,
  "fpfh_icp_s": 5.126121896319091,
  "fpfh_total_s": 9.061242944560945,
  "fpfh_ransac_fitness": 0.0,
  "fpfh_ransac_rmse": 0.0,
  "fpfh_icp_fitness": 0.0,
  "fpfh_icp_rmse": 0.0,
  "fpfh_cov_5mm": 0.0,
  "fpfh_cov_10mm": 0.0,
  "fpfh_trimrmse_5mm": NaN,
  "fpfh_trimrmse_10mm": NaN,
  "fpfh_chamfer": 8.107914416820307,
  "spinnet_ref_feat_s": 117.60034955665469,
  "spinnet_mov_feat_s": 121.90015429444611,
  "spinnet_feat_s": 239.5005038511008,
  "spinnet_ransac_s": 14.78236758429557,
  "spinnet_icp_s": 52.432691720314324,
  "spinnet_total_s": 306.7155631557107,
  "spinnet_ransac_fitness": 0.44687649022412973,
  "spinnet_ransac_rmse": 0.004907680271703815,
  "spinnet_icp_fitness": 0.7907046056207157,
  "spinnet_icp_rmse": 0.0012244579860191504,
  "spinnet_cov_5mm": 0.7907046056207157,
  "spinnet_cov_10mm": 0.8165752087752824,
  "spinnet_trimrmse_5mm": 0.0012244579860190704,
  "spinnet_trimrmse_10mm": 0.0017602578430253486,
  "spinnet_chamfer": 0.0166849186665379,
  "fpfh_T_icp": [
    [
      1.0,
      0.0,
      0.0,
      0.0
    ],
    [
      0.0,
      1.0,
      0.0,
      0.0
    ],
    [
      0.0,
      0.0,
      1.0,
      0.0
    ],
    [
      0.0,
      0.0,
      0.0,
      1.0
    ]
  ],
  "spinnet_T_icp": [
    [
      0.4415969359848832,
      -0.043501308121073265,
      0.8961583466779273,
      4.248592254577457
    ],
    [
      0.8933263320233942,
      0.11419419076888601,
      -0.43465820055333754,
      -1.5724463016887977
    ],
    [
      -0.08342787689004685,
      0.9925055783150046,
      0.08928866877283231,
      0.578256985477436
    ],
    [
      0.0,
      0.0,
      0.0,
      1.0
    ]
  ],
  "combine_w_fpfh": 1.0,
  "combine_w_spinnet": 1.0,
  "combine_feat_s": 239.83900709170848,
  "combine_ransac_s": 39.21769462246448,
  "combine_icp_s": 16.970540029928088,
  "combine_total_s": 296.02724174410105,
  "combine_ransac_fitness": 0.48082975679542206,
  "combine_ransac_rmse": 0.004937828793034706,
  "combine_icp_fitness": 0.7906975928750504,
  "combine_icp_rmse": 0.001221549022379978,
  "combine_cov_5mm": 0.7906975928750504,
  "combine_cov_10mm": 0.8165407294424283,
  "combine_trimrmse_5mm": 0.0012215490223800045,
  "combine_trimrmse_10mm": 0.0017578627526304944,
  "combine_chamfer": 0.016678323173098197,
  "combine_T_icp": [
    [
      0.4415514547413013,
      -0.04355950967873087,
      0.896177929840045,
      4.248384918717169
    ],
    [
      0.8933476942893153,
      0.11423069279572988,
      -0.4346047007699823,
      -1.5719158799258264
    ],
    [
      -0.08343985812425969,
      0.992498825157974,
      0.08935251611592862,
      0.5785275181561536
    ],
    [
      0.0,
      0.0,
      0.0,
      1.0
    ]
  ]
}