{
  "K": 44803,
  "seed": 0,
  "voxel_size": 0.005,
  "patch_radius": 0.3,
  "ref_support_n": 451634,
  "mov_support_n": 448032,
  "ref_kp_n": 44803,
  "mov_kp_n": 44803,
  "fpfh_feat_s": 3.964130242355168,
  "fpfh_ransac_s": 23.156449605710804,
  "fpfh_icp_s": 51.291495306417346,
  "fpfh_total_s": 78.41207515448332,
  "fpfh_ransac_fitness": 0.0,
  "fpfh_ransac_rmse": 0.0,
  "fpfh_icp_fitness": 0.0014957126374105915,
  "fpfh_icp_rmse": 0.0031637015049261036,
  "fpfh_cov_5mm": 0.0014957126374105915,
  "fpfh_cov_10mm": 0.0028360889516639803,
  "fpfh_trimrmse_5mm": 0.0031637015049261075,
  "fpfh_trimrmse_10mm": 0.00564909163240755,
  "fpfh_chamfer": 2.054539251624269,
  "spinnet_ref_feat_s": 355.4249330088496,
  "spinnet_mov_feat_s": 377.2663978859782,
  "spinnet_feat_s": 732.6913308948278,
  "spinnet_ransac_s": 45.50244238320738,
  "spinnet_icp_s": 10.21424128767103,
  "spinnet_total_s": 788.4080145657063,
  "spinnet_ransac_fitness": 0.4587192821909247,
  "spinnet_ransac_rmse": 0.005201744207763218,
  "spinnet_icp_fitness": 0.8891010751035109,
  "spinnet_icp_rmse": 0.0021652850184597262,
  "spinnet_cov_5mm": 0.8891010751035109,
  "spinnet_cov_10mm": 0.9594131810076523,
  "spinnet_trimrmse_5mm": 0.002165285018459731,
  "spinnet_trimrmse_10mm": 0.0028146253205260123,
  "spinnet_chamfer": 0.0058402153848897236,
  "fpfh_T_icp": [
    [
      0.999781600568987,
      0.015095177379049092,
      0.014452916094433516,
      0.007742069622970668
    ],
    [
      -0.014139258000848849,
      0.9978432273766851,
      -0.0641012867396413,
      -0.006172468686168648
    ],
    [
      -0.015389364734232382,
      0.06388293354556945,
      0.9978387335911106,
      0.006605978914385311
    ],
    [
      0.0,
      0.0,
      0.0,
      1.0
    ]
  ],
  "spinnet_T_icp": [
    [
      0.007162471455699898,
      -0.9993675098842165,
      0.03483215741923556,
      -0.3748401241191874
    ],
    [
      -0.00700149804868896,
      -0.034882315969433926,
      -0.9993669011217454,
      0.9613360711917901
    ],
    [
      0.9999498377557394,
      0.0069140596208533715,
      -0.007246913262817342,
      -0.10581323951537044
    ],
    [
      0.0,
      0.0,
      0.0,
      1.0
    ]
  ],
  "combine_w_fpfh": 1.0,
  "combine_w_spinnet": 1.0,
  "combine_feat_s": 736.655461137183,
  "combine_ransac_s": 405.899484581314,
  "combine_icp_s": 8.729092470370233,
  "combine_total_s": 1151.2840381888673,
  "combine_ransac_fitness": 0.4485860321853447,
  "combine_ransac_rmse": 0.0052141349001870434,
  "combine_icp_fitness": 0.8890530329417097,
  "combine_icp_rmse": 0.0021650324411849426,
  "combine_cov_5mm": 0.8890530329417097,
  "combine_cov_10mm": 0.9593947648456286,
  "combine_trimrmse_5mm": 0.002165032441184994,
  "combine_trimrmse_10mm": 0.0028146528377115537,
  "combine_chamfer": 0.0058402419513035875,
  "combine_T_icp": [
    [
      0.007162003637722346,
      -0.999367509482403,
      0.03483226514088983,
      -0.3748407372181218
    ],
    [
      -0.007002244219943622,
      -0.03488242545959375,
      -0.9993668920721478,
      0.9613246095469103
    ],
    [
      0.9999498358816764,
      0.006913565289189747,
      -0.007247643424906618,
      -0.10580882561744677
    ],
    [
      0.0,
      0.0,
      0.0,
      1.0
    ]
  ]
}