{
  "K": 5242,
  "seed": 2,
  "voxel_size": 0.005,
  "patch_radius": 0.3,
  "ref_support_n": 52425,
  "mov_support_n": 59566,
  "ref_kp_n": 5242,
  "mov_kp_n": 5242,
  "fpfh_feat_s": 0.356785929761827,
  "fpfh_ransac_s": 0.40729472879320383,
  "fpfh_icp_s": 4.743222435936332,
  "fpfh_total_s": 5.507303094491363,
  "fpfh_ransac_fitness": 0.0,
  "fpfh_ransac_rmse": 0.0,
  "fpfh_icp_fitness": 0.0,
  "fpfh_icp_rmse": 0.0,
  "fpfh_cov_5mm": 0.0,
  "fpfh_cov_10mm": 0.0,
  "fpfh_trimrmse_5mm": NaN,
  "fpfh_trimrmse_10mm": NaN,
  "fpfh_chamfer": 8.107914416820307,
  "spinnet_ref_feat_s": 29.44597921986133,
  "spinnet_mov_feat_s": 30.685014526359737,
  "spinnet_feat_s": 60.130993746221066,
  "spinnet_ransac_s": 1.2351110726594925,
  "spinnet_icp_s": 24.517603806219995,
  "spinnet_total_s": 85.88370862510055,
  "spinnet_ransac_fitness": 0.39603204883632204,
  "spinnet_ransac_rmse": 0.005468601515316078,
  "spinnet_icp_fitness": 0.7907016836433551,
  "spinnet_icp_rmse": 0.0012214268284045052,
  "spinnet_cov_5mm": 0.7907016836433551,
  "spinnet_cov_10mm": 0.8165483265835656,
  "spinnet_trimrmse_5mm": 0.0012214268284044916,
  "spinnet_trimrmse_10mm": 0.0017577951565690183,
  "spinnet_chamfer": 0.01667748336630227,
  "fpfh_T_icp": [
    [
      1.0,
      0.0,
      0.0,
      0.0
    ],
    [
      0.0,
      1.0,
      0.0,
      0.0
    ],
    [
      0.0,
      0.0,
      1.0,
      0.0
    ],
    [
      0.0,
      0.0,
      0.0,
      1.0
    ]
  ],
  "spinnet_T_icp": [
    [
      0.44159555955877916,
      -0.043504447503620404,
      0.8961588725362151,
      4.24834295891086
    ],
    [
      0.8933229589441709,
      0.11424377095369585,
      -0.4346521043564679,
      -1.5721557205792431
    ],
    [
      -0.0834712693158352,
      0.9924997349348221,
      0.08931306373156832,
      0.5783286065631366
    ],
    [
      0.0,
      0.0,
      0.0,
      1.0
    ]
  ],
  "combine_w_fpfh": 1.0,
  "combine_w_spinnet": 1.0,
  "combine_feat_s": 60.48777967598289,
  "combine_ransac_s": 2.1862578690052032,
  "combine_icp_s": 51.33708137460053,
  "combine_total_s": 114.01111891958863,
  "combine_ransac_fitness": 0.10396795116367799,
  "combine_ransac_rmse": 0.005560247500735532,
  "combine_icp_fitness": 0.790701099247883,
  "combine_icp_rmse": 0.0012215049017067184,
  "combine_cov_5mm": 0.790701099247883,
  "combine_cov_10mm": 0.8165459890016772,
  "combine_trimrmse_5mm": 0.0012215049017066642,
  "combine_trimrmse_10mm": 0.0017577951956243602,
  "combine_chamfer": 0.016677423095710426,
  "combine_T_icp": [
    [
      0.44159521142940206,
      -0.043505265669333534,
      0.8961590043634351,
      4.248335274271465
    ],
    [
      0.8933230538717422,
      0.11424504671602906,
      -0.43465157393263737,
      -1.5721451113165665
    ],
    [
      -0.08347209512095817,
      0.9924995522215154,
      0.08931432234655766,
      0.5783333608058577
    ],
    [
      0.0,
      0.0,
      0.0,
      1.0
    ]
  ]
}