{
  "K": 80045,
  "seed": 1,
  "voxel_size": 0.005,
  "patch_radius": 0.3,
  "ref_support_n": 200112,
  "mov_support_n": 457980,
  "ref_kp_n": 80045,
  "mov_kp_n": 80045,
  "fpfh_feat_s": 2.228116256184876,
  "fpfh_ransac_s": 122.44222333934158,
  "fpfh_icp_s": 6.167797141708434,
  "fpfh_total_s": 130.8381367372349,
  "fpfh_ransac_fitness": 0.0,
  "fpfh_ransac_rmse": 0.0,
  "fpfh_icp_fitness": 0.0012199443705367035,
  "fpfh_icp_rmse": 0.003561943380193052,
  "fpfh_cov_5mm": 0.0012199443705367035,
  "fpfh_cov_10mm": 0.0033374478123797554,
  "fpfh_trimrmse_5mm": 0.0035619433801930603,
  "fpfh_trimrmse_10mm": 0.006420014478097013,
  "fpfh_chamfer": 2.0749589498997993,
  "spinnet_ref_feat_s": 384.8539599124342,
  "spinnet_mov_feat_s": 548.6714445790276,
  "spinnet_feat_s": 933.5254044914618,
  "spinnet_ransac_s": 257.28238851297647,
  "spinnet_icp_s": 5.491747032850981,
  "spinnet_total_s": 1196.2995400372893,
  "spinnet_ransac_fitness": 0.3703666687488288,
  "spinnet_ransac_rmse": 0.005326579785072842,
  "spinnet_icp_fitness": 0.45206018605551584,
  "spinnet_icp_rmse": 0.0034130712763046707,
  "spinnet_cov_5mm": 0.45206018605551584,
  "spinnet_cov_10mm": 0.8202785952960545,
  "spinnet_trimrmse_5mm": 0.0034130712763046364,
  "spinnet_trimrmse_10mm": 0.00540496635520733,
  "spinnet_chamfer": 0.012841408154075265,
  "fpfh_T_icp": [
    [
      0.9993335391745972,
      0.011278514123827108,
      -0.034717036162852405,
      -0.021136609419754992
    ],
    [
      -0.010776419093213222,
      0.9998351099461319,
      0.014615803451538243,
      0.008799809587165232
    ],
    [
      0.03487615621454861,
      -0.014231937259740864,
      0.9992903010084375,
      -0.0057443149863738085
    ],
    [
      0.0,
      0.0,
      0.0,
      1.0
    ]
  ],
  "spinnet_T_icp": [
    [
      -0.04040036748475235,
      -0.974385589932725,
      0.22122507190314636,
      0.14102631342903532
    ],
    [
      0.008503429743962334,
      -0.22173310520392642,
      -0.975070316305041,
      -2.1706494429405305
    ],
    [
      0.9991473875208238,
      -0.037512027245666046,
      0.017243718341296198,
      -0.04344391266452051
    ],
    [
      0.0,
      0.0,
      0.0,
      1.0
    ]
  ]
}