{
  "K": 2621,
  "seed": 0,
  "voxel_size": 0.005,
  "patch_radius": 0.3,
  "ref_support_n": 52425,
  "mov_support_n": 59566,
  "ref_kp_n": 2621,
  "mov_kp_n": 2621,
  "fpfh_feat_s": 0.3623046176508069,
  "fpfh_ransac_s": 0.19231344014406204,
  "fpfh_icp_s": 5.532557464204729,
  "fpfh_total_s": 6.0871755219995975,
  "fpfh_ransac_fitness": 0.0,
  "fpfh_ransac_rmse": 0.0,
  "fpfh_icp_fitness": 0.0,
  "fpfh_icp_rmse": 0.0,
  "fpfh_cov_5mm": 0.0,
  "fpfh_cov_10mm": 0.0,
  "fpfh_trimrmse_5mm": NaN,
  "fpfh_trimrmse_10mm": NaN,
  "fpfh_chamfer": 8.107914416820307,
  "spinnet_ref_feat_s": 14.952839034609497,
  "spinnet_mov_feat_s": 15.115072273649275,
  "spinnet_feat_s": 30.067911308258772,
  "spinnet_ransac_s": 0.3639635117724538,
  "spinnet_icp_s": 44.144836644642055,
  "spinnet_total_s": 74.57671146467328,
  "spinnet_ransac_fitness": 0.08088515833651277,
  "spinnet_ransac_rmse": 0.005750924699709156,
  "spinnet_icp_fitness": 0.7895510089587826,
  "spinnet_icp_rmse": 0.0014571473318477181,
  "spinnet_cov_5mm": 0.7895510089587826,
  "spinnet_cov_10mm": 0.816853965415476,
  "spinnet_trimrmse_5mm": 0.0014571473318481286,
  "spinnet_trimrmse_10mm": 0.001943296450845247,
  "spinnet_chamfer": 0.016929904932987037,
  "fpfh_T_icp": [
    [
      1.0,
      0.0,
      0.0,
      0.0
    ],
    [
      0.0,
      1.0,
      0.0,
      0.0
    ],
    [
      0.0,
      0.0,
      1.0,
      0.0
    ],
    [
      0.0,
      0.0,
      0.0,
      1.0
    ]
  ],
  "spinnet_T_icp": [
    [
      0.4421944829613317,
      -0.043269928332343575,
      0.8958748531690542,
      4.248990000317404
    ],
    [
      0.8930792893621483,
      0.11356806760294183,
      -0.435329389007148,
      -1.5775564597435998
    ],
    [
      -0.08290610442517693,
      0.9925875313155272,
      0.08886264978040108,
      0.576590067623374
    ],
    [
      0.0,
      0.0,
      0.0,
      1.0
    ]
  ],
  "combine_w_fpfh": 1.0,
  "combine_w_spinnet": 1.0,
  "combine_feat_s": 30.43021592590958,
  "combine_ransac_s": 0.6172425197437406,
  "combine_icp_s": 22.680025288835168,
  "combine_total_s": 53.72748373448849,
  "combine_ransac_fitness": 0.2537199542159481,
  "combine_ransac_rmse": 0.005444496208065912,
  "combine_icp_fitness": 0.790701099247883,
  "combine_icp_rmse": 0.0012214455651489888,
  "combine_cov_5mm": 0.790701099247883,
  "combine_cov_10mm": 0.8165483265835656,
  "combine_trimrmse_5mm": 0.001221445565148981,
  "combine_trimrmse_10mm": 0.0017578210770549075,
  "combine_chamfer": 0.01667747254700817,
  "combine_T_icp": [
    [
      0.441595368780261,
      -0.043504987016115146,
      0.8961589403540846,
      4.248340523552264
    ],
    [
      0.893323031617199,
      0.11424426874049082,
      -0.4346518241560767,
      -1.572151740317996
    ],
    [
      -0.08347150084956452,
      0.9924996539871874,
      0.08931374687719143,
      0.5783314579985104
    ],
    [
      0.0,
      0.0,
      0.0,
      1.0
    ]
  ]
}