{
  "K": 22402,
  "seed": 1,
  "voxel_size": 0.005,
  "patch_radius": 0.3,
  "ref_support_n": 451634,
  "mov_support_n": 448032,
  "ref_kp_n": 22402,
  "mov_kp_n": 22402,
  "fpfh_feat_s": 3.742807324975729,
  "fpfh_ransac_s": 6.175031364895403,
  "fpfh_icp_s": 52.637962417677045,
  "fpfh_total_s": 62.55580110754818,
  "fpfh_ransac_fitness": 0.0,
  "fpfh_ransac_rmse": 0.0,
  "fpfh_icp_fitness": 0.0014957126374105915,
  "fpfh_icp_rmse": 0.003163701504926107,
  "fpfh_cov_5mm": 0.0014957126374105915,
  "fpfh_cov_10mm": 0.0028360889516639803,
  "fpfh_trimrmse_5mm": 0.003163701504926104,
  "fpfh_trimrmse_10mm": 0.0056490916324075284,
  "fpfh_chamfer": 2.0545392516242678,
  "spinnet_ref_feat_s": 191.81768993660808,
  "spinnet_mov_feat_s": 176.75870398432016,
  "spinnet_feat_s": 368.57639392092824,
  "spinnet_ransac_s": 9.540402918122709,
  "spinnet_icp_s": 8.299705659039319,
  "spinnet_total_s": 386.41650249809027,
  "spinnet_ransac_fitness": 0.2616730649049192,
  "spinnet_ransac_rmse": 0.005383597015641471,
  "spinnet_icp_fitness": 0.8890722498064301,
  "spinnet_icp_rmse": 0.0021651323423991344,
  "spinnet_cov_5mm": 0.8890722498064301,
  "spinnet_cov_10mm": 0.959401170467202,
  "spinnet_trimrmse_5mm": 0.002165132342399158,
  "spinnet_trimrmse_10mm": 0.0028146154209959273,
  "spinnet_chamfer": 0.005840232881810242,
  "fpfh_T_icp": [
    [
      0.9997816005689807,
      0.015095177379049795,
      0.014452916094433057,
      0.007742069622970248
    ],
    [
      -0.014139258000848295,
      0.9978432273766819,
      -0.06410128673964115,
      -0.006172468686169682
    ],
    [
      -0.015389364734233423,
      0.06388293354557018,
      0.9978387335911097,
      0.006605978914385273
    ],
    [
      0.0,
      0.0,
      0.0,
      1.0
    ]
  ],
  "spinnet_T_icp": [
    [
      0.007162344567303788,
      -0.9993675180524885,
      0.0348319491547252,
      -0.3748399309612177
    ],
    [
      -0.00700138998032967,
      -0.03488210603824048,
      -0.9993669092063675,
      0.9613300794921543
    ],
    [
      0.9999498394212843,
      0.006913938093089824,
      -0.0072467993902387015,
      -0.10581134214048675
    ],
    [
      0.0,
      0.0,
      0.0,
      1.0
    ]
  ],
  "combine_w_fpfh": 1.0,
  "combine_w_spinnet": 1.0,
  "combine_feat_s": 372.31920124590397,
  "combine_ransac_s": 36.5696335490793,
  "combine_icp_s": 8.807038334198296,
  "combine_total_s": 417.69587312918156,
  "combine_ransac_fitness": 0.2695295062940809,
  "combine_ransac_rmse": 0.005317472321350775,
  "combine_icp_fitness": 0.889052232239013,
  "combine_icp_rmse": 0.0021650286122867008,
  "combine_cov_5mm": 0.889052232239013,
  "combine_cov_10mm": 0.9593955655483252,
  "combine_trimrmse_5mm": 0.0021650286122867246,
  "combine_trimrmse_10mm": 0.002814689600977149,
  "combine_chamfer": 0.00584024221014062,
  "combine_T_icp": [
    [
      0.007162053363315134,
      -0.9993675054193639,
      0.03483237148849232,
      -0.3748409009349248
    ],
    [
      -0.007002271224514717,
      -0.03488253235425065,
      -0.9993668881518217,
      0.9613237777360959
    ],
    [
      0.9999498353364173,
      0.0069136132699182,
      -0.007247672884081609,
      -0.10580846160772055
    ],
    [
      0.0,
      0.0,
      0.0,
      1.0
    ]
  ]
}