{
  "K": 10006,
  "seed": 3,
  "voxel_size": 0.005,
  "patch_radius": 0.3,
  "ref_support_n": 200112,
  "mov_support_n": 457980,
  "ref_kp_n": 10006,
  "mov_kp_n": 10006,
  "fpfh_feat_s": 2.794237293303013,
  "fpfh_ransac_s": 2.0557238152250648,
  "fpfh_icp_s": 5.712673983536661,
  "fpfh_total_s": 10.562635092064738,
  "fpfh_ransac_fitness": 0.0,
  "fpfh_ransac_rmse": 0.0,
  "fpfh_icp_fitness": 0.0011591471428902842,
  "fpfh_icp_rmse": 0.0035216234483522423,
  "fpfh_cov_5mm": 0.0011591471428902842,
  "fpfh_cov_10mm": 0.0032822503293849802,
  "fpfh_trimrmse_5mm": 0.0035216234483522414,
  "fpfh_trimrmse_10mm": 0.006468548816129201,
  "fpfh_chamfer": 2.0708245160856578,
  "spinnet_ref_feat_s": 48.38794715516269,
  "spinnet_mov_feat_s": 71.9635313861072,
  "spinnet_feat_s": 120.3514785412699,
  "spinnet_ransac_s": 3.005308504216373,
  "spinnet_icp_s": 8.420741747133434,
  "spinnet_total_s": 131.7775287926197,
  "spinnet_ransac_fitness": 0.07665400759544273,
  "spinnet_ransac_rmse": 0.005683228938283967,
  "spinnet_icp_fitness": 0.45204738663916927,
  "spinnet_icp_rmse": 0.003424271266203727,
  "spinnet_cov_5mm": 0.45204738663916927,
  "spinnet_cov_10mm": 0.817049942522621,
  "spinnet_trimrmse_5mm": 0.0034242712662036607,
  "spinnet_trimrmse_10mm": 0.005407896278501822,
  "spinnet_chamfer": 0.013109350455069651,
  "fpfh_T_icp": [
    [
      0.9999129859183814,
      -0.004355788273684231,
      -0.012451815141055938,
      -0.010954685334136582
    ],
    [
      0.0042908012274314716,
      0.9999770599893356,
      -0.005241041873188219,
      -0.0029817545998715314
    ],
    [
      0.012474358365016942,
      0.005187157565051428,
      0.9999087377254903,
      0.0027524640185659787
    ],
    [
      0.0,
      0.0,
      0.0,
      1.0
    ]
  ],
  "spinnet_T_icp": [
    [
      -0.0396588049923734,
      -0.9744697626778936,
      0.22098837257442838,
      0.14126632263446698
    ],
    [
      0.008733965212336743,
      -0.22149198379603938,
      -0.9751230788807009,
      -2.173463396136064
    ],
    [
      0.9991751082959714,
      -0.03674211127049611,
      0.017295092400443732,
      -0.04187042204918297
    ],
    [
      0.0,
      0.0,
      0.0,
      1.0
    ]
  ],
  "combine_w_fpfh": 1.0,
  "combine_w_spinnet": 1.0,
  "combine_feat_s": 123.14571583457291,
  "combine_ransac_s": 7.389671638607979,
  "combine_icp_s": 8.555499151349068,
  "combine_total_s": 139.09088662452996,
  "combine_ransac_fitness": 0.0810513691784929,
  "combine_ransac_rmse": 0.005712792939578067,
  "combine_icp_fitness": 0.4453716910508881,
  "combine_icp_rmse": 0.0034246592531531014,
  "combine_cov_5mm": 0.4453716910508881,
  "combine_cov_10mm": 0.8035249592618576,
  "combine_trimrmse_5mm": 0.003424659253153103,
  "combine_trimrmse_10mm": 0.0053900403334291745,
  "combine_chamfer": 0.013591796742635259,
  "combine_T_icp": [
    [
      -0.03883539240157766,
      -0.9744944005006563,
      0.22102596157441556,
      0.14236868173621237
    ],
    [
      0.0073443991226229575,
      -0.2214652176571257,
      -0.9751406140498983,
      -2.1765089037689105
    ],
    [
      0.999218630780351,
      -0.0362466655150793,
      0.015757764451052918,
      -0.045918669034996716
    ],
    [
      0.0,
      0.0,
      0.0,
      1.0
    ]
  ]
}