{
  "K": 78516,
  "seed": 3,
  "voxel_size": 0.005,
  "patch_radius": 0.3,
  "ref_support_n": 196290,
  "mov_support_n": 400580,
  "ref_kp_n": 78516,
  "mov_kp_n": 78516,
  "fpfh_feat_s": 2.022000311873853,
  "fpfh_ransac_s": 92.83266183827072,
  "fpfh_icp_s": 1.4210694478824735,
  "fpfh_total_s": 96.27573159802705,
  "fpfh_ransac_fitness": 0.0,
  "fpfh_ransac_rmse": 0.0,
  "fpfh_icp_fitness": 0.0,
  "fpfh_icp_rmse": 0.0,
  "fpfh_cov_5mm": 0.0,
  "fpfh_cov_10mm": 0.0,
  "fpfh_trimrmse_5mm": NaN,
  "fpfh_trimrmse_10mm": NaN,
  "fpfh_chamfer": 6.64051921124479,
  "spinnet_ref_feat_s": 461.9840622730553,
  "spinnet_mov_feat_s": 614.8832464553416,
  "spinnet_feat_s": 1076.867308728397,
  "spinnet_ransac_s": 172.0722658224404,
  "spinnet_icp_s": 3.753230848349631,
  "spinnet_total_s": 1252.692805399187,
  "spinnet_ransac_fitness": 0.6111875286565795,
  "spinnet_ransac_rmse": 0.0050782967500679396,
  "spinnet_icp_fitness": 0.6375667663410921,
  "spinnet_icp_rmse": 0.0033107834613178666,
  "spinnet_cov_5mm": 0.6375667663410921,
  "spinnet_cov_10mm": 0.9300651684454965,
  "spinnet_trimrmse_5mm": 0.0033107834613179178,
  "spinnet_trimrmse_10mm": 0.004707405786884731,
  "spinnet_chamfer": 0.008754822043650582,
  "fpfh_T_icp": [
    [
      1.0,
      0.0,
      0.0,
      0.0
    ],
    [
      0.0,
      1.0,
      0.0,
      0.0
    ],
    [
      0.0,
      0.0,
      1.0,
      0.0
    ],
    [
      0.0,
      0.0,
      0.0,
      1.0
    ]
  ],
  "spinnet_T_icp": [
    [
      0.006109737407365235,
      -0.9181577181981847,
      0.39616798914338974,
      1.62349329976074
    ],
    [
      0.05034215208199857,
      -0.3953906112945149,
      -0.9171324507528352,
      -4.466912117445841
    ],
    [
      0.9987133416714556,
      0.02554738760134926,
      0.043806302676446675,
      0.04444544403147757
    ],
    [
      0.0,
      0.0,
      0.0,
      1.0
    ]
  ]
}