{
  "K": 80929,
  "seed": 4,
  "voxel_size": 0.005,
  "patch_radius": 0.3,
  "ref_support_n": 202322,
  "mov_support_n": 470991,
  "ref_kp_n": 80929,
  "mov_kp_n": 80929,
  "fpfh_feat_s": 2.3922990718856454,
  "fpfh_ransac_s": 128.63136828690767,
  "fpfh_icp_s": 0.9348360942676663,
  "fpfh_total_s": 131.95850345306098,
  "fpfh_ransac_fitness": 0.0,
  "fpfh_ransac_rmse": 0.0,
  "fpfh_icp_fitness": 0.0,
  "fpfh_icp_rmse": 0.0,
  "fpfh_cov_5mm": 0.0,
  "fpfh_cov_10mm": 0.0,
  "fpfh_trimrmse_5mm": NaN,
  "fpfh_trimrmse_10mm": NaN,
  "fpfh_chamfer": 12.585496376008571,
  "spinnet_ref_feat_s": 394.4691745750606,
  "spinnet_mov_feat_s": 588.5641234675422,
  "spinnet_feat_s": 983.0332980426028,
  "spinnet_ransac_s": 213.11170331109315,
  "spinnet_icp_s": 2.5067642433568835,
  "spinnet_total_s": 1198.6517655970529,
  "spinnet_ransac_fitness": 0.6503849052873506,
  "spinnet_ransac_rmse": 0.0047544071050911,
  "spinnet_icp_fitness": 0.7842705856544668,
  "spinnet_icp_rmse": 0.0029112168832154113,
  "spinnet_cov_5mm": 0.7842705856544668,
  "spinnet_cov_10mm": 0.9405851964408973,
  "spinnet_trimrmse_5mm": 0.002911216883215411,
  "spinnet_trimrmse_10mm": 0.0038093937673109412,
  "spinnet_chamfer": 0.006362760898089921,
  "fpfh_T_icp": [
    [
      1.0,
      0.0,
      0.0,
      0.0
    ],
    [
      0.0,
      1.0,
      0.0,
      0.0
    ],
    [
      0.0,
      0.0,
      1.0,
      0.0
    ],
    [
      0.0,
      0.0,
      0.0,
      1.0
    ]
  ],
  "spinnet_T_icp": [
    [
      0.019381932870823616,
      -0.6825333250059359,
      -0.7305974274075553,
      -5.865645740569573
    ],
    [
      0.0088327371605304,
      0.730823068284863,
      -0.6825097989164384,
      -5.083951452496188
    ],
    [
      0.9997731359825839,
      0.0067751840598270895,
      0.020193401113026886,
      0.11880374199094247
    ],
    [
      0.0,
      0.0,
      0.0,
      1.0
    ]
  ],
  "combine_w_fpfh": 1.0,
  "combine_w_spinnet": 1.0,
  "combine_feat_s": 985.4255971144885,
  "combine_ransac_s": 1574.4040193017572,
  "combine_icp_s": 2.6119620567187667,
  "combine_total_s": 2562.4415784729645,
  "combine_ransac_fitness": 0.6538694411150515,
  "combine_ransac_rmse": 0.004720030254294554,
  "combine_icp_fitness": 0.784214336854776,
  "combine_icp_rmse": 0.0029110595658775064,
  "combine_cov_5mm": 0.784214336854776,
  "combine_cov_10mm": 0.9405843928866161,
  "combine_trimrmse_5mm": 0.002911059565877504,
  "combine_trimrmse_10mm": 0.003809566386783414,
  "combine_chamfer": 0.006363528550677421,
  "combine_T_icp": [
    [
      0.019405974493405316,
      -0.6825293435154292,
      -0.7306005087558881,
      -5.865616171762645
    ],
    [
      0.00885880077162238,
      0.7308268121174486,
      -0.6825054522413276,
      -5.083870263260972
    ],
    [
      0.9997724390094238,
      0.006772439047090762,
      0.020228797950037514,
      0.11904722435137106
    ],
    [
      0.0,
      0.0,
      0.0,
      1.0
    ]
  ]
}