{
  "K": 10006,
  "seed": 4,
  "voxel_size": 0.005,
  "patch_radius": 0.3,
  "ref_support_n": 200112,
  "mov_support_n": 457980,
  "ref_kp_n": 10006,
  "mov_kp_n": 10006,
  "fpfh_feat_s": 2.404369154945016,
  "fpfh_ransac_s": 1.9995451057329774,
  "fpfh_icp_s": 4.419326211325824,
  "fpfh_total_s": 8.823240472003818,
  "fpfh_ransac_fitness": 0.0,
  "fpfh_ransac_rmse": 0.0,
  "fpfh_icp_fitness": 0.0011591471428902842,
  "fpfh_icp_rmse": 0.00352162344835226,
  "fpfh_cov_5mm": 0.0011591471428902842,
  "fpfh_cov_10mm": 0.0032822503293849802,
  "fpfh_trimrmse_5mm": 0.0035216234483522587,
  "fpfh_trimrmse_10mm": 0.006468548816129228,
  "fpfh_chamfer": 2.070824516085662,
  "spinnet_ref_feat_s": 48.98503234516829,
  "spinnet_mov_feat_s": 71.88972876686603,
  "spinnet_feat_s": 120.87476111203432,
  "spinnet_ransac_s": 3.0424681827425957,
  "spinnet_icp_s": 6.170474065467715,
  "spinnet_total_s": 130.08770336024463,
  "spinnet_ransac_fitness": 0.08444933040175895,
  "spinnet_ransac_rmse": 0.005655008028138037,
  "spinnet_icp_fitness": 0.45408729361941097,
  "spinnet_icp_rmse": 0.0034190188458067387,
  "spinnet_cov_5mm": 0.45408729361941097,
  "spinnet_cov_10mm": 0.8215961352162341,
  "spinnet_trimrmse_5mm": 0.003419018845806748,
  "spinnet_trimrmse_10mm": 0.005399389279061464,
  "spinnet_chamfer": 0.012805266379024892,
  "fpfh_T_icp": [
    [
      0.9999129859183815,
      -0.004355788273684319,
      -0.012451815141055807,
      -0.010954685334136459
    ],
    [
      0.004290801227431516,
      0.9999770599893358,
      -0.0052410418731880645,
      -0.0029817545998714295
    ],
    [
      0.012474358365016772,
      0.005187157565051307,
      0.9999087377254913,
      0.0027524640185643155
    ],
    [
      0.0,
      0.0,
      0.0,
      1.0
    ]
  ],
  "spinnet_T_icp": [
    [
      -0.0404037258092936,
      -0.9744084723164669,
      0.22112364870953807,
      0.14063130003857252
    ],
    [
      0.00885230041423288,
      -0.22164475501812628,
      -0.9750872983227334,
      -2.1704448913402254
    ],
    [
      0.999144221680789,
      -0.037439706874488735,
      0.01758103043193922,
      -0.04204453429332774
    ],
    [
      0.0,
      0.0,
      0.0,
      1.0
    ]
  ],
  "combine_w_fpfh": 1.0,
  "combine_w_spinnet": 1.0,
  "combine_feat_s": 123.27913026697934,
  "combine_ransac_s": 7.686701707541943,
  "combine_icp_s": 8.343533731997013,
  "combine_total_s": 139.3093657065183,
  "combine_ransac_fitness": 0.07525484709174496,
  "combine_ransac_rmse": 0.005659873058768007,
  "combine_icp_fitness": 0.4453404924735432,
  "combine_icp_rmse": 0.0034315210317876926,
  "combine_cov_5mm": 0.4453404924735432,
  "combine_cov_10mm": 0.8009482767585798,
  "combine_trimrmse_5mm": 0.003431521031787675,
  "combine_trimrmse_10mm": 0.005383691158060018,
  "combine_chamfer": 0.013595213577101795,
  "combine_T_icp": [
    [
      -0.039237768012708105,
      -0.9745274304687033,
      0.22080915928798878,
      0.14161858126962307
    ],
    [
      0.009168244640055155,
      -0.22132115156072343,
      -0.9751578801209934,
      -2.1761900503845495
    ],
    [
      0.9991878406243823,
      -0.036238586284834055,
      0.01761885389222665,
      -0.03962363334502484
    ],
    [
      0.0,
      0.0,
      0.0,
      1.0
    ]
  ]
}