{
  "K": 39258,
  "seed": 0,
  "voxel_size": 0.005,
  "patch_radius": 0.3,
  "ref_support_n": 196290,
  "mov_support_n": 400580,
  "ref_kp_n": 39258,
  "mov_kp_n": 39258,
  "fpfh_feat_s": 2.0332824857905507,
  "fpfh_ransac_s": 18.425259257666767,
  "fpfh_icp_s": 1.5161147294566035,
  "fpfh_total_s": 21.97465647291392,
  "fpfh_ransac_fitness": 0.0,
  "fpfh_ransac_rmse": 0.0,
  "fpfh_icp_fitness": 0.0,
  "fpfh_icp_rmse": 0.0,
  "fpfh_cov_5mm": 0.0,
  "fpfh_cov_10mm": 0.0,
  "fpfh_trimrmse_5mm": NaN,
  "fpfh_trimrmse_10mm": NaN,
  "fpfh_chamfer": 6.64051921124479,
  "spinnet_ref_feat_s": 197.82269333302975,
  "spinnet_mov_feat_s": 274.1726778270677,
  "spinnet_feat_s": 471.9953711600974,
  "spinnet_ransac_s": 27.91270192991942,
  "spinnet_icp_s": 4.889586296863854,
  "spinnet_total_s": 504.7976593868807,
  "spinnet_ransac_fitness": 0.41186509755973305,
  "spinnet_ransac_rmse": 0.005385939133161265,
  "spinnet_icp_fitness": 0.6375804167054765,
  "spinnet_icp_rmse": 0.0033108250255651584,
  "spinnet_cov_5mm": 0.6375804167054765,
  "spinnet_cov_10mm": 0.9300611536324422,
  "spinnet_trimrmse_5mm": 0.003310825025565198,
  "spinnet_trimrmse_10mm": 0.004707392830712801,
  "spinnet_chamfer": 0.008754881859707731,
  "fpfh_T_icp": [
    [
      1.0,
      0.0,
      0.0,
      0.0
    ],
    [
      0.0,
      1.0,
      0.0,
      0.0
    ],
    [
      0.0,
      0.0,
      1.0,
      0.0
    ],
    [
      0.0,
      0.0,
      0.0,
      1.0
    ]
  ],
  "spinnet_T_icp": [
    [
      0.00610990715005674,
      -0.918157262967079,
      0.39616904156612015,
      1.6234979855949956
    ],
    [
      0.0503431901181251,
      -0.39539162855129056,
      -0.9171319552170707,
      -4.466910024900513
    ],
    [
      0.998713288308185,
      0.025548004469204737,
      0.04380715950953091,
      0.04444901233328891
    ],
    [
      0.0,
      0.0,
      0.0,
      1.0
    ]
  ]
}