{
  "K": 1820,
  "seed": 3,
  "voxel_size": 0.005,
  "patch_radius": 0.3,
  "ref_support_n": 36395,
  "mov_support_n": 51616,
  "ref_kp_n": 1820,
  "mov_kp_n": 1820,
  "fpfh_feat_s": 0.31382399518042803,
  "fpfh_ransac_s": 0.19390208832919598,
  "fpfh_icp_s": 8.38771906774491,
  "fpfh_total_s": 8.895445151254535,
  "fpfh_ransac_fitness": 0.0956043956043956,
  "fpfh_ransac_rmse": 0.005634039580817409,
  "fpfh_icp_fitness": 0.5031394646291709,
  "fpfh_icp_rmse": 0.003020290186324388,
  "fpfh_cov_5mm": 0.5031394646291709,
  "fpfh_cov_10mm": 0.8126801134175076,
  "fpfh_trimrmse_5mm": 0.003020290186324396,
  "fpfh_trimrmse_10mm": 0.005096036013381994,
  "fpfh_chamfer": 0.012055404264498356,
  "spinnet_ref_feat_s": 9.374448332004249,
  "spinnet_mov_feat_s": 10.514806638471782,
  "spinnet_feat_s": 19.88925497047603,
  "spinnet_ransac_s": 0.289382167160511,
  "spinnet_icp_s": 18.42113514430821,
  "spinnet_total_s": 38.59977228194475,
  "spinnet_ransac_fitness": 0.025824175824175823,
  "spinnet_ransac_rmse": 0.005779975953084011,
  "spinnet_icp_fitness": 0.07863089970073958,
  "spinnet_icp_rmse": 0.003032040581718531,
  "spinnet_cov_5mm": 0.07863089970073958,
  "spinnet_cov_10mm": 0.15164438638732258,
  "spinnet_trimrmse_5mm": 0.0030320405817185338,
  "spinnet_trimrmse_10mm": 0.005707935626682733,
  "spinnet_chamfer": 0.12155667502448078,
  "fpfh_T_icp": [
    [
      -0.11709900912898151,
      0.002291138742177068,
      -0.9931176026756722,
      -0.5193819107628238
    ],
    [
      0.9929976126712095,
      -0.015444470037468355,
      -0.11712049169355433,
      0.3169725440771683
    ],
    [
      -0.01560651435422843,
      -0.9998781020847117,
      -0.00046656316337063763,
      -0.9103008730815474
    ],
    [
      0.0,
      0.0,
      0.0,
      1.0
    ]
  ],
  "spinnet_T_icp": [
    [
      -0.800451625644757,
      0.4126086182236995,
      -0.43477732596145563,
      -0.3089205619754362
    ],
    [
      -0.21922667245006702,
      0.47357226418341825,
      0.853035155595983,
      0.5783370440336313
    ],
    [
      0.5578681395178748,
      0.7781281634562002,
      -0.2886168743284842,
      0.04871002444459228
    ],
    [
      0.0,
      0.0,
      0.0,
      1.0
    ]
  ]
}