{
  "K": 2621,
  "seed": 4,
  "voxel_size": 0.005,
  "patch_radius": 0.3,
  "ref_support_n": 52425,
  "mov_support_n": 59566,
  "ref_kp_n": 2621,
  "mov_kp_n": 2621,
  "fpfh_feat_s": 0.41642941255122423,
  "fpfh_ransac_s": 0.2304017972201109,
  "fpfh_icp_s": 5.607051199302077,
  "fpfh_total_s": 6.253882409073412,
  "fpfh_ransac_fitness": 0.0,
  "fpfh_ransac_rmse": 0.0,
  "fpfh_icp_fitness": 0.0,
  "fpfh_icp_rmse": 0.0,
  "fpfh_cov_5mm": 0.0,
  "fpfh_cov_10mm": 0.0,
  "fpfh_trimrmse_5mm": NaN,
  "fpfh_trimrmse_10mm": NaN,
  "fpfh_chamfer": 8.107914416820307,
  "spinnet_ref_feat_s": 14.78124020807445,
  "spinnet_mov_feat_s": 15.318684193305671,
  "spinnet_feat_s": 30.09992440138012,
  "spinnet_ransac_s": 0.4002903448417783,
  "spinnet_icp_s": 6.559395130723715,
  "spinnet_total_s": 37.059609876945615,
  "spinnet_ransac_fitness": 0.12933994658527279,
  "spinnet_ransac_rmse": 0.005584820561723457,
  "spinnet_icp_fitness": 0.7907028524342994,
  "spinnet_icp_rmse": 0.001221151821922869,
  "spinnet_cov_5mm": 0.7907028524342994,
  "spinnet_cov_10mm": 0.8165477421880936,
  "spinnet_trimrmse_5mm": 0.0012211518219228665,
  "spinnet_trimrmse_10mm": 0.0017575516157071567,
  "spinnet_chamfer": 0.016678759292465574,
  "fpfh_T_icp": [
    [
      1.0,
      0.0,
      0.0,
      0.0
    ],
    [
      0.0,
      1.0,
      0.0,
      0.0
    ],
    [
      0.0,
      0.0,
      1.0,
      0.0
    ],
    [
      0.0,
      0.0,
      0.0,
      1.0
    ]
  ],
  "spinnet_T_icp": [
    [
      0.44159156122690174,
      -0.04349286174972396,
      0.8961614051218713,
      4.248414228898382
    ],
    [
      0.8933242305622862,
      0.1142460896717591,
      -0.43464888138014507,
      -1.5721907479368564
    ],
    [
      -0.08347881254238389,
      0.9924999758042979,
      0.089303336359745,
      0.5782882112922342
    ],
    [
      0.0,
      0.0,
      0.0,
      1.0
    ]
  ]
}