{
  "K": 6144,
  "seed": 0,
  "voxel_size": 0.005,
  "patch_radius": 0.3,
  "ref_support_n": 61443,
  "mov_support_n": 65640,
  "ref_kp_n": 6144,
  "mov_kp_n": 6144,
  "fpfh_feat_s": 0.3647892037406564,
  "fpfh_ransac_s": 0.4718029173091054,
  "fpfh_icp_s": 2.9130634404718876,
  "fpfh_total_s": 3.7496555615216494,
  "fpfh_ransac_fitness": 0.5364583333333334,
  "fpfh_ransac_rmse": 0.005107505125828689,
  "fpfh_icp_fitness": 0.9862141007532956,
  "fpfh_icp_rmse": 0.0014636701526030364,
  "fpfh_cov_5mm": 0.9862141007532956,
  "fpfh_cov_10mm": 0.9974865623038293,
  "fpfh_trimrmse_5mm": 0.0014636701526030364,
  "fpfh_trimrmse_10mm": 0.001622923088357242,
  "fpfh_chamfer": 0.002985162542858068,
  "spinnet_ref_feat_s": 35.645156448706985,
  "spinnet_mov_feat_s": 37.043347431346774,
  "spinnet_feat_s": 72.68850388005376,
  "spinnet_ransac_s": 1.649863918311894,
  "spinnet_icp_s": 8.989092546515167,
  "spinnet_total_s": 83.32746034488082,
  "spinnet_ransac_fitness": 0.14013671875,
  "spinnet_ransac_rmse": 0.005604625842841168,
  "spinnet_icp_fitness": 0.5801136809478971,
  "spinnet_icp_rmse": 0.0026339216970960914,
  "spinnet_cov_5mm": 0.5801136809478971,
  "spinnet_cov_10mm": 0.859843357658506,
  "spinnet_trimrmse_5mm": 0.0026339216970960575,
  "spinnet_trimrmse_10mm": 0.004717405129529042,
  "spinnet_chamfer": 0.010468987935239229,
  "fpfh_T_icp": [
    [
      -0.9792762420983454,
      0.021068530132873582,
      0.2014302824795448,
      -0.03972641415828171
    ],
    [
      -0.20149723017166843,
      -0.0010825589453877962,
      -0.9794884860473231,
      -2.320737705222377
    ],
    [
      -0.02041832252892082,
      -0.9997774477873451,
      0.005305374721451571,
      -0.8192424416819744
    ],
    [
      0.0,
      0.0,
      0.0,
      1.0
    ]
  ],
  "spinnet_T_icp": [
    [
      -0.9752901802000148,
      0.09886280334955584,
      0.19757330416656346,
      0.0005576274836723203
    ],
    [
      -0.19618146586165486,
      0.023704642362192684,
      -0.9802810425499726,
      -2.3080858585954487
    ],
    [
      -0.10159673645250042,
      -0.9948186950617466,
      -0.0037238552406914658,
      -0.8795194496490132
    ],
    [
      0.0,
      0.0,
      0.0,
      1.0
    ]
  ],
  "combine_w_fpfh": 1.0,
  "combine_w_spinnet": 1.0,
  "combine_feat_s": 73.05329308379441,
  "combine_ransac_s": 3.0104436362162232,
  "combine_icp_s": 4.254178618080914,
  "combine_total_s": 80.31791533809155,
  "combine_ransac_fitness": 0.4347330729166667,
  "combine_ransac_rmse": 0.00536878766323279,
  "combine_icp_fitness": 0.9862116486189579,
  "combine_icp_rmse": 0.001463652208643825,
  "combine_cov_5mm": 0.9862116486189579,
  "combine_cov_10mm": 0.9974865623038293,
  "combine_trimrmse_5mm": 0.0014636522086437984,
  "combine_trimrmse_10mm": 0.0016229343723420536,
  "combine_chamfer": 0.0029852037966079654,
  "combine_T_icp": [
    [
      -0.9792763865030167,
      0.021074652347572196,
      0.2014289399913559,
      -0.03972462376348164
    ],
    [
      -0.20149586204031553,
      -0.0010797271733366538,
      -0.9794887706195867,
      -2.3207360986400216
    ],
    [
      -0.02042489701915432,
      -0.9997773218160464,
      0.005303806566688257,
      -0.8192489835003463
    ],
    [
      0.0,
      0.0,
      0.0,
      1.0
    ]
  ]
}