{
  "K": 179213,
  "seed": 3,
  "voxel_size": 0.005,
  "patch_radius": 0.3,
  "ref_support_n": 451634,
  "mov_support_n": 448032,
  "ref_kp_n": 179213,
  "mov_kp_n": 179213,
  "fpfh_feat_s": 3.5392736736685038,
  "fpfh_ransac_s": 555.0791367590427,
  "fpfh_icp_s": 21.05919272545725,
  "fpfh_total_s": 579.6776031581685,
  "fpfh_ransac_fitness": 0.0,
  "fpfh_ransac_rmse": 0.0,
  "fpfh_icp_fitness": 0.0014692894484199333,
  "fpfh_icp_rmse": 0.003137731510718815,
  "fpfh_cov_5mm": 0.0014692894484199333,
  "fpfh_cov_10mm": 0.0026431196017625068,
  "fpfh_trimrmse_5mm": 0.00313773151071881,
  "fpfh_trimrmse_10mm": 0.005530341803614228,
  "fpfh_chamfer": 2.0489803121514667,
  "spinnet_ref_feat_s": 1343.1968359947205,
  "spinnet_mov_feat_s": 1293.6183911822736,
  "spinnet_feat_s": 2636.815227176994,
  "spinnet_ransac_s": 958.861085887067,
  "spinnet_icp_s": 4.336165393702686,
  "spinnet_total_s": 3600.012478457764,
  "spinnet_ransac_fitness": 0.8417190717191275,
  "spinnet_ransac_rmse": 0.004197331964823934,
  "spinnet_icp_fitness": 0.889174739751606,
  "spinnet_icp_rmse": 0.002166098943033527,
  "spinnet_cov_5mm": 0.889174739751606,
  "spinnet_cov_10mm": 0.9594412056020364,
  "spinnet_trimrmse_5mm": 0.002166098943033516,
  "spinnet_trimrmse_10mm": 0.0028150805630926183,
  "spinnet_chamfer": 0.005839239810554649,
  "fpfh_T_icp": [
    [
      0.9965362460303993,
      -0.06086737382892589,
      -0.056662802179292676,
      -0.030914974354589352
    ],
    [
      0.056603743566680305,
      0.9956482351625089,
      -0.07403112880415953,
      0.0017471646375630083
    ],
    [
      0.060922299381075344,
      0.07056737646356388,
      0.9956448758554286,
      0.017723169531811387
    ],
    [
      0.0,
      0.0,
      0.0,
      1.0
    ]
  ],
  "spinnet_T_icp": [
    [
      0.007191141232421954,
      -0.9993649265054291,
      0.0349003031300974,
      -0.37494140119897335
    ],
    [
      -0.007009497608641968,
      -0.034950724980634,
      -0.9993644549245295,
      0.9613072238966021
    ],
    [
      0.9999495759442321,
      0.006941937346693285,
      -0.00725638166201181,
      -0.10580172915330553
    ],
    [
      0.0,
      0.0,
      0.0,
      1.0
    ]
  ]
}