{
  "K": 10006,
  "seed": 1,
  "voxel_size": 0.005,
  "patch_radius": 0.3,
  "ref_support_n": 200112,
  "mov_support_n": 457980,
  "ref_kp_n": 10006,
  "mov_kp_n": 10006,
  "fpfh_feat_s": 2.348584280349314,
  "fpfh_ransac_s": 1.7845614440739155,
  "fpfh_icp_s": 6.507086648605764,
  "fpfh_total_s": 10.640232373028994,
  "fpfh_ransac_fitness": 0.0,
  "fpfh_ransac_rmse": 0.0,
  "fpfh_icp_fitness": 0.0012199443705367035,
  "fpfh_icp_rmse": 0.0035619433801930512,
  "fpfh_cov_5mm": 0.0012199443705367035,
  "fpfh_cov_10mm": 0.0033374478123797554,
  "fpfh_trimrmse_5mm": 0.003561943380193057,
  "fpfh_trimrmse_10mm": 0.0064200144780970116,
  "fpfh_chamfer": 2.074958949899799,
  "spinnet_ref_feat_s": 49.33276271354407,
  "spinnet_mov_feat_s": 72.51301550120115,
  "spinnet_feat_s": 121.84577821474522,
  "spinnet_ransac_s": 2.984223206527531,
  "spinnet_icp_s": 5.669493798166513,
  "spinnet_total_s": 130.49949521943927,
  "spinnet_ransac_fitness": 0.08994603238057165,
  "spinnet_ransac_rmse": 0.005620410828236593,
  "spinnet_icp_fitness": 0.45225937697241003,
  "spinnet_icp_rmse": 0.003414820442362213,
  "spinnet_cov_5mm": 0.45225937697241003,
  "spinnet_cov_10mm": 0.8211433558629726,
  "spinnet_trimrmse_5mm": 0.003414820442362179,
  "spinnet_trimrmse_10mm": 0.005404929218603141,
  "spinnet_chamfer": 0.012793572862615205,
  "fpfh_T_icp": [
    [
      0.9993335391745971,
      0.0112785141238271,
      -0.034717036162852384,
      -0.02113660941975503
    ],
    [
      -0.010776419093213219,
      0.9998351099461318,
      0.014615803451538192,
      0.008799809587165244
    ],
    [
      0.0348761562145486,
      -0.014231937259740807,
      0.9992903010084375,
      -0.005744314986373486
    ],
    [
      0.0,
      0.0,
      0.0,
      1.0
    ]
  ],
  "spinnet_T_icp": [
    [
      -0.04061310812928217,
      -0.9743750310346522,
      0.22123262495459298,
      0.14078757112847398
    ],
    [
      0.008558776964109676,
      -0.22174643195782281,
      -0.9750668014299602,
      -2.1698867290103676
    ],
    [
      0.9991382901205211,
      -0.0377070127455774,
      0.017345270388408777,
      -0.043388272706679845
    ],
    [
      0.0,
      0.0,
      0.0,
      1.0
    ]
  ]
}