{
  "K": 19629,
  "seed": 0,
  "voxel_size": 0.005,
  "patch_radius": 0.3,
  "ref_support_n": 196290,
  "mov_support_n": 400580,
  "ref_kp_n": 19629,
  "mov_kp_n": 19629,
  "fpfh_feat_s": 2.1522890338674188,
  "fpfh_ransac_s": 5.534145948477089,
  "fpfh_icp_s": 1.6043578833341599,
  "fpfh_total_s": 9.290792865678668,
  "fpfh_ransac_fitness": 0.0,
  "fpfh_ransac_rmse": 0.0,
  "fpfh_icp_fitness": 0.0,
  "fpfh_icp_rmse": 0.0,
  "fpfh_cov_5mm": 0.0,
  "fpfh_cov_10mm": 0.0,
  "fpfh_trimrmse_5mm": NaN,
  "fpfh_trimrmse_10mm": NaN,
  "fpfh_chamfer": 6.64051921124479,
  "spinnet_ref_feat_s": 104.1995912026614,
  "spinnet_mov_feat_s": 146.80931925214827,
  "spinnet_feat_s": 251.00891045480967,
  "spinnet_ransac_s": 8.452479352243245,
  "spinnet_icp_s": 4.071899084374309,
  "spinnet_total_s": 263.5332888914272,
  "spinnet_ransac_fitness": 0.2399001477405879,
  "spinnet_ransac_rmse": 0.005544196078195403,
  "spinnet_icp_fitness": 0.6375667663410921,
  "spinnet_icp_rmse": 0.003310783461363256,
  "spinnet_cov_5mm": 0.6375667663410921,
  "spinnet_cov_10mm": 0.9300651684454965,
  "spinnet_trimrmse_5mm": 0.003310783461363264,
  "spinnet_trimrmse_10mm": 0.004707405787508044,
  "spinnet_chamfer": 0.008754822044736557,
  "fpfh_T_icp": [
    [
      1.0,
      0.0,
      0.0,
      0.0
    ],
    [
      0.0,
      1.0,
      0.0,
      0.0
    ],
    [
      0.0,
      0.0,
      1.0,
      0.0
    ],
    [
      0.0,
      0.0,
      0.0,
      1.0
    ]
  ],
  "spinnet_T_icp": [
    [
      0.006109737345634816,
      -0.918157718190256,
      0.396167989162714,
      1.6234932998254068
    ],
    [
      0.050342152095218334,
      -0.39539061131618436,
      -0.9171324507427676,
      -4.466912117400366
    ],
    [
      0.9987133416711665,
      0.025547387550883198,
      0.04380630271246059,
      0.04444544418924487
    ],
    [
      0.0,
      0.0,
      0.0,
      1.0
    ]
  ]
}