{
  "K": 22402,
  "seed": 0,
  "voxel_size": 0.005,
  "patch_radius": 0.3,
  "ref_support_n": 451634,
  "mov_support_n": 448032,
  "ref_kp_n": 22402,
  "mov_kp_n": 22402,
  "fpfh_feat_s": 3.6547739319503307,
  "fpfh_ransac_s": 5.723358812741935,
  "fpfh_icp_s": 20.49531638342887,
  "fpfh_total_s": 29.873449128121138,
  "fpfh_ransac_fitness": 0.0,
  "fpfh_ransac_rmse": 0.0,
  "fpfh_icp_fitness": 0.0014692894484199333,
  "fpfh_icp_rmse": 0.003137731510718808,
  "fpfh_cov_5mm": 0.0014692894484199333,
  "fpfh_cov_10mm": 0.0026431196017625068,
  "fpfh_trimrmse_5mm": 0.0031377315107188114,
  "fpfh_trimrmse_10mm": 0.005530341803614228,
  "fpfh_chamfer": 2.0489803121514667,
  "spinnet_ref_feat_s": 200.80061556305736,
  "spinnet_mov_feat_s": 177.4405180066824,
  "spinnet_feat_s": 378.24113356973976,
  "spinnet_ransac_s": 9.937998907640576,
  "spinnet_icp_s": 4.483602928929031,
  "spinnet_total_s": 392.66273540630937,
  "spinnet_ransac_fitness": 0.2678332291759664,
  "spinnet_ransac_rmse": 0.0053484986860953335,
  "spinnet_icp_fitness": 0.889174739751606,
  "spinnet_icp_rmse": 0.0021660991350217185,
  "spinnet_cov_5mm": 0.889174739751606,
  "spinnet_cov_10mm": 0.9594412056020364,
  "spinnet_trimrmse_5mm": 0.002166099135021695,
  "spinnet_trimrmse_10mm": 0.002815089822054029,
  "spinnet_chamfer": 0.0058392389861055445,
  "fpfh_T_icp": [
    [
      0.9965362460303993,
      -0.060867373828926166,
      -0.05666280217929263,
      -0.03091497435458939
    ],
    [
      0.056603743566680575,
      0.995648235162509,
      -0.07403112880415949,
      0.0017471646375629142
    ],
    [
      0.060922299381075316,
      0.07056737646356377,
      0.9956448758554286,
      0.017723169531811363
    ],
    [
      0.0,
      0.0,
      0.0,
      1.0
    ]
  ],
  "spinnet_T_icp": [
    [
      0.0071911552136077915,
      -0.9993649258023026,
      0.03490032038324439,
      -0.3749414024061744
    ],
    [
      -0.007009273197965169,
      -0.03495074077730324,
      -0.9993644559460554,
      0.9613071873918455
    ],
    [
      0.9999495774167475,
      0.006941959037407968,
      -0.007256157991172584,
      -0.10580207290780949
    ],
    [
      0.0,
      0.0,
      0.0,
      1.0
    ]
  ]
}