{
  "K": 6144,
  "seed": 0,
  "voxel_size": 0.005,
  "patch_radius": 0.3,
  "ref_support_n": 61443,
  "mov_support_n": 65640,
  "ref_kp_n": 6144,
  "mov_kp_n": 6144,
  "fpfh_feat_s": 0.4052157336845994,
  "fpfh_ransac_s": 0.4842117829248309,
  "fpfh_icp_s": 2.9555913265794516,
  "fpfh_total_s": 3.845018843188882,
  "fpfh_ransac_fitness": 0.53466796875,
  "fpfh_ransac_rmse": 0.005113309863728264,
  "fpfh_icp_fitness": 0.9862410742310107,
  "fpfh_icp_rmse": 0.001463834095594376,
  "fpfh_cov_5mm": 0.9862410742310107,
  "fpfh_cov_10mm": 0.9974914665725048,
  "fpfh_trimrmse_5mm": 0.0014638340955943864,
  "fpfh_trimrmse_10mm": 0.0016230012234962176,
  "fpfh_chamfer": 0.002985630874807412,
  "spinnet_ref_feat_s": 35.12622236274183,
  "spinnet_mov_feat_s": 36.3523142747581,
  "spinnet_feat_s": 71.47853663749993,
  "spinnet_ransac_s": 1.6177481329068542,
  "spinnet_icp_s": 3.05843158159405,
  "spinnet_total_s": 76.15471635200083,
  "spinnet_ransac_fitness": 0.0,
  "spinnet_ransac_rmse": 0.0,
  "spinnet_icp_fitness": 0.0,
  "spinnet_icp_rmse": 0.0,
  "spinnet_cov_5mm": 0.0,
  "spinnet_cov_10mm": 0.0,
  "spinnet_trimrmse_5mm": NaN,
  "spinnet_trimrmse_10mm": NaN,
  "spinnet_chamfer": 3.435376785446324,
  "fpfh_T_icp": [
    [
      -0.9792731492538406,
      0.021050112756936034,
      0.2014472434742806,
      -0.03970764751271283
    ],
    [
      -0.20151387703648516,
      -0.0010717737983789888,
      -0.9794850732209505,
      -2.3207020117840536
    ],
    [
      -0.020402365357725525,
      -0.9997778473510235,
      0.005291449136531762,
      -0.8192695604898692
    ],
    [
      0.0,
      0.0,
      0.0,
      1.0
    ]
  ],
  "spinnet_T_icp": [
    [
      1.0,
      0.0,
      0.0,
      0.0
    ],
    [
      0.0,
      1.0,
      0.0,
      0.0
    ],
    [
      0.0,
      0.0,
      1.0,
      0.0
    ],
    [
      0.0,
      0.0,
      0.0,
      1.0
    ]
  ]
}