{
  "K": 44803,
  "seed": 2,
  "voxel_size": 0.005,
  "patch_radius": 0.3,
  "ref_support_n": 451634,
  "mov_support_n": 448032,
  "ref_kp_n": 44803,
  "mov_kp_n": 44803,
  "fpfh_feat_s": 3.56082347035408,
  "fpfh_ransac_s": 20.55222633201629,
  "fpfh_icp_s": 20.787784879095852,
  "fpfh_total_s": 44.90083468146622,
  "fpfh_ransac_fitness": 0.0,
  "fpfh_ransac_rmse": 0.0,
  "fpfh_icp_fitness": 0.0014692894484199333,
  "fpfh_icp_rmse": 0.003137731510718808,
  "fpfh_cov_5mm": 0.0014692894484199333,
  "fpfh_cov_10mm": 0.0026431196017625068,
  "fpfh_trimrmse_5mm": 0.0031377315107188083,
  "fpfh_trimrmse_10mm": 0.005530341803614234,
  "fpfh_chamfer": 2.0489803121514667,
  "spinnet_ref_feat_s": 414.88161986973137,
  "spinnet_mov_feat_s": 382.74687542859465,
  "spinnet_feat_s": 797.628495298326,
  "spinnet_ransac_s": 38.960220681503415,
  "spinnet_icp_s": 4.654369872994721,
  "spinnet_total_s": 841.2430858528242,
  "spinnet_ransac_fitness": 0.46242439122380197,
  "spinnet_ransac_rmse": 0.005158499751586932,
  "spinnet_icp_fitness": 0.8891739390489093,
  "spinnet_icp_rmse": 0.002166094451638647,
  "spinnet_cov_5mm": 0.8891739390489093,
  "spinnet_cov_10mm": 0.9594412056020364,
  "spinnet_trimrmse_5mm": 0.0021660944516386387,
  "spinnet_trimrmse_10mm": 0.00281508800945207,
  "spinnet_chamfer": 0.005839238962010989,
  "fpfh_T_icp": [
    [
      0.9965362460303991,
      -0.06086737382892623,
      -0.05666280217929286,
      -0.0309149743545895
    ],
    [
      0.05660374356668058,
      0.995648235162509,
      -0.07403112880415971,
      0.0017471646375628249
    ],
    [
      0.06092229938107553,
      0.07056737646356398,
      0.9956448758554286,
      0.017723169531811352
    ],
    [
      0.0,
      0.0,
      0.0,
      1.0
    ]
  ],
  "spinnet_T_icp": [
    [
      0.0071911048482108005,
      -0.9993649274277516,
      0.03490028421641738,
      -0.3749413735095593
    ],
    [
      -0.007009293618328552,
      -0.03495070438677923,
      -0.9993644570755154,
      0.9613072158819637
    ],
    [
      0.999949577635809,
      0.006941908252969748,
      -0.007256176387965015,
      -0.10580203134052404
    ],
    [
      0.0,
      0.0,
      0.0,
      1.0
    ]
  ]
}