{
  "K": 10116,
  "seed": 4,
  "voxel_size": 0.005,
  "patch_radius": 0.3,
  "ref_support_n": 202322,
  "mov_support_n": 470991,
  "ref_kp_n": 10116,
  "mov_kp_n": 10116,
  "fpfh_feat_s": 2.415715896524489,
  "fpfh_ransac_s": 1.9997993344441056,
  "fpfh_icp_s": 0.9273444917052984,
  "fpfh_total_s": 5.342859722673893,
  "fpfh_ransac_fitness": 0.0,
  "fpfh_ransac_rmse": 0.0,
  "fpfh_icp_fitness": 0.0,
  "fpfh_icp_rmse": 0.0,
  "fpfh_cov_5mm": 0.0,
  "fpfh_cov_10mm": 0.0,
  "fpfh_trimrmse_5mm": NaN,
  "fpfh_trimrmse_10mm": NaN,
  "fpfh_chamfer": 12.585496376008571,
  "spinnet_ref_feat_s": 50.30949577875435,
  "spinnet_mov_feat_s": 74.561115863733,
  "spinnet_feat_s": 124.87061164248735,
  "spinnet_ransac_s": 2.7787395399063826,
  "spinnet_icp_s": 5.6583610866218805,
  "spinnet_total_s": 133.3077122690156,
  "spinnet_ransac_fitness": 0.13958086200079084,
  "spinnet_ransac_rmse": 0.005373026325745398,
  "spinnet_icp_fitness": 0.784311566922813,
  "spinnet_icp_rmse": 0.0029113385818854425,
  "spinnet_cov_5mm": 0.784311566922813,
  "spinnet_cov_10mm": 0.9405715360181153,
  "spinnet_trimrmse_5mm": 0.0029113385818854585,
  "spinnet_trimrmse_10mm": 0.00380922308648162,
  "spinnet_chamfer": 0.006363014062177711,
  "fpfh_T_icp": [
    [
      1.0,
      0.0,
      0.0,
      0.0
    ],
    [
      0.0,
      1.0,
      0.0,
      0.0
    ],
    [
      0.0,
      0.0,
      1.0,
      0.0
    ],
    [
      0.0,
      0.0,
      0.0,
      1.0
    ]
  ],
  "spinnet_T_icp": [
    [
      0.019396132466886148,
      -0.6825314822031058,
      -0.7305987721362345,
      -5.865637459253799
    ],
    [
      0.008849955098465692,
      0.7308248165734088,
      -0.6825077038211467,
      -5.083915960480251
    ],
    [
      0.9997727083392944,
      0.006772243504585593,
      0.020215547923132335,
      0.1189675933623619
    ],
    [
      0.0,
      0.0,
      0.0,
      1.0
    ]
  ],
  "combine_w_fpfh": 1.0,
  "combine_w_spinnet": 1.0,
  "combine_feat_s": 127.28632753901184,
  "combine_ransac_s": 7.641088786534965,
  "combine_icp_s": 3.9130968172103167,
  "combine_total_s": 138.84051314275712,
  "combine_ransac_fitness": 0.10992487149070779,
  "combine_ransac_rmse": 0.005632330058104787,
  "combine_icp_fitness": 0.7843083527056878,
  "combine_icp_rmse": 0.0029113316124097233,
  "combine_cov_5mm": 0.7843083527056878,
  "combine_cov_10mm": 0.9405667146924276,
  "combine_trimrmse_5mm": 0.0029113316124097085,
  "combine_trimrmse_10mm": 0.003809189543932639,
  "combine_chamfer": 0.006363144572564264,
  "combine_T_icp": [
    [
      0.019399651394316302,
      -0.6825304280896728,
      -0.730599663466601,
      -5.865634534391923
    ],
    [
      0.00885394520728087,
      0.7308258060598144,
      -0.6825065925332101,
      -5.0838989387565015
    ],
    [
      0.9997726047357193,
      0.006771700580675857,
      0.020220852880138834,
      0.11900383715649772
    ],
    [
      0.0,
      0.0,
      0.0,
      1.0
    ]
  ]
}