{
  "K": 10006,
  "seed": 4,
  "voxel_size": 0.005,
  "patch_radius": 0.3,
  "ref_support_n": 200112,
  "mov_support_n": 457980,
  "ref_kp_n": 10006,
  "mov_kp_n": 10006,
  "fpfh_feat_s": 2.2373481141403317,
  "fpfh_ransac_s": 1.928625869564712,
  "fpfh_icp_s": 6.592755978927016,
  "fpfh_total_s": 10.75872996263206,
  "fpfh_ransac_fitness": 0.0,
  "fpfh_ransac_rmse": 0.0,
  "fpfh_icp_fitness": 0.0012199443705367035,
  "fpfh_icp_rmse": 0.0035619433801930525,
  "fpfh_cov_5mm": 0.0012199443705367035,
  "fpfh_cov_10mm": 0.0033374478123797554,
  "fpfh_trimrmse_5mm": 0.003561943380193058,
  "fpfh_trimrmse_10mm": 0.006420014478097012,
  "fpfh_chamfer": 2.0749589498997993,
  "spinnet_ref_feat_s": 51.44814630039036,
  "spinnet_mov_feat_s": 76.00036039296538,
  "spinnet_feat_s": 127.44850669335574,
  "spinnet_ransac_s": 3.127473252825439,
  "spinnet_icp_s": 4.317758386023343,
  "spinnet_total_s": 134.89373833220452,
  "spinnet_ransac_fitness": 0.08824705176893864,
  "spinnet_ransac_rmse": 0.005723066656911646,
  "spinnet_icp_fitness": 0.4518369962329718,
  "spinnet_icp_rmse": 0.0034380031462767024,
  "spinnet_cov_5mm": 0.4518369962329718,
  "spinnet_cov_10mm": 0.8211049576139328,
  "spinnet_trimrmse_5mm": 0.0034380031462766356,
  "spinnet_trimrmse_10mm": 0.005407507908746786,
  "spinnet_chamfer": 0.012731240556308115,
  "fpfh_T_icp": [
    [
      0.9993335391745972,
      0.011278514123827283,
      -0.03471703616285254,
      -0.021136609419755037
    ],
    [
      -0.010776419093213394,
      0.9998351099461319,
      0.014615803451538286,
      0.008799809587165334
    ],
    [
      0.03487615621454876,
      -0.014231937259740899,
      0.9992903010084375,
      -0.005744314986373704
    ],
    [
      0.0,
      0.0,
      0.0,
      1.0
    ]
  ],
  "spinnet_T_icp": [
    [
      -0.041409057236381004,
      -0.9743482734578791,
      0.22120292038859557,
      0.13955591285802038
    ],
    [
      0.008697817526651247,
      -0.22173595737172308,
      -0.9750679531082523,
      -2.1662058764750114
    ],
    [
      0.9991044179409219,
      -0.038452662041718294,
      0.017656580440113673,
      -0.04344630666674916
    ],
    [
      0.0,
      0.0,
      0.0,
      1.0
    ]
  ]
}