{
  "K": 10485,
  "seed": 1,
  "voxel_size": 0.005,
  "patch_radius": 0.3,
  "ref_support_n": 52425,
  "mov_support_n": 59566,
  "ref_kp_n": 10485,
  "mov_kp_n": 10485,
  "fpfh_feat_s": 0.3454868346452713,
  "fpfh_ransac_s": 1.1686753062531352,
  "fpfh_icp_s": 5.42356319911778,
  "fpfh_total_s": 6.937725340016186,
  "fpfh_ransac_fitness": 0.0,
  "fpfh_ransac_rmse": 0.0,
  "fpfh_icp_fitness": 0.0,
  "fpfh_icp_rmse": 0.0,
  "fpfh_cov_5mm": 0.0,
  "fpfh_cov_10mm": 0.0,
  "fpfh_trimrmse_5mm": NaN,
  "fpfh_trimrmse_10mm": NaN,
  "fpfh_chamfer": 8.107914416820307,
  "spinnet_ref_feat_s": 58.7061904463917,
  "spinnet_mov_feat_s": 60.76162054669112,
  "spinnet_feat_s": 119.46781099308282,
  "spinnet_ransac_s": 4.295189036987722,
  "spinnet_icp_s": 30.95546345692128,
  "spinnet_total_s": 154.71846348699182,
  "spinnet_ransac_fitness": 0.5203624225083453,
  "spinnet_ransac_rmse": 0.0051265754102914835,
  "spinnet_icp_fitness": 0.7907063588071319,
  "spinnet_icp_rmse": 0.0012214229398362308,
  "spinnet_cov_5mm": 0.7907063588071319,
  "spinnet_cov_10mm": 0.8165541705382867,
  "spinnet_trimrmse_5mm": 0.0012214229398362388,
  "spinnet_trimrmse_10mm": 0.0017577104966636098,
  "spinnet_chamfer": 0.01667941992984205,
  "fpfh_T_icp": [
    [
      1.0,
      0.0,
      0.0,
      0.0
    ],
    [
      0.0,
      1.0,
      0.0,
      0.0
    ],
    [
      0.0,
      0.0,
      1.0,
      0.0
    ],
    [
      0.0,
      0.0,
      0.0,
      1.0
    ]
  ],
  "spinnet_T_icp": [
    [
      0.4415949072126059,
      -0.04350028275219621,
      0.8961593961591722,
      4.24845702279252
    ],
    [
      0.8933248061541329,
      0.11422354735207978,
      -0.43465362294588505,
      -1.5722753293230782
    ],
    [
      -0.08345494972478557,
      0.9925022451515121,
      0.08930041845169229,
      0.578287181199397
    ],
    [
      0.0,
      0.0,
      0.0,
      1.0
    ]
  ],
  "combine_w_fpfh": 1.0,
  "combine_w_spinnet": 1.0,
  "combine_feat_s": 119.81329782772809,
  "combine_ransac_s": 8.173995655961335,
  "combine_icp_s": 16.464518055319786,
  "combine_total_s": 144.4518115390092,
  "combine_ransac_fitness": 0.3470672389127325,
  "combine_ransac_rmse": 0.005367346799641306,
  "combine_icp_fitness": 0.7906426597006726,
  "combine_icp_rmse": 0.00122168504193126,
  "combine_cov_5mm": 0.7906426597006726,
  "combine_cov_10mm": 0.8165722867979219,
  "combine_trimrmse_5mm": 0.0012216850419313578,
  "combine_trimrmse_10mm": 0.001758693826554349,
  "combine_chamfer": 0.01667548819588842,
  "combine_T_icp": [
    [
      0.4416743323357901,
      -0.04348241260160307,
      0.8961211212498473,
      4.248141952566272
    ],
    [
      0.8932877949388879,
      0.11419684801405676,
      -0.43473669653811864,
      -1.5725557692558216
    ],
    [
      -0.08343080707362599,
      0.9925061005847778,
      0.08928012507296908,
      0.5781803865204673
    ],
    [
      0.0,
      0.0,
      0.0,
      1.0
    ]
  ]
}