{
  "K": 80045,
  "seed": 2,
  "voxel_size": 0.005,
  "patch_radius": 0.3,
  "ref_support_n": 200112,
  "mov_support_n": 457980,
  "ref_kp_n": 80045,
  "mov_kp_n": 80045,
  "fpfh_feat_s": 2.2465972742065787,
  "fpfh_ransac_s": 126.38646535389125,
  "fpfh_icp_s": 6.055673751980066,
  "fpfh_total_s": 134.6887363800779,
  "fpfh_ransac_fitness": 0.0,
  "fpfh_ransac_rmse": 0.0,
  "fpfh_icp_fitness": 0.0012199443705367035,
  "fpfh_icp_rmse": 0.003561943380193047,
  "fpfh_cov_5mm": 0.0012199443705367035,
  "fpfh_cov_10mm": 0.0033374478123797554,
  "fpfh_trimrmse_5mm": 0.003561943380193056,
  "fpfh_trimrmse_10mm": 0.00642001447809701,
  "fpfh_chamfer": 2.074958949899799,
  "spinnet_ref_feat_s": 394.88926339149475,
  "spinnet_mov_feat_s": 553.4911774359643,
  "spinnet_feat_s": 948.3804408274591,
  "spinnet_ransac_s": 254.81398168206215,
  "spinnet_icp_s": 6.0405450984835625,
  "spinnet_total_s": 1209.2349676080048,
  "spinnet_ransac_fitness": 0.35041539134236993,
  "spinnet_ransac_rmse": 0.005380180603674979,
  "spinnet_icp_fitness": 0.45046905861092734,
  "spinnet_icp_rmse": 0.003443395302146887,
  "spinnet_cov_5mm": 0.45046905861092734,
  "spinnet_cov_10mm": 0.8186762683621627,
  "spinnet_trimrmse_5mm": 0.003443395302146901,
  "spinnet_trimrmse_10mm": 0.005406544302564484,
  "spinnet_chamfer": 0.012774890826364373,
  "fpfh_T_icp": [
    [
      0.9993335391745971,
      0.01127851412382698,
      -0.034717036162852405,
      -0.021136609419755033
    ],
    [
      -0.010776419093213096,
      0.9998351099461318,
      0.01461580345153822,
      0.008799809587165329
    ],
    [
      0.034876156214548606,
      -0.01423193725974084,
      0.9992903010084375,
      -0.005744314986373506
    ],
    [
      0.0,
      0.0,
      0.0,
      1.0
    ]
  ],
  "spinnet_T_icp": [
    [
      -0.04165471327653923,
      -0.9743448401986486,
      0.22117191783795667,
      0.13904723329028046
    ],
    [
      0.008667600222263105,
      -0.22170811256501657,
      -0.9750745538312674,
      -2.1646636357330875
    ],
    [
      0.9990944687907328,
      -0.0386994211988803,
      0.01768041941344538,
      -0.04364943049814274
    ],
    [
      0.0,
      0.0,
      0.0,
      1.0
    ]
  ]
}