{
  "K": 2621,
  "seed": 2,
  "voxel_size": 0.005,
  "patch_radius": 0.3,
  "ref_support_n": 52425,
  "mov_support_n": 59566,
  "ref_kp_n": 2621,
  "mov_kp_n": 2621,
  "fpfh_feat_s": 0.35649038664996624,
  "fpfh_ransac_s": 0.2062621796503663,
  "fpfh_icp_s": 5.236967938952148,
  "fpfh_total_s": 5.7997205052524805,
  "fpfh_ransac_fitness": 0.0,
  "fpfh_ransac_rmse": 0.0,
  "fpfh_icp_fitness": 0.0,
  "fpfh_icp_rmse": 0.0,
  "fpfh_cov_5mm": 0.0,
  "fpfh_cov_10mm": 0.0,
  "fpfh_trimrmse_5mm": NaN,
  "fpfh_trimrmse_10mm": NaN,
  "fpfh_chamfer": 8.107914416820307,
  "spinnet_ref_feat_s": 14.684733744710684,
  "spinnet_mov_feat_s": 15.083990523591638,
  "spinnet_feat_s": 29.76872426830232,
  "spinnet_ransac_s": 0.34690216835588217,
  "spinnet_icp_s": 17.216902029700577,
  "spinnet_total_s": 47.33252846635878,
  "spinnet_ransac_fitness": 0.1163677985501717,
  "spinnet_ransac_rmse": 0.005737780570269399,
  "spinnet_icp_fitness": 0.7907005148524109,
  "spinnet_icp_rmse": 0.0012221891660743535,
  "spinnet_cov_5mm": 0.7907005148524109,
  "spinnet_cov_10mm": 0.8165156004371278,
  "spinnet_trimrmse_5mm": 0.0012221891660743661,
  "spinnet_trimrmse_10mm": 0.0017581638954397261,
  "spinnet_chamfer": 0.01668391127057711,
  "fpfh_T_icp": [
    [
      1.0,
      0.0,
      0.0,
      0.0
    ],
    [
      0.0,
      1.0,
      0.0,
      0.0
    ],
    [
      0.0,
      0.0,
      1.0,
      0.0
    ],
    [
      0.0,
      0.0,
      0.0,
      1.0
    ]
  ],
  "spinnet_T_icp": [
    [
      0.4415197804392885,
      -0.04339587351516421,
      0.8962014738007882,
      4.248729781419701
    ],
    [
      0.8933425869810921,
      0.11439446764161662,
      -0.4345721206646021,
      -1.5718098405426344
    ],
    [
      -0.08366185371349522,
      0.9924871303623309,
      0.08927480214693677,
      0.5780942870770689
    ],
    [
      0.0,
      0.0,
      0.0,
      1.0
    ]
  ],
  "combine_w_fpfh": 1.0,
  "combine_w_spinnet": 1.0,
  "combine_feat_s": 30.125214654952288,
  "combine_ransac_s": 0.6096985600888729,
  "combine_icp_s": 13.99217461887747,
  "combine_total_s": 44.72708783391863,
  "combine_ransac_fitness": 0.2739412438000763,
  "combine_ransac_rmse": 0.005334252005981151,
  "combine_icp_fitness": 0.790701099247883,
  "combine_icp_rmse": 0.0012225010578487958,
  "combine_cov_5mm": 0.790701099247883,
  "combine_cov_10mm": 0.8165600144930077,
  "combine_trimrmse_5mm": 0.0012225010578488296,
  "combine_trimrmse_10mm": 0.0017586409014302327,
  "combine_chamfer": 0.016682188412053274,
  "combine_T_icp": [
    [
      0.44158021527957353,
      -0.04351333027649525,
      0.8961660022350165,
      4.248550664396836
    ],
    [
      0.8933335266052316,
      0.11421090798491657,
      -0.4346390211892102,
      -1.5722782949520835
    ],
    [
      -0.08343934154041557,
      0.992503127745957,
      0.08930519412549531,
      0.5783237819192075
    ],
    [
      0.0,
      0.0,
      0.0,
      1.0
    ]
  ]
}