{
  "K": 5242,
  "seed": 0,
  "voxel_size": 0.005,
  "patch_radius": 0.3,
  "ref_support_n": 52425,
  "mov_support_n": 59566,
  "ref_kp_n": 5242,
  "mov_kp_n": 5242,
  "fpfh_feat_s": 0.34506022464483976,
  "fpfh_ransac_s": 0.39026669692248106,
  "fpfh_icp_s": 5.047854735516012,
  "fpfh_total_s": 5.7831816570833325,
  "fpfh_ransac_fitness": 0.0,
  "fpfh_ransac_rmse": 0.0,
  "fpfh_icp_fitness": 0.0,
  "fpfh_icp_rmse": 0.0,
  "fpfh_cov_5mm": 0.0,
  "fpfh_cov_10mm": 0.0,
  "fpfh_trimrmse_5mm": NaN,
  "fpfh_trimrmse_10mm": NaN,
  "fpfh_chamfer": 8.107914416820307,
  "spinnet_ref_feat_s": 29.18721762113273,
  "spinnet_mov_feat_s": 30.195373131893575,
  "spinnet_feat_s": 59.38259075302631,
  "spinnet_ransac_s": 1.1601303685456514,
  "spinnet_icp_s": 25.62428295146674,
  "spinnet_total_s": 86.1670040730387,
  "spinnet_ransac_fitness": 0.23140022892025944,
  "spinnet_ransac_rmse": 0.005489367429527924,
  "spinnet_icp_fitness": 0.7907034368297714,
  "spinnet_icp_rmse": 0.001221765289854141,
  "spinnet_cov_5mm": 0.7907034368297714,
  "spinnet_cov_10mm": 0.8165600144930077,
  "spinnet_trimrmse_5mm": 0.0012217652898541859,
  "spinnet_trimrmse_10mm": 0.0017580166034543913,
  "spinnet_chamfer": 0.01668006516175136,
  "fpfh_T_icp": [
    [
      1.0,
      0.0,
      0.0,
      0.0
    ],
    [
      0.0,
      1.0,
      0.0,
      0.0
    ],
    [
      0.0,
      0.0,
      1.0,
      0.0
    ],
    [
      0.0,
      0.0,
      0.0,
      1.0
    ]
  ],
  "spinnet_T_icp": [
    [
      0.4416085014767221,
      -0.0434913722780246,
      0.8961531297500807,
      4.248466086934068
    ],
    [
      0.8933186137659542,
      0.11421445383525007,
      -0.4346687391961742,
      -1.572385111465201
    ],
    [
      -0.08344930031315408,
      0.9925036821455623,
      0.0892897261993518,
      0.5782415118124331
    ],
    [
      0.0,
      0.0,
      0.0,
      1.0
    ]
  ],
  "combine_w_fpfh": 1.0,
  "combine_w_spinnet": 1.0,
  "combine_feat_s": 59.727650977671146,
  "combine_ransac_s": 2.2050250358879566,
  "combine_icp_s": 9.994802149012685,
  "combine_total_s": 71.92747816257179,
  "combine_ransac_fitness": 0.45173597863410914,
  "combine_ransac_rmse": 0.0050342389473883,
  "combine_icp_fitness": 0.7906987616659946,
  "combine_icp_rmse": 0.0012218895568714028,
  "combine_cov_5mm": 0.7906987616659946,
  "combine_cov_10mm": 0.816555923724703,
  "combine_trimrmse_5mm": 0.0012218895568714035,
  "combine_trimrmse_10mm": 0.0017581430688873773,
  "combine_chamfer": 0.01668097252608486,
  "combine_T_icp": [
    [
      0.4416006588872411,
      -0.043488123591078495,
      0.8961571520536368,
      4.248499263426457
    ],
    [
      0.8933208447026056,
      0.11423158426435832,
      -0.43465965257460853,
      -1.572341158053229
    ],
    [
      -0.08346691853770237,
      0.9925018530274835,
      0.08929359017778755,
      0.578254450825174
    ],
    [
      0.0,
      0.0,
      0.0,
      1.0
    ]
  ]
}