{
  "K": 24577,
  "seed": 4,
  "voxel_size": 0.005,
  "patch_radius": 0.3,
  "ref_support_n": 61443,
  "mov_support_n": 65640,
  "ref_kp_n": 24577,
  "mov_kp_n": 24577,
  "fpfh_feat_s": 0.3982181129977107,
  "fpfh_ransac_s": 4.220369819551706,
  "fpfh_icp_s": 3.041988388635218,
  "fpfh_total_s": 7.660576321184635,
  "fpfh_ransac_fitness": 0.8736623672539366,
  "fpfh_ransac_rmse": 0.003878349775821744,
  "fpfh_icp_fitness": 0.9862410742310107,
  "fpfh_icp_rmse": 0.0014638340096400691,
  "fpfh_cov_5mm": 0.9862410742310107,
  "fpfh_cov_10mm": 0.9974914665725048,
  "fpfh_trimrmse_5mm": 0.0014638340096400533,
  "fpfh_trimrmse_10mm": 0.001622998286651128,
  "fpfh_chamfer": 0.00298564922534837,
  "spinnet_ref_feat_s": 140.83118151687086,
  "spinnet_mov_feat_s": 145.3461196301505,
  "spinnet_feat_s": 286.17730114702135,
  "spinnet_ransac_s": 22.74614085815847,
  "spinnet_icp_s": 3.090214720927179,
  "spinnet_total_s": 312.013656726107,
  "spinnet_ransac_fitness": 0.0,
  "spinnet_ransac_rmse": 0.0,
  "spinnet_icp_fitness": 0.0,
  "spinnet_icp_rmse": 0.0,
  "spinnet_cov_5mm": 0.0,
  "spinnet_cov_10mm": 0.0,
  "spinnet_trimrmse_5mm": NaN,
  "spinnet_trimrmse_10mm": NaN,
  "spinnet_chamfer": 3.435376785446324,
  "fpfh_T_icp": [
    [
      -0.9792731342319975,
      0.02105151815101787,
      0.20144716963754264,
      -0.03970754124538833
    ],
    [
      -0.2015137984017452,
      -0.001071174922840963,
      -0.9794850900539452,
      -2.3207009885292043
    ],
    [
      -0.02040386299552878,
      -0.9997778184015791,
      0.005291144208736082,
      -0.8192710544453741
    ],
    [
      0.0,
      0.0,
      0.0,
      1.0
    ]
  ],
  "spinnet_T_icp": [
    [
      1.0,
      0.0,
      0.0,
      0.0
    ],
    [
      0.0,
      1.0,
      0.0,
      0.0
    ],
    [
      0.0,
      0.0,
      1.0,
      0.0
    ],
    [
      0.0,
      0.0,
      0.0,
      1.0
    ]
  ]
}