{
  "K": 40464,
  "seed": 2,
  "voxel_size": 0.005,
  "patch_radius": 0.3,
  "ref_support_n": 202322,
  "mov_support_n": 470991,
  "ref_kp_n": 40464,
  "mov_kp_n": 40464,
  "fpfh_feat_s": 2.4816295597702265,
  "fpfh_ransac_s": 27.94071377813816,
  "fpfh_icp_s": 0.9422332290560007,
  "fpfh_total_s": 31.364576566964388,
  "fpfh_ransac_fitness": 0.0,
  "fpfh_ransac_rmse": 0.0,
  "fpfh_icp_fitness": 0.0,
  "fpfh_icp_rmse": 0.0,
  "fpfh_cov_5mm": 0.0,
  "fpfh_cov_10mm": 0.0,
  "fpfh_trimrmse_5mm": NaN,
  "fpfh_trimrmse_10mm": NaN,
  "fpfh_chamfer": 12.585496376008571,
  "spinnet_ref_feat_s": 197.72026653122157,
  "spinnet_mov_feat_s": 301.8933469131589,
  "spinnet_feat_s": 499.61361344438046,
  "spinnet_ransac_s": 32.68514206446707,
  "spinnet_icp_s": 3.0559923481196165,
  "spinnet_total_s": 535.3547478569672,
  "spinnet_ransac_fitness": 0.43698102016607354,
  "spinnet_ransac_rmse": 0.00512271360641104,
  "spinnet_icp_fitness": 0.7843075491514065,
  "spinnet_icp_rmse": 0.002911327648588916,
  "spinnet_cov_5mm": 0.7843075491514065,
  "spinnet_cov_10mm": 0.9405699289095527,
  "spinnet_trimrmse_5mm": 0.002911327648588928,
  "spinnet_trimrmse_10mm": 0.0038092232160664634,
  "spinnet_chamfer": 0.006363145449005305,
  "fpfh_T_icp": [
    [
      1.0,
      0.0,
      0.0,
      0.0
    ],
    [
      0.0,
      1.0,
      0.0,
      0.0
    ],
    [
      0.0,
      0.0,
      1.0,
      0.0
    ],
    [
      0.0,
      0.0,
      0.0,
      1.0
    ]
  ],
  "spinnet_T_icp": [
    [
      0.019400652031175993,
      -0.6825304301676756,
      -0.730599634954675,
      -5.865635512171684
    ],
    [
      0.00885495043946633,
      0.7308258045958689,
      -0.6825065810594978,
      -5.083899474114428
    ],
    [
      0.9997725764160006,
      0.00677164912950708,
      0.02022227026293136,
      0.119015603557326
    ],
    [
      0.0,
      0.0,
      0.0,
      1.0
    ]
  ],
  "combine_w_fpfh": 1.0,
  "combine_w_spinnet": 1.0,
  "combine_feat_s": 502.0952430041507,
  "combine_ransac_s": 313.39091689232737,
  "combine_icp_s": 2.2103028930723667,
  "combine_total_s": 817.6964627895504,
  "combine_ransac_fitness": 0.43512752075919336,
  "combine_ransac_rmse": 0.00511626673042619,
  "combine_icp_fitness": 0.7842914780657806,
  "combine_icp_rmse": 0.0029112741589765274,
  "combine_cov_5mm": 0.7842914780657806,
  "combine_cov_10mm": 0.9405771608980844,
  "combine_trimrmse_5mm": 0.002911274158976546,
  "combine_trimrmse_10mm": 0.0038093099985810766,
  "combine_chamfer": 0.00636306266617602,
  "combine_T_icp": [
    [
      0.01939567302892499,
      -0.6825316277518526,
      -0.7305986483604832,
      -5.86562527740266
    ],
    [
      0.00884650035576105,
      0.7308246601075,
      -0.6825079161520515,
      -5.083910549732358
    ],
    [
      0.9997727478278319,
      0.00677445917869858,
      0.020212852436645393,
      0.11894307624743265
    ],
    [
      0.0,
      0.0,
      0.0,
      1.0
    ]
  ]
}