{
  "K": 24577,
  "seed": 1,
  "voxel_size": 0.005,
  "patch_radius": 0.3,
  "ref_support_n": 61443,
  "mov_support_n": 65640,
  "ref_kp_n": 24577,
  "mov_kp_n": 24577,
  "fpfh_feat_s": 0.3940045740455389,
  "fpfh_ransac_s": 4.641018658876419,
  "fpfh_icp_s": 2.446629504673183,
  "fpfh_total_s": 7.481652737595141,
  "fpfh_ransac_fitness": 0.8724010253489034,
  "fpfh_ransac_rmse": 0.003883141322541149,
  "fpfh_icp_fitness": 0.9861920315442562,
  "fpfh_icp_rmse": 0.0014635625790172327,
  "fpfh_cov_5mm": 0.9861920315442562,
  "fpfh_cov_10mm": 0.997489014438167,
  "fpfh_trimrmse_5mm": 0.001463562579017249,
  "fpfh_trimrmse_10mm": 0.0016231002613160766,
  "fpfh_chamfer": 0.0029852183087473397,
  "spinnet_ref_feat_s": 144.47772781271487,
  "spinnet_mov_feat_s": 148.615524481982,
  "spinnet_feat_s": 293.09325229469687,
  "spinnet_ransac_s": 22.462638835422695,
  "spinnet_icp_s": 3.281506532803178,
  "spinnet_total_s": 318.83739766292274,
  "spinnet_ransac_fitness": 0.5653659925947023,
  "spinnet_ransac_rmse": 0.00484978200903323,
  "spinnet_icp_fitness": 0.9862386220966729,
  "spinnet_icp_rmse": 0.0014638295124306407,
  "spinnet_cov_5mm": 0.9862386220966729,
  "spinnet_cov_10mm": 0.9974914665725048,
  "spinnet_trimrmse_5mm": 0.0014638295124306201,
  "spinnet_trimrmse_10mm": 0.001622978260610227,
  "spinnet_chamfer": 0.002985174956294768,
  "fpfh_T_icp": [
    [
      -0.979279694224916,
      0.021063693871026346,
      0.20141400467512247,
      -0.03975637949335453
    ],
    [
      -0.20148081565254536,
      -0.0010772931340064763,
      -0.9794918684519477,
      -2.3207460502982316
    ],
    [
      -0.02041473494190234,
      -0.9997775553792031,
      0.005298901512650385,
      -0.819252697688837
    ],
    [
      0.0,
      0.0,
      0.0,
      1.0
    ]
  ],
  "spinnet_T_icp": [
    [
      -0.9792720725993307,
      0.021063100171052448,
      0.20145111972435367,
      -0.039696712533067696
    ],
    [
      -0.20151822365855737,
      -0.0010914020659569424,
      -0.9794841572863879,
      -2.3207242248767357
    ],
    [
      -0.020411108752625817,
      -0.9997775525849353,
      0.005313378094381502,
      -0.8192241449025386
    ],
    [
      0.0,
      0.0,
      0.0,
      1.0
    ]
  ],
  "combine_w_fpfh": 1.0,
  "combine_w_spinnet": 1.0,
  "combine_feat_s": 293.4872568687424,
  "combine_ransac_s": 69.83816560171545,
  "combine_icp_s": 1.6072018379345536,
  "combine_total_s": 364.9326243083924,
  "combine_ransac_fitness": 0.0,
  "combine_ransac_rmse": 0.0,
  "combine_icp_fitness": 0.0,
  "combine_icp_rmse": 0.0,
  "combine_cov_5mm": 0.0,
  "combine_cov_10mm": 0.0,
  "combine_trimrmse_5mm": NaN,
  "combine_trimrmse_10mm": NaN,
  "combine_chamfer": 3.435376785446324,
  "combine_T_icp": [
    [
      1.0,
      0.0,
      0.0,
      0.0
    ],
    [
      0.0,
      1.0,
      0.0,
      0.0
    ],
    [
      0.0,
      0.0,
      1.0,
      0.0
    ],
    [
      0.0,
      0.0,
      0.0,
      1.0
    ]
  ]
}