{
  "K": 21316,
  "seed": 1,
  "voxel_size": 0.005,
  "patch_radius": 0.3,
  "ref_support_n": 213157,
  "mov_support_n": 400580,
  "ref_kp_n": 21316,
  "mov_kp_n": 21316,
  "fpfh_feat_s": 2.158162389881909,
  "fpfh_ransac_s": 5.524229060858488,
  "fpfh_icp_s": 1.6408083168789744,
  "fpfh_total_s": 9.323199767619371,
  "fpfh_ransac_fitness": 0.0,
  "fpfh_ransac_rmse": 0.0,
  "fpfh_icp_fitness": 0.0,
  "fpfh_icp_rmse": 0.0,
  "fpfh_cov_5mm": 0.0,
  "fpfh_cov_10mm": 0.0,
  "fpfh_trimrmse_5mm": NaN,
  "fpfh_trimrmse_10mm": NaN,
  "fpfh_chamfer": 6.9438705283903115,
  "spinnet_ref_feat_s": 104.52576771657914,
  "spinnet_mov_feat_s": 148.7617706693709,
  "spinnet_feat_s": 253.28753838595003,
  "spinnet_ransac_s": 20.27967517822981,
  "spinnet_icp_s": 1.6134858755394816,
  "spinnet_total_s": 275.1806994397193,
  "spinnet_ransac_fitness": 0.0,
  "spinnet_ransac_rmse": 0.0,
  "spinnet_icp_fitness": 0.0,
  "spinnet_icp_rmse": 0.0,
  "spinnet_cov_5mm": 0.0,
  "spinnet_cov_10mm": 0.0,
  "spinnet_trimrmse_5mm": NaN,
  "spinnet_trimrmse_10mm": NaN,
  "spinnet_chamfer": 6.9438705283903115,
  "fpfh_T_icp": [
    [
      1.0,
      0.0,
      0.0,
      0.0
    ],
    [
      0.0,
      1.0,
      0.0,
      0.0
    ],
    [
      0.0,
      0.0,
      1.0,
      0.0
    ],
    [
      0.0,
      0.0,
      0.0,
      1.0
    ]
  ],
  "spinnet_T_icp": [
    [
      1.0,
      0.0,
      0.0,
      0.0
    ],
    [
      0.0,
      1.0,
      0.0,
      0.0
    ],
    [
      0.0,
      0.0,
      1.0,
      0.0
    ],
    [
      0.0,
      0.0,
      0.0,
      1.0
    ]
  ]
}