{
  "K": 78516,
  "seed": 4,
  "voxel_size": 0.005,
  "patch_radius": 0.3,
  "ref_support_n": 196290,
  "mov_support_n": 400580,
  "ref_kp_n": 78516,
  "mov_kp_n": 78516,
  "fpfh_feat_s": 2.210499376989901,
  "fpfh_ransac_s": 115.97196791414171,
  "fpfh_icp_s": 0.7884625671431422,
  "fpfh_total_s": 118.97092985827476,
  "fpfh_ransac_fitness": 0.0,
  "fpfh_ransac_rmse": 0.0,
  "fpfh_icp_fitness": 0.0,
  "fpfh_icp_rmse": 0.0,
  "fpfh_cov_5mm": 0.0,
  "fpfh_cov_10mm": 0.0,
  "fpfh_trimrmse_5mm": NaN,
  "fpfh_trimrmse_10mm": NaN,
  "fpfh_chamfer": 6.64051921124479,
  "spinnet_ref_feat_s": 450.1153719769791,
  "spinnet_mov_feat_s": 667.0232280157506,
  "spinnet_feat_s": 1117.1385999927297,
  "spinnet_ransac_s": 212.01163231767714,
  "spinnet_icp_s": 9.828769626095891,
  "spinnet_total_s": 1338.9790019365028,
  "spinnet_ransac_fitness": 0.5910515054256458,
  "spinnet_ransac_rmse": 0.005144893587617353,
  "spinnet_icp_fitness": 0.6435689118571882,
  "spinnet_icp_rmse": 0.0033300347925614704,
  "spinnet_cov_5mm": 0.6435689118571882,
  "spinnet_cov_10mm": 0.9383718166547292,
  "spinnet_trimrmse_5mm": 0.0033300347925614582,
  "spinnet_trimrmse_10mm": 0.004694603974967991,
  "spinnet_chamfer": 0.00859384692165915,
  "fpfh_T_icp": [
    [
      1.0,
      0.0,
      0.0,
      0.0
    ],
    [
      0.0,
      1.0,
      0.0,
      0.0
    ],
    [
      0.0,
      0.0,
      1.0,
      0.0
    ],
    [
      0.0,
      0.0,
      0.0,
      1.0
    ]
  ],
  "spinnet_T_icp": [
    [
      0.006320688190988813,
      -0.9182160358583435,
      0.39602949434781476,
      1.6225722277971264
    ],
    [
      0.050441908496422556,
      -0.3952404641097433,
      -0.9171916862889519,
      -4.466067619549816
    ],
    [
      0.9987069954536473,
      0.02577376617617526,
      0.043818377526614674,
      0.04412773660882303
    ],
    [
      0.0,
      0.0,
      0.0,
      1.0
    ]
  ],
  "combine_w_fpfh": 1.0,
  "combine_w_spinnet": 1.0,
  "combine_feat_s": 1119.3490993697196,
  "combine_ransac_s": 1310.9428296582773,
  "combine_icp_s": 7.908341609872878,
  "combine_total_s": 2438.20027063787,
  "combine_ransac_fitness": 0.5953945692597687,
  "combine_ransac_rmse": 0.005146132240552064,
  "combine_icp_fitness": 0.6426326574529384,
  "combine_icp_rmse": 0.0033589740379789666,
  "combine_cov_5mm": 0.6426326574529384,
  "combine_cov_10mm": 0.9514295946323555,
  "combine_trimrmse_5mm": 0.0033589740379789752,
  "combine_trimrmse_10mm": 0.004727036880790019,
  "combine_chamfer": 0.008442692881241078,
  "combine_T_icp": [
    [
      0.007213077931290287,
      -0.9183790634311041,
      0.39563602889292654,
      1.6197196416146213
    ],
    [
      0.05113684497016984,
      -0.39478988743106735,
      -0.9173472449779707,
      -4.4626730643981105
    ],
    [
      0.9986656069942814,
      0.026848475442190996,
      0.044115357566000504,
      0.04557468072943825
    ],
    [
      0.0,
      0.0,
      0.0,
      1.0
    ]
  ]
}