{
  "K": 80929,
  "seed": 0,
  "voxel_size": 0.005,
  "patch_radius": 0.3,
  "ref_support_n": 202322,
  "mov_support_n": 470991,
  "ref_kp_n": 80929,
  "mov_kp_n": 80929,
  "fpfh_feat_s": 2.321331645362079,
  "fpfh_ransac_s": 134.98409942351282,
  "fpfh_icp_s": 1.553487398661673,
  "fpfh_total_s": 138.85891846753657,
  "fpfh_ransac_fitness": 0.0,
  "fpfh_ransac_rmse": 0.0,
  "fpfh_icp_fitness": 0.0,
  "fpfh_icp_rmse": 0.0,
  "fpfh_cov_5mm": 0.0,
  "fpfh_cov_10mm": 0.0,
  "fpfh_trimrmse_5mm": NaN,
  "fpfh_trimrmse_10mm": NaN,
  "fpfh_chamfer": 12.585496376008571,
  "spinnet_ref_feat_s": 405.7905376255512,
  "spinnet_mov_feat_s": 594.4892760133371,
  "spinnet_feat_s": 1000.2798136388883,
  "spinnet_ransac_s": 207.29810195602477,
  "spinnet_icp_s": 1.5157506205141544,
  "spinnet_total_s": 1209.0936662154272,
  "spinnet_ransac_fitness": 0.6516576258201634,
  "spinnet_ransac_rmse": 0.004776448393873658,
  "spinnet_icp_fitness": 0.7843356735512519,
  "spinnet_icp_rmse": 0.002911634485667831,
  "spinnet_cov_5mm": 0.7843356735512519,
  "spinnet_cov_10mm": 0.9405940355379916,
  "spinnet_trimrmse_5mm": 0.0029116344856678347,
  "spinnet_trimrmse_10mm": 0.00380935985419946,
  "spinnet_chamfer": 0.006363102925316468,
  "fpfh_T_icp": [
    [
      1.0,
      0.0,
      0.0,
      0.0
    ],
    [
      0.0,
      1.0,
      0.0,
      0.0
    ],
    [
      0.0,
      0.0,
      1.0,
      0.0
    ],
    [
      0.0,
      0.0,
      0.0,
      1.0
    ]
  ],
  "spinnet_T_icp": [
    [
      0.019402217193686715,
      -0.6825719748085187,
      -0.7305607799313949,
      -5.86532348996655
    ],
    [
      0.00882202489038499,
      0.7307867591070613,
      -0.6825488148042099,
      -5.084278565654104
    ],
    [
      0.9997728371209147,
      0.0067979349656309964,
      0.020200550373705366,
      0.11885373785367005
    ],
    [
      0.0,
      0.0,
      0.0,
      1.0
    ]
  ]
}