{
  "K": 80045,
  "seed": 0,
  "voxel_size": 0.005,
  "patch_radius": 0.3,
  "ref_support_n": 200112,
  "mov_support_n": 457980,
  "ref_kp_n": 80045,
  "mov_kp_n": 80045,
  "fpfh_feat_s": 2.320199537090957,
  "fpfh_ransac_s": 128.08364823274314,
  "fpfh_icp_s": 4.800075852312148,
  "fpfh_total_s": 135.20392362214625,
  "fpfh_ransac_fitness": 0.0,
  "fpfh_ransac_rmse": 0.0,
  "fpfh_icp_fitness": 0.0011591471428902842,
  "fpfh_icp_rmse": 0.0035216234483522405,
  "fpfh_cov_5mm": 0.0011591471428902842,
  "fpfh_cov_10mm": 0.0032822503293849802,
  "fpfh_trimrmse_5mm": 0.003521623448352241,
  "fpfh_trimrmse_10mm": 0.006468548816129193,
  "fpfh_chamfer": 2.0708245160856578,
  "spinnet_ref_feat_s": 388.4425064632669,
  "spinnet_mov_feat_s": 579.7812820812687,
  "spinnet_feat_s": 968.2237885445356,
  "spinnet_ransac_s": 243.5633819513023,
  "spinnet_icp_s": 8.481063240207732,
  "spinnet_total_s": 1220.2682337360457,
  "spinnet_ransac_fitness": 0.38505840464738583,
  "spinnet_ransac_rmse": 0.005304116492912353,
  "spinnet_icp_fitness": 0.4520689856542542,
  "spinnet_icp_rmse": 0.0034150824838663613,
  "spinnet_cov_5mm": 0.4520689856542542,
  "spinnet_cov_10mm": 0.8205161844619885,
  "spinnet_trimrmse_5mm": 0.003415082483866356,
  "spinnet_trimrmse_10mm": 0.005410587789852922,
  "spinnet_chamfer": 0.012934187987966209,
  "fpfh_T_icp": [
    [
      0.9999129859183817,
      -0.004355788273684345,
      -0.012451815141055813,
      -0.010954685334136474
    ],
    [
      0.0042908012274315835,
      0.9999770599893362,
      -0.005241041873188179,
      -0.0029817545998715414
    ],
    [
      0.012474358365016829,
      0.005187157565050532,
      0.9999087377254913,
      0.002752464018567981
    ],
    [
      0.0,
      0.0,
      0.0,
      1.0
    ]
  ],
  "spinnet_T_icp": [
    [
      -0.039934080819418794,
      -0.9744220777607587,
      0.22114900759791464,
      0.14120589004082826
    ],
    [
      0.008118521259019873,
      -0.22163466753381733,
      -0.9750959766914018,
      -2.1720442777192654
    ],
    [
      0.9991693343981777,
      -0.03714415862028906,
      0.016761643079239205,
      -0.044027765346140474
    ],
    [
      0.0,
      0.0,
      0.0,
      1.0
    ]
  ],
  "combine_w_fpfh": 1.0,
  "combine_w_spinnet": 1.0,
  "combine_feat_s": 970.5439880816266,
  "combine_ransac_s": 1691.4746088078246,
  "combine_icp_s": 8.38605478592217,
  "combine_total_s": 2670.4046516753733,
  "combine_ransac_fitness": 0.4143419326628771,
  "combine_ransac_rmse": 0.0052773113434912595,
  "combine_icp_fitness": 0.4534113244436054,
  "combine_icp_rmse": 0.003423213823525848,
  "combine_cov_5mm": 0.4534113244436054,
  "combine_cov_10mm": 0.8196378245152021,
  "combine_trimrmse_5mm": 0.0034232138235258973,
  "combine_trimrmse_10mm": 0.005404531285866412,
  "combine_chamfer": 0.01292780231232336,
  "combine_T_icp": [
    [
      -0.04021504701664828,
      -0.9744494073870957,
      0.22097760618761625,
      0.14059780222751625
    ],
    [
      0.009571003930603068,
      -0.22152203671694037,
      -0.9751083955810013,
      -2.1714815383274866
    ],
    [
      0.9991452076035944,
      -0.03709905243722117,
      0.018234978230070947,
      -0.039597915371084286
    ],
    [
      0.0,
      0.0,
      0.0,
      1.0
    ]
  ]
}