{
  "K": 9814,
  "seed": 4,
  "voxel_size": 0.005,
  "patch_radius": 0.3,
  "ref_support_n": 196290,
  "mov_support_n": 400580,
  "ref_kp_n": 9814,
  "mov_kp_n": 9814,
  "fpfh_feat_s": 2.1097632301971316,
  "fpfh_ransac_s": 1.6475760089233518,
  "fpfh_icp_s": 0.7524091973900795,
  "fpfh_total_s": 4.509748436510563,
  "fpfh_ransac_fitness": 0.0,
  "fpfh_ransac_rmse": 0.0,
  "fpfh_icp_fitness": 0.0,
  "fpfh_icp_rmse": 0.0,
  "fpfh_cov_5mm": 0.0,
  "fpfh_cov_10mm": 0.0,
  "fpfh_trimrmse_5mm": NaN,
  "fpfh_trimrmse_10mm": NaN,
  "fpfh_chamfer": 6.64051921124479,
  "spinnet_ref_feat_s": 50.25872173253447,
  "spinnet_mov_feat_s": 71.46978657785803,
  "spinnet_feat_s": 121.7285083103925,
  "spinnet_ransac_s": 2.478604375384748,
  "spinnet_icp_s": 7.806774699129164,
  "spinnet_total_s": 132.0138873849064,
  "spinnet_ransac_fitness": 0.12736906460158956,
  "spinnet_ransac_rmse": 0.005588067707405933,
  "spinnet_icp_fitness": 0.6400639800608324,
  "spinnet_icp_rmse": 0.0033166784680664445,
  "spinnet_cov_5mm": 0.6400639800608324,
  "spinnet_cov_10mm": 0.9334641091772202,
  "spinnet_trimrmse_5mm": 0.0033166784680664263,
  "spinnet_trimrmse_10mm": 0.004705146719183056,
  "spinnet_chamfer": 0.008691212199655095,
  "fpfh_T_icp": [
    [
      1.0,
      0.0,
      0.0,
      0.0
    ],
    [
      0.0,
      1.0,
      0.0,
      0.0
    ],
    [
      0.0,
      0.0,
      1.0,
      0.0
    ],
    [
      0.0,
      0.0,
      0.0,
      1.0
    ]
  ],
  "spinnet_T_icp": [
    [
      0.006123986038329101,
      -0.918182595841605,
      0.3961101077839073,
      1.623078744186267
    ],
    [
      0.0505303810815287,
      -0.39532734635830774,
      -0.9171493715906127,
      -4.46654943740649
    ],
    [
      0.9987037485574836,
      0.025632204643248883,
      0.043975137320635675,
      0.04493721777263183
    ],
    [
      0.0,
      0.0,
      0.0,
      1.0
    ]
  ],
  "combine_w_fpfh": 1.0,
  "combine_w_spinnet": 1.0,
  "combine_feat_s": 123.83827154058963,
  "combine_ransac_s": 6.601179518736899,
  "combine_icp_s": 12.346628084778786,
  "combine_total_s": 142.78607914410532,
  "combine_ransac_fitness": 0.1254330548196454,
  "combine_ransac_rmse": 0.005595861974253977,
  "combine_icp_fitness": 0.6419332770188889,
  "combine_icp_rmse": 0.00335864397538028,
  "combine_cov_5mm": 0.6419332770188889,
  "combine_cov_10mm": 0.9509526348415113,
  "combine_trimrmse_5mm": 0.003358643975380229,
  "combine_trimrmse_10mm": 0.004734095932659835,
  "combine_chamfer": 0.008458595487207387,
  "combine_T_icp": [
    [
      0.007248345814143667,
      -0.9183964030646232,
      0.3955951318215788,
      1.6194218059785865
    ],
    [
      0.05129774833859915,
      -0.3947431445054225,
      -0.9173583764709295,
      -4.4623666293695505
    ],
    [
      0.9986570995583789,
      0.026942470264320666,
      0.04425043274034633,
      0.04629246922122886
    ],
    [
      0.0,
      0.0,
      0.0,
      1.0
    ]
  ]
}