{
  "K": 10006,
  "seed": 2,
  "voxel_size": 0.005,
  "patch_radius": 0.3,
  "ref_support_n": 200112,
  "mov_support_n": 457980,
  "ref_kp_n": 10006,
  "mov_kp_n": 10006,
  "fpfh_feat_s": 2.3153629740700126,
  "fpfh_ransac_s": 1.897405537776649,
  "fpfh_icp_s": 6.69781699590385,
  "fpfh_total_s": 10.910585507750511,
  "fpfh_ransac_fitness": 0.0,
  "fpfh_ransac_rmse": 0.0,
  "fpfh_icp_fitness": 0.0012199443705367035,
  "fpfh_icp_rmse": 0.003561943380193052,
  "fpfh_cov_5mm": 0.0012199443705367035,
  "fpfh_cov_10mm": 0.0033374478123797554,
  "fpfh_trimrmse_5mm": 0.003561943380193056,
  "fpfh_trimrmse_10mm": 0.006420014478097011,
  "fpfh_chamfer": 2.074958949899799,
  "spinnet_ref_feat_s": 49.20946110598743,
  "spinnet_mov_feat_s": 75.57968598138541,
  "spinnet_feat_s": 124.78914708737284,
  "spinnet_ransac_s": 3.029450798407197,
  "spinnet_icp_s": 2.846244047395885,
  "spinnet_total_s": 130.66484193317592,
  "spinnet_ransac_fitness": 0.08824705176893864,
  "spinnet_ransac_rmse": 0.0057098464431139615,
  "spinnet_icp_fitness": 0.45254896376725223,
  "spinnet_icp_rmse": 0.0034162280304041387,
  "spinnet_cov_5mm": 0.45254896376725223,
  "spinnet_cov_10mm": 0.8216001350338424,
  "spinnet_trimrmse_5mm": 0.003416228030404181,
  "spinnet_trimrmse_10mm": 0.005405212857592283,
  "spinnet_chamfer": 0.012777065356065003,
  "fpfh_T_icp": [
    [
      0.9993335391745972,
      0.011278514123827446,
      -0.03471703616285252,
      -0.02113660941975501
    ],
    [
      -0.010776419093213568,
      0.9998351099461319,
      0.01461580345153818,
      0.008799809587165166
    ],
    [
      0.03487615621454874,
      -0.014231937259740784,
      0.9992903010084375,
      -0.005744314986373535
    ],
    [
      0.0,
      0.0,
      0.0,
      1.0
    ]
  ],
  "spinnet_T_icp": [
    [
      -0.0406950622106876,
      -0.974373435593461,
      0.2212245915839018,
      0.14067575736164545
    ],
    [
      0.008616830301365244,
      -0.22174201255169382,
      -0.9750672951674064,
      -2.169618713857102
    ],
    [
      0.9991344564908301,
      -0.03777416947227719,
      0.017419815540181245,
      -0.04322846744305511
    ],
    [
      0.0,
      0.0,
      0.0,
      1.0
    ]
  ]
}