{
  "K": 10485,
  "seed": 2,
  "voxel_size": 0.005,
  "patch_radius": 0.3,
  "ref_support_n": 52425,
  "mov_support_n": 59566,
  "ref_kp_n": 10485,
  "mov_kp_n": 10485,
  "fpfh_feat_s": 0.3571838568896055,
  "fpfh_ransac_s": 1.1228846525773406,
  "fpfh_icp_s": 5.0947545524686575,
  "fpfh_total_s": 6.574823061935604,
  "fpfh_ransac_fitness": 0.0,
  "fpfh_ransac_rmse": 0.0,
  "fpfh_icp_fitness": 0.0,
  "fpfh_icp_rmse": 0.0,
  "fpfh_cov_5mm": 0.0,
  "fpfh_cov_10mm": 0.0,
  "fpfh_trimrmse_5mm": NaN,
  "fpfh_trimrmse_10mm": NaN,
  "fpfh_chamfer": 8.107914416820307,
  "spinnet_ref_feat_s": 58.77840037085116,
  "spinnet_mov_feat_s": 60.976504740305245,
  "spinnet_feat_s": 119.7549051111564,
  "spinnet_ransac_s": 4.129761876538396,
  "spinnet_icp_s": 32.512490794062614,
  "spinnet_total_s": 156.39715778175741,
  "spinnet_ransac_fitness": 0.38645684310920364,
  "spinnet_ransac_rmse": 0.00519947867380447,
  "spinnet_icp_fitness": 0.7907122027618531,
  "spinnet_icp_rmse": 0.001221608556303721,
  "spinnet_cov_5mm": 0.7907122027618531,
  "spinnet_cov_10mm": 0.8165524173518703,
  "spinnet_trimrmse_5mm": 0.0012216085563037452,
  "spinnet_trimrmse_10mm": 0.0017577122307619428,
  "spinnet_chamfer": 0.01667976679023234,
  "fpfh_T_icp": [
    [
      1.0,
      0.0,
      0.0,
      0.0
    ],
    [
      0.0,
      1.0,
      0.0,
      0.0
    ],
    [
      0.0,
      0.0,
      1.0,
      0.0
    ],
    [
      0.0,
      0.0,
      0.0,
      1.0
    ]
  ],
  "spinnet_T_icp": [
    [
      0.44159429002044526,
      -0.043501502325984716,
      0.8961596410889768,
      4.248468733562571
    ],
    [
      0.8933253239390494,
      0.11422154104748362,
      -0.4346530860006958,
      -1.5722844611425484
    ],
    [
      -0.0834526729980867,
      0.9925024225945871,
      0.08930057398110072,
      0.5782899170743807
    ],
    [
      0.0,
      0.0,
      0.0,
      1.0
    ]
  ],
  "combine_w_fpfh": 1.0,
  "combine_w_spinnet": 1.0,
  "combine_feat_s": 120.11208896804601,
  "combine_ransac_s": 7.7891160836443305,
  "combine_icp_s": 13.297294036485255,
  "combine_total_s": 141.1984990881756,
  "combine_ransac_fitness": 0.5330472103004292,
  "combine_ransac_rmse": 0.005337897937733168,
  "combine_icp_fitness": 0.7907057744116599,
  "combine_icp_rmse": 0.0012230178005144324,
  "combine_cov_5mm": 0.7907057744116599,
  "combine_cov_10mm": 0.8165705336115056,
  "combine_trimrmse_5mm": 0.0012230178005143936,
  "combine_trimrmse_10mm": 0.0017590603804690486,
  "combine_chamfer": 0.016682172645928126,
  "combine_T_icp": [
    [
      0.44160514900603565,
      -0.04348672140650536,
      0.8961550074806667,
      4.24853197629417
    ],
    [
      0.8933212135039856,
      0.11420061699367466,
      -0.4346670318554567,
      -1.5724448616188003
    ],
    [
      -0.08343921065737223,
      0.9925054781408426,
      0.08927919122224205,
      0.5782021736415146
    ],
    [
      0.0,
      0.0,
      0.0,
      1.0
    ]
  ]
}