{
  "K": 20232,
  "seed": 4,
  "voxel_size": 0.005,
  "patch_radius": 0.3,
  "ref_support_n": 202322,
  "mov_support_n": 470991,
  "ref_kp_n": 20232,
  "mov_kp_n": 20232,
  "fpfh_feat_s": 2.3594033578410745,
  "fpfh_ransac_s": 6.1322040893137455,
  "fpfh_icp_s": 1.5206094263121486,
  "fpfh_total_s": 10.012216873466969,
  "fpfh_ransac_fitness": 0.0,
  "fpfh_ransac_rmse": 0.0,
  "fpfh_icp_fitness": 0.0,
  "fpfh_icp_rmse": 0.0,
  "fpfh_cov_5mm": 0.0,
  "fpfh_cov_10mm": 0.0,
  "fpfh_trimrmse_5mm": NaN,
  "fpfh_trimrmse_10mm": NaN,
  "fpfh_chamfer": 12.585496376008571,
  "spinnet_ref_feat_s": 101.7306561684236,
  "spinnet_mov_feat_s": 151.815326532349,
  "spinnet_feat_s": 253.54598270077258,
  "spinnet_ransac_s": 9.392038194462657,
  "spinnet_icp_s": 1.5256608286872506,
  "spinnet_total_s": 264.4636817239225,
  "spinnet_ransac_fitness": 0.254300118623962,
  "spinnet_ransac_rmse": 0.005243683557630754,
  "spinnet_icp_fitness": 0.7843348699969706,
  "spinnet_icp_rmse": 0.002911620519099438,
  "spinnet_cov_5mm": 0.7843348699969706,
  "spinnet_cov_10mm": 0.940592428429429,
  "spinnet_trimrmse_5mm": 0.0029116205190994355,
  "spinnet_trimrmse_10mm": 0.0038093405184184315,
  "spinnet_chamfer": 0.0063630929610981116,
  "fpfh_T_icp": [
    [
      1.0,
      0.0,
      0.0,
      0.0
    ],
    [
      0.0,
      1.0,
      0.0,
      0.0
    ],
    [
      0.0,
      0.0,
      1.0,
      0.0
    ],
    [
      0.0,
      0.0,
      0.0,
      1.0
    ]
  ],
  "spinnet_T_icp": [
    [
      0.01940469104816617,
      -0.6825707813553373,
      -0.7305618292829762,
      -5.865331029124724
    ],
    [
      0.00882190897349815,
      0.730787857619811,
      -0.6825476401523259,
      -5.08426895395544
    ],
    [
      0.9997727901315314,
      0.006799676125363974,
      0.020202289899949946,
      0.1188683179327298
    ],
    [
      0.0,
      0.0,
      0.0,
      1.0
    ]
  ]
}