{
  "K": 89606,
  "seed": 0,
  "voxel_size": 0.005,
  "patch_radius": 0.3,
  "ref_support_n": 451634,
  "mov_support_n": 448032,
  "ref_kp_n": 89606,
  "mov_kp_n": 89606,
  "fpfh_feat_s": 3.677061729133129,
  "fpfh_ransac_s": 124.40683164447546,
  "fpfh_icp_s": 20.423574053682387,
  "fpfh_total_s": 148.50746742729098,
  "fpfh_ransac_fitness": 0.0,
  "fpfh_ransac_rmse": 0.0,
  "fpfh_icp_fitness": 0.0014692894484199333,
  "fpfh_icp_rmse": 0.0031377315107188083,
  "fpfh_cov_5mm": 0.0014692894484199333,
  "fpfh_cov_10mm": 0.0026431196017625068,
  "fpfh_trimrmse_5mm": 0.003137731510718809,
  "fpfh_trimrmse_10mm": 0.005530341803614228,
  "fpfh_chamfer": 2.0489803121514667,
  "spinnet_ref_feat_s": 750.5302126677707,
  "spinnet_mov_feat_s": 741.6096080867574,
  "spinnet_feat_s": 1492.139820754528,
  "spinnet_ransac_s": 286.92945639789104,
  "spinnet_icp_s": 4.159901988692582,
  "spinnet_total_s": 1783.2291791411117,
  "spinnet_ransac_fitness": 0.6775215945360802,
  "spinnet_ransac_rmse": 0.0048964657781908295,
  "spinnet_icp_fitness": 0.8891643306165491,
  "spinnet_icp_rmse": 0.002166133679625927,
  "spinnet_cov_5mm": 0.8891643306165491,
  "spinnet_cov_10mm": 0.9594444084128231,
  "spinnet_trimrmse_5mm": 0.0021661336796259235,
  "spinnet_trimrmse_10mm": 0.002815224851935123,
  "spinnet_chamfer": 0.005839190761711761,
  "fpfh_T_icp": [
    [
      0.996536246030399,
      -0.06086737382892614,
      -0.05666280217929288,
      -0.03091497435458949
    ],
    [
      0.056603743566680555,
      0.9956482351625091,
      -0.07403112880415974,
      0.0017471646375629374
    ],
    [
      0.06092229938107555,
      0.07056737646356401,
      0.9956448758554287,
      0.01772316953181143
    ],
    [
      0.0,
      0.0,
      0.0,
      1.0
    ]
  ],
  "spinnet_T_icp": [
    [
      0.0071900311072849,
      -0.9993646757039492,
      0.03490771272678744,
      -0.37495252180104677
    ],
    [
      -0.006999951014840778,
      -0.034958060252213534,
      -0.9993642652752756,
      0.9613131047684023
    ],
    [
      0.9999496508017123,
      0.006941107875710615,
      -0.007246853316553525,
      -0.1058177167458613
    ],
    [
      0.0,
      0.0,
      0.0,
      1.0
    ]
  ]
}