{
  "K": 12289,
  "seed": 2,
  "voxel_size": 0.005,
  "patch_radius": 0.3,
  "ref_support_n": 61443,
  "mov_support_n": 65640,
  "ref_kp_n": 12289,
  "mov_kp_n": 12289,
  "fpfh_feat_s": 0.38220176193863153,
  "fpfh_ransac_s": 1.4184095105156302,
  "fpfh_icp_s": 3.4519053753465414,
  "fpfh_total_s": 5.252516647800803,
  "fpfh_ransac_fitness": 0.7556351208397754,
  "fpfh_ransac_rmse": 0.004700967724963482,
  "fpfh_icp_fitness": 0.9862116486189579,
  "fpfh_icp_rmse": 0.001463652348420587,
  "fpfh_cov_5mm": 0.9862116486189579,
  "fpfh_cov_10mm": 0.9974865623038293,
  "fpfh_trimrmse_5mm": 0.0014636523484205628,
  "fpfh_trimrmse_10mm": 0.0016229335438425379,
  "fpfh_chamfer": 0.0029851988864578473,
  "spinnet_ref_feat_s": 73.56705448124558,
  "spinnet_mov_feat_s": 75.80196458939463,
  "spinnet_feat_s": 149.3690190706402,
  "spinnet_ransac_s": 6.215670273639262,
  "spinnet_icp_s": 1.7863534316420555,
  "spinnet_total_s": 157.37104277592152,
  "spinnet_ransac_fitness": 0.0,
  "spinnet_ransac_rmse": 0.0,
  "spinnet_icp_fitness": 0.0,
  "spinnet_icp_rmse": 0.0,
  "spinnet_cov_5mm": 0.0,
  "spinnet_cov_10mm": 0.0,
  "spinnet_trimrmse_5mm": NaN,
  "spinnet_trimrmse_10mm": NaN,
  "spinnet_chamfer": 3.435376785446324,
  "fpfh_T_icp": [
    [
      -0.979276335004448,
      0.021074416669142306,
      0.20142921501688235,
      -0.039724233049096586
    ],
    [
      -0.2014961401416517,
      -0.0010799360265078238,
      -0.9794887131795835,
      -2.3207363261356
    ],
    [
      -0.020424622598180536,
      -0.99977732655839,
      0.005303969408647224,
      -0.8192485261711
    ],
    [
      0.0,
      0.0,
      0.0,
      1.0
    ]
  ],
  "spinnet_T_icp": [
    [
      1.0,
      0.0,
      0.0,
      0.0
    ],
    [
      0.0,
      1.0,
      0.0,
      0.0
    ],
    [
      0.0,
      0.0,
      1.0,
      0.0
    ],
    [
      0.0,
      0.0,
      0.0,
      1.0
    ]
  ],
  "combine_w_fpfh": 1.0,
  "combine_w_spinnet": 1.0,
  "combine_feat_s": 149.75122083257884,
  "combine_ransac_s": 11.970903898589313,
  "combine_icp_s": 4.402164817787707,
  "combine_total_s": 166.12428954895586,
  "combine_ransac_fitness": 0.6483847343152412,
  "combine_ransac_rmse": 0.0051379772583980115,
  "combine_icp_fitness": 0.9862386220966729,
  "combine_icp_rmse": 0.001463825553353829,
  "combine_cov_5mm": 0.9862386220966729,
  "combine_cov_10mm": 0.9974865623038293,
  "combine_trimrmse_5mm": 0.0014638255533538879,
  "combine_trimrmse_10mm": 0.0016228802939716508,
  "combine_chamfer": 0.002985353587838241,
  "combine_T_icp": [
    [
      -0.9792759001998737,
      0.021076110090800165,
      0.2014311516900314,
      -0.039724281310519645
    ],
    [
      -0.20149800511609267,
      -0.0010759663721869198,
      -0.9794883338920384,
      -2.3207201752644955
    ],
    [
      -0.02042707081223413,
      -0.9997772951411806,
      0.0053004620766116065,
      -0.8192575705209191
    ],
    [
      0.0,
      0.0,
      0.0,
      1.0
    ]
  ]
}