{
  "K": 6144,
  "seed": 4,
  "voxel_size": 0.005,
  "patch_radius": 0.3,
  "ref_support_n": 61443,
  "mov_support_n": 65640,
  "ref_kp_n": 6144,
  "mov_kp_n": 6144,
  "fpfh_feat_s": 0.40722502674907446,
  "fpfh_ransac_s": 0.49635914992541075,
  "fpfh_icp_s": 2.8865462373942137,
  "fpfh_total_s": 3.790130414068699,
  "fpfh_ransac_fitness": 0.54736328125,
  "fpfh_ransac_rmse": 0.005058257647707403,
  "fpfh_icp_fitness": 0.9862410742310107,
  "fpfh_icp_rmse": 0.0014638341068247999,
  "fpfh_cov_5mm": 0.9862410742310107,
  "fpfh_cov_10mm": 0.9974914665725048,
  "fpfh_trimrmse_5mm": 0.0014638341068247966,
  "fpfh_trimrmse_10mm": 0.001623001368615691,
  "fpfh_chamfer": 0.002985630577640023,
  "spinnet_ref_feat_s": 35.90539914369583,
  "spinnet_mov_feat_s": 36.18359776586294,
  "spinnet_feat_s": 72.08899690955877,
  "spinnet_ransac_s": 1.6512541146948934,
  "spinnet_icp_s": 3.047479797154665,
  "spinnet_total_s": 76.78773082140833,
  "spinnet_ransac_fitness": 0.0,
  "spinnet_ransac_rmse": 0.0,
  "spinnet_icp_fitness": 0.0,
  "spinnet_icp_rmse": 0.0,
  "spinnet_cov_5mm": 0.0,
  "spinnet_cov_10mm": 0.0,
  "spinnet_trimrmse_5mm": NaN,
  "spinnet_trimrmse_10mm": NaN,
  "spinnet_chamfer": 3.435376785446324,
  "fpfh_T_icp": [
    [
      -0.9792731436632929,
      0.021050087425896175,
      0.2014472732979381,
      -0.03970758144542898
    ],
    [
      -0.201513907045689,
      -0.0010717891456157203,
      -0.9794850670302276,
      -2.3207020180390603
    ],
    [
      -0.02040233729241146,
      -0.9997778478679097,
      0.0052914596868169905,
      -0.8192695246486963
    ],
    [
      0.0,
      0.0,
      0.0,
      1.0
    ]
  ],
  "spinnet_T_icp": [
    [
      1.0,
      0.0,
      0.0,
      0.0
    ],
    [
      0.0,
      1.0,
      0.0,
      0.0
    ],
    [
      0.0,
      0.0,
      1.0,
      0.0
    ],
    [
      0.0,
      0.0,
      0.0,
      1.0
    ]
  ]
}