{
  "K": 89606,
  "seed": 2,
  "voxel_size": 0.005,
  "patch_radius": 0.3,
  "ref_support_n": 451634,
  "mov_support_n": 448032,
  "ref_kp_n": 89606,
  "mov_kp_n": 89606,
  "fpfh_feat_s": 3.6799144092947245,
  "fpfh_ransac_s": 115.1555745061487,
  "fpfh_icp_s": 4.932021955959499,
  "fpfh_total_s": 123.76751087140292,
  "fpfh_ransac_fitness": 0.31919737517576946,
  "fpfh_ransac_rmse": 0.0053190188680020175,
  "fpfh_icp_fitness": 0.889174739751606,
  "fpfh_icp_rmse": 0.0021660990512051195,
  "fpfh_cov_5mm": 0.889174739751606,
  "fpfh_cov_10mm": 0.9594412056020364,
  "fpfh_trimrmse_5mm": 0.0021660990512051338,
  "fpfh_trimrmse_10mm": 0.0028150889791860446,
  "fpfh_chamfer": 0.005839238983291769,
  "spinnet_ref_feat_s": 742.2861755378544,
  "spinnet_mov_feat_s": 714.7587430868298,
  "spinnet_feat_s": 1457.0449186246842,
  "spinnet_ransac_s": 234.13055247161537,
  "spinnet_icp_s": 4.232282309792936,
  "spinnet_total_s": 1695.4077534060925,
  "spinnet_ransac_fitness": 0.685925049661853,
  "spinnet_ransac_rmse": 0.0047815631074021375,
  "spinnet_icp_fitness": 0.889174739751606,
  "spinnet_icp_rmse": 0.002166099202019773,
  "spinnet_cov_5mm": 0.889174739751606,
  "spinnet_cov_10mm": 0.9594412056020364,
  "spinnet_trimrmse_5mm": 0.002166099202019774,
  "spinnet_trimrmse_10mm": 0.002815079776838884,
  "spinnet_chamfer": 0.005839240460427841,
  "fpfh_T_icp": [
    [
      0.007191179002781141,
      -0.9993649260462962,
      0.03490030849475886,
      -0.37494137352617596
    ],
    [
      -0.007009265777576824,
      -0.034950729009935184,
      -0.9993644564096384,
      0.9613072206128951
    ],
    [
      0.9999495772976793,
      0.006941983157099947,
      -0.007256151324035042,
      -0.10580207980255776
    ],
    [
      0.0,
      0.0,
      0.0,
      1.0
    ]
  ],
  "spinnet_T_icp": [
    [
      0.007191248125724633,
      -0.999364925045689,
      0.03490032290424835,
      -0.3749413836412798
    ],
    [
      -0.007009561599310999,
      -0.0349507459747215,
      -0.9993644537414753,
      0.9613071646345573
    ],
    [
      0.9999495747269365,
      0.006942041791651529,
      -0.0072564494887820356,
      -0.1058015801264364
    ],
    [
      0.0,
      0.0,
      0.0,
      1.0
    ]
  ]
}