{
  "K": 40464,
  "seed": 3,
  "voxel_size": 0.005,
  "patch_radius": 0.3,
  "ref_support_n": 202322,
  "mov_support_n": 470991,
  "ref_kp_n": 40464,
  "mov_kp_n": 40464,
  "fpfh_feat_s": 2.4065495105460286,
  "fpfh_ransac_s": 21.40520652756095,
  "fpfh_icp_s": 1.5264801131561399,
  "fpfh_total_s": 25.338236151263118,
  "fpfh_ransac_fitness": 0.0,
  "fpfh_ransac_rmse": 0.0,
  "fpfh_icp_fitness": 0.0,
  "fpfh_icp_rmse": 0.0,
  "fpfh_cov_5mm": 0.0,
  "fpfh_cov_10mm": 0.0,
  "fpfh_trimrmse_5mm": NaN,
  "fpfh_trimrmse_10mm": NaN,
  "fpfh_chamfer": 12.585496376008571,
  "spinnet_ref_feat_s": 202.4149780990556,
  "spinnet_mov_feat_s": 304.5815613064915,
  "spinnet_feat_s": 506.9965394055471,
  "spinnet_ransac_s": 31.105232627131045,
  "spinnet_icp_s": 1.6577844377607107,
  "spinnet_total_s": 539.7595564704388,
  "spinnet_ransac_fitness": 0.43408956109134045,
  "spinnet_ransac_rmse": 0.005155119843589518,
  "spinnet_icp_fitness": 0.784327638008439,
  "spinnet_icp_rmse": 0.002911604501316149,
  "spinnet_cov_5mm": 0.784327638008439,
  "spinnet_cov_10mm": 0.940592428429429,
  "spinnet_trimrmse_5mm": 0.002911604501316149,
  "spinnet_trimrmse_10mm": 0.0038093446465011453,
  "spinnet_chamfer": 0.006363109610228083,
  "fpfh_T_icp": [
    [
      1.0,
      0.0,
      0.0,
      0.0
    ],
    [
      0.0,
      1.0,
      0.0,
      0.0
    ],
    [
      0.0,
      0.0,
      1.0,
      0.0
    ],
    [
      0.0,
      0.0,
      0.0,
      1.0
    ]
  ],
  "spinnet_T_icp": [
    [
      0.019402185162385066,
      -0.6825717088729863,
      -0.7305610292488476,
      -5.865325081285656
    ],
    [
      0.008822098860468848,
      0.7307870082718341,
      -0.6825485470739784,
      -5.084276347611388
    ],
    [
      0.9997728370898162,
      0.0067978516690069815,
      0.020200579943792204,
      0.11885345339008027
    ],
    [
      0.0,
      0.0,
      0.0,
      1.0
    ]
  ]
}