{
  "K": 10006,
  "seed": 0,
  "voxel_size": 0.005,
  "patch_radius": 0.3,
  "ref_support_n": 200112,
  "mov_support_n": 457980,
  "ref_kp_n": 10006,
  "mov_kp_n": 10006,
  "fpfh_feat_s": 2.2986414963379502,
  "fpfh_ransac_s": 1.8749016225337982,
  "fpfh_icp_s": 6.433064002543688,
  "fpfh_total_s": 10.606607121415436,
  "fpfh_ransac_fitness": 0.0,
  "fpfh_ransac_rmse": 0.0,
  "fpfh_icp_fitness": 0.0012199443705367035,
  "fpfh_icp_rmse": 0.003561943380193053,
  "fpfh_cov_5mm": 0.0012199443705367035,
  "fpfh_cov_10mm": 0.0033374478123797554,
  "fpfh_trimrmse_5mm": 0.003561943380193059,
  "fpfh_trimrmse_10mm": 0.006420014478097012,
  "fpfh_chamfer": 2.0749589498997993,
  "spinnet_ref_feat_s": 49.94044124241918,
  "spinnet_mov_feat_s": 73.88352590240538,
  "spinnet_feat_s": 123.82396714482456,
  "spinnet_ransac_s": 2.9369815196841955,
  "spinnet_icp_s": 3.2059606667608023,
  "spinnet_total_s": 129.96690933126956,
  "spinnet_ransac_fitness": 0.08974615230861484,
  "spinnet_ransac_rmse": 0.005681222542263653,
  "spinnet_icp_fitness": 0.45257696249051044,
  "spinnet_icp_rmse": 0.0034159685318881864,
  "spinnet_cov_5mm": 0.45257696249051044,
  "spinnet_cov_10mm": 0.8214161434238598,
  "spinnet_trimrmse_5mm": 0.0034159685318882233,
  "spinnet_trimrmse_10mm": 0.005404284482127932,
  "spinnet_chamfer": 0.012781281818396582,
  "fpfh_T_icp": [
    [
      0.9993335391745972,
      0.011278514123827514,
      -0.03471703616285252,
      -0.02113660941975498
    ],
    [
      -0.01077641909321363,
      0.9998351099461318,
      0.014615803451538185,
      0.008799809587165192
    ],
    [
      0.03487615621454874,
      -0.014231937259740784,
      0.9992903010084375,
      -0.005744314986373664
    ],
    [
      0.0,
      0.0,
      0.0,
      1.0
    ]
  ],
  "spinnet_T_icp": [
    [
      -0.04067700732419259,
      -0.9743765658832557,
      0.22121412462296816,
      0.14067180512569463
    ],
    [
      0.008677382571390942,
      -0.22173351100102145,
      -0.9750686914935127,
      -2.169677946555322
    ],
    [
      0.9991346676533935,
      -0.0377433167159233,
      0.017474493881774425,
      -0.043062515756591827
    ],
    [
      0.0,
      0.0,
      0.0,
      1.0
    ]
  ]
}