{
  "K": 6144,
  "seed": 1,
  "voxel_size": 0.005,
  "patch_radius": 0.3,
  "ref_support_n": 61443,
  "mov_support_n": 65640,
  "ref_kp_n": 6144,
  "mov_kp_n": 6144,
  "fpfh_feat_s": 0.41761388070881367,
  "fpfh_ransac_s": 0.45973651576787233,
  "fpfh_icp_s": 2.225064629688859,
  "fpfh_total_s": 3.102415026165545,
  "fpfh_ransac_fitness": 0.5470377604166666,
  "fpfh_ransac_rmse": 0.005076566295555483,
  "fpfh_icp_fitness": 0.9862729519774012,
  "fpfh_icp_rmse": 0.0014644353212228682,
  "fpfh_cov_5mm": 0.9862729519774012,
  "fpfh_cov_10mm": 0.9974988229755178,
  "fpfh_trimrmse_5mm": 0.0014644353212228815,
  "fpfh_trimrmse_10mm": 0.0016234343816112792,
  "fpfh_chamfer": 0.002987146923989707,
  "spinnet_ref_feat_s": 36.79674743488431,
  "spinnet_mov_feat_s": 38.45418376196176,
  "spinnet_feat_s": 75.25093119684607,
  "spinnet_ransac_s": 1.701164978556335,
  "spinnet_icp_s": 1.8551442865282297,
  "spinnet_total_s": 78.80724046193063,
  "spinnet_ransac_fitness": 0.0,
  "spinnet_ransac_rmse": 0.0,
  "spinnet_icp_fitness": 0.0,
  "spinnet_icp_rmse": 0.0,
  "spinnet_cov_5mm": 0.0,
  "spinnet_cov_10mm": 0.0,
  "spinnet_trimrmse_5mm": NaN,
  "spinnet_trimrmse_10mm": NaN,
  "spinnet_chamfer": 3.435376785446324,
  "fpfh_T_icp": [
    [
      -0.9792739345020435,
      0.02108972679264952,
      0.2014392827347674,
      -0.03973733717943671
    ],
    [
      -0.2015054484352671,
      -0.001038716187778573,
      -0.9794868428516942,
      -2.320602099969619
    ],
    [
      -0.02044787166890589,
      -0.9997770473923152,
      0.005266882542767011,
      -0.8193424325012573
    ],
    [
      0.0,
      0.0,
      0.0,
      1.0
    ]
  ],
  "spinnet_T_icp": [
    [
      1.0,
      0.0,
      0.0,
      0.0
    ],
    [
      0.0,
      1.0,
      0.0,
      0.0
    ],
    [
      0.0,
      0.0,
      1.0,
      0.0
    ],
    [
      0.0,
      0.0,
      0.0,
      1.0
    ]
  ],
  "combine_w_fpfh": 1.0,
  "combine_w_spinnet": 1.0,
  "combine_feat_s": 75.66854507755488,
  "combine_ransac_s": 3.033989599905908,
  "combine_icp_s": 6.006005863659084,
  "combine_total_s": 84.70854054111987,
  "combine_ransac_fitness": 0.16585286458333334,
  "combine_ransac_rmse": 0.005630177052496176,
  "combine_icp_fitness": 0.9862141007532956,
  "combine_icp_rmse": 0.0014636739455301331,
  "combine_cov_5mm": 0.9862141007532956,
  "combine_cov_10mm": 0.9974865623038293,
  "combine_trimrmse_5mm": 0.001463673945530138,
  "combine_trimrmse_10mm": 0.001622937461632163,
  "combine_chamfer": 0.002985195293346908,
  "combine_T_icp": [
    [
      -0.9792763622236855,
      0.021074496481520814,
      0.2014290743363828,
      -0.03972416237670894
    ],
    [
      -0.20149600160955933,
      -0.0010800219527591106,
      -0.9794887415830508,
      -2.3207369053538076
    ],
    [
      -0.020424684215974626,
      -0.9997773247831956,
      0.005304066745980923,
      -0.819248332512279
    ],
    [
      0.0,
      0.0,
      0.0,
      1.0
    ]
  ]
}