{
  "K": 12289,
  "seed": 1,
  "voxel_size": 0.005,
  "patch_radius": 0.3,
  "ref_support_n": 61443,
  "mov_support_n": 65640,
  "ref_kp_n": 12289,
  "mov_kp_n": 12289,
  "fpfh_feat_s": 0.42437035497277975,
  "fpfh_ransac_s": 1.3026743112131953,
  "fpfh_icp_s": 2.831445675343275,
  "fpfh_total_s": 4.55849034152925,
  "fpfh_ransac_fitness": 0.7649117096590446,
  "fpfh_ransac_rmse": 0.004572985355279056,
  "fpfh_icp_fitness": 0.9862410742310107,
  "fpfh_icp_rmse": 0.0014638341093808128,
  "fpfh_cov_5mm": 0.9862410742310107,
  "fpfh_cov_10mm": 0.9974914665725048,
  "fpfh_trimrmse_5mm": 0.001463834109380824,
  "fpfh_trimrmse_10mm": 0.001623001256257167,
  "fpfh_chamfer": 0.00298563141273622,
  "spinnet_ref_feat_s": 70.24773023370653,
  "spinnet_mov_feat_s": 72.622903236188,
  "spinnet_feat_s": 142.87063346989453,
  "spinnet_ransac_s": 5.674183419905603,
  "spinnet_icp_s": 2.953332823701203,
  "spinnet_total_s": 151.49814971350133,
  "spinnet_ransac_fitness": 0.0,
  "spinnet_ransac_rmse": 0.0,
  "spinnet_icp_fitness": 0.0,
  "spinnet_icp_rmse": 0.0,
  "spinnet_cov_5mm": 0.0,
  "spinnet_cov_10mm": 0.0,
  "spinnet_trimrmse_5mm": NaN,
  "spinnet_trimrmse_10mm": NaN,
  "spinnet_chamfer": 3.435376785446324,
  "fpfh_T_icp": [
    [
      -0.9792731481370464,
      0.02105009713565993,
      0.20144725053556084,
      -0.039707631786379184
    ],
    [
      -0.2015138834185679,
      -0.0010717444930622455,
      -0.9794850719400015,
      -2.3207019928325434
    ],
    [
      -0.0204023559258613,
      -0.9997778477113407,
      0.005291417423864348,
      -0.8192696306713669
    ],
    [
      0.0,
      0.0,
      0.0,
      1.0
    ]
  ],
  "spinnet_T_icp": [
    [
      1.0,
      0.0,
      0.0,
      0.0
    ],
    [
      0.0,
      1.0,
      0.0,
      0.0
    ],
    [
      0.0,
      0.0,
      1.0,
      0.0
    ],
    [
      0.0,
      0.0,
      0.0,
      1.0
    ]
  ]
}