{
  "K": 89606,
  "seed": 4,
  "voxel_size": 0.005,
  "patch_radius": 0.3,
  "ref_support_n": 451634,
  "mov_support_n": 448032,
  "ref_kp_n": 89606,
  "mov_kp_n": 89606,
  "fpfh_feat_s": 3.3146030576899648,
  "fpfh_ransac_s": 111.9352293824777,
  "fpfh_icp_s": 7.658146903850138,
  "fpfh_total_s": 122.9079793440178,
  "fpfh_ransac_fitness": 0.6768296765841573,
  "fpfh_ransac_rmse": 0.004898380791895724,
  "fpfh_icp_fitness": 0.889121092670928,
  "fpfh_icp_rmse": 0.0021653961105600537,
  "fpfh_cov_5mm": 0.889121092670928,
  "fpfh_cov_10mm": 0.9594283943588894,
  "fpfh_trimrmse_5mm": 0.002165396110560062,
  "fpfh_trimrmse_10mm": 0.002814636042842546,
  "fpfh_chamfer": 0.005840219890691521,
  "spinnet_ref_feat_s": 672.1658539483324,
  "spinnet_mov_feat_s": 678.418929444626,
  "spinnet_feat_s": 1350.5847833929583,
  "spinnet_ransac_s": 225.77548631373793,
  "spinnet_icp_s": 5.649273995310068,
  "spinnet_total_s": 1582.0095437020063,
  "spinnet_ransac_fitness": 0.6791844296140883,
  "spinnet_ransac_rmse": 0.004861802115207912,
  "spinnet_icp_fitness": 0.8891194912655346,
  "spinnet_icp_rmse": 0.00216538293989204,
  "spinnet_cov_5mm": 0.8891194912655346,
  "spinnet_cov_10mm": 0.959413981710349,
  "spinnet_trimrmse_5mm": 0.002165382939892059,
  "spinnet_trimrmse_10mm": 0.0028145469181972364,
  "spinnet_chamfer": 0.005840233043188411,
  "fpfh_T_icp": [
    [
      0.0071630757358188005,
      -0.9993675062386417,
      0.034832137751971595,
      -0.3748395551084663
    ],
    [
      -0.00700299347802162,
      -0.03488231102244151,
      -0.9993668908164233,
      0.9613431122344908
    ],
    [
      0.9999498229553141,
      0.006914611493285387,
      -0.007248428764030275,
      -0.10581456574519013
    ],
    [
      0.0,
      0.0,
      0.0,
      1.0
    ]
  ],
  "spinnet_T_icp": [
    [
      0.007162219571357974,
      -0.9993674868262529,
      0.03483287076023684,
      -0.374841270174278
    ],
    [
      -0.007005669713236511,
      -0.034883056327735404,
      -0.9993668460445867,
      0.9613342675501949
    ],
    [
      0.9999498103418416,
      0.006913657195997053,
      -0.007251078643591365,
      -0.10580699064453179
    ],
    [
      0.0,
      0.0,
      0.0,
      1.0
    ]
  ],
  "combine_w_fpfh": 1.0,
  "combine_w_spinnet": 1.0,
  "combine_feat_s": 1353.8993864506483,
  "combine_ransac_s": 1571.6613676799461,
  "combine_icp_s": 8.256161105819046,
  "combine_total_s": 2933.8169152364135,
  "combine_ransac_fitness": 0.6854228511483605,
  "combine_ransac_rmse": 0.004822063195730878,
  "combine_icp_fitness": 0.8891034772116009,
  "combine_icp_rmse": 0.0021652990612568875,
  "combine_cov_5mm": 0.8891034772116009,
  "combine_cov_10mm": 0.9594155831157424,
  "combine_trimrmse_5mm": 0.0021652990612569404,
  "combine_trimrmse_10mm": 0.0028145892367445443,
  "combine_chamfer": 0.00584021384470949,
  "combine_T_icp": [
    [
      0.007162827924255303,
      -0.9993675122972558,
      0.0348320148848282,
      -0.37483965693942184
    ],
    [
      -0.007001288926190432,
      -0.034882174572506634,
      -0.9993669075221914,
      0.9613389399649348
    ],
    [
      0.999949836666574,
      0.006914424191686541,
      -0.007246715711128437,
      -0.10581460700168886
    ],
    [
      0.0,
      0.0,
      0.0,
      1.0
    ]
  ]
}