{
  "K": 20970,
  "seed": 4,
  "voxel_size": 0.005,
  "patch_radius": 0.3,
  "ref_support_n": 52425,
  "mov_support_n": 59566,
  "ref_kp_n": 20970,
  "mov_kp_n": 20970,
  "fpfh_feat_s": 0.34038050193339586,
  "fpfh_ransac_s": 3.65378753002733,
  "fpfh_icp_s": 4.594952925108373,
  "fpfh_total_s": 8.589120957069099,
  "fpfh_ransac_fitness": 0.0,
  "fpfh_ransac_rmse": 0.0,
  "fpfh_icp_fitness": 0.0,
  "fpfh_icp_rmse": 0.0,
  "fpfh_cov_5mm": 0.0,
  "fpfh_cov_10mm": 0.0,
  "fpfh_trimrmse_5mm": NaN,
  "fpfh_trimrmse_10mm": NaN,
  "fpfh_chamfer": 8.107914416820307,
  "spinnet_ref_feat_s": 120.69785479083657,
  "spinnet_mov_feat_s": 124.96434723958373,
  "spinnet_feat_s": 245.6622020304203,
  "spinnet_ransac_s": 14.712871646508574,
  "spinnet_icp_s": 27.21617380529642,
  "spinnet_total_s": 287.5912474822253,
  "spinnet_ransac_fitness": 0.6599427753934192,
  "spinnet_ransac_rmse": 0.0044667865396240255,
  "spinnet_icp_fitness": 0.7906935021067457,
  "spinnet_icp_rmse": 0.0012219307819290493,
  "spinnet_cov_5mm": 0.7906935021067457,
  "spinnet_cov_10mm": 0.8165635208658404,
  "spinnet_trimrmse_5mm": 0.0012219307819289972,
  "spinnet_trimrmse_10mm": 0.0017583853671872204,
  "spinnet_chamfer": 0.01668100621536935,
  "fpfh_T_icp": [
    [
      1.0,
      0.0,
      0.0,
      0.0
    ],
    [
      0.0,
      1.0,
      0.0,
      0.0
    ],
    [
      0.0,
      0.0,
      1.0,
      0.0
    ],
    [
      0.0,
      0.0,
      0.0,
      1.0
    ]
  ],
  "spinnet_T_icp": [
    [
      0.44159499765980775,
      -0.04350319216966697,
      0.8961592103599058,
      4.2485038620765305
    ],
    [
      0.8933257622724945,
      0.11421306518853011,
      -0.43465441237897073,
      -1.5723314648119717
    ],
    [
      -0.0834442358830214,
      0.9925033239295971,
      0.08929844056090312,
      0.5782869845751508
    ],
    [
      0.0,
      0.0,
      0.0,
      1.0
    ]
  ],
  "combine_w_fpfh": 1.0,
  "combine_w_spinnet": 1.0,
  "combine_feat_s": 246.0025825323537,
  "combine_ransac_s": 32.87473210413009,
  "combine_icp_s": 19.7851204816252,
  "combine_total_s": 298.662435118109,
  "combine_ransac_fitness": 0.7394372913686218,
  "combine_ransac_rmse": 0.003837792212513312,
  "combine_icp_fitness": 0.7907040212252435,
  "combine_icp_rmse": 0.0012212987883310632,
  "combine_cov_5mm": 0.7907040212252435,
  "combine_cov_10mm": 0.8165424826288445,
  "combine_trimrmse_5mm": 0.0012212987883310792,
  "combine_trimrmse_10mm": 0.0017574533691968547,
  "combine_chamfer": 0.016677703173978792,
  "combine_T_icp": [
    [
      0.44159513455818555,
      -0.043504201899698836,
      0.8961590938843446,
      4.248362160146841
    ],
    [
      0.8933233949183012,
      0.1142409189005357,
      -0.43465195793921935,
      -1.572173335254569
    ],
    [
      -0.08346885183213207,
      0.9925000739878213,
      0.08931155528818314,
      0.578324452104377
    ],
    [
      0.0,
      0.0,
      0.0,
      1.0
    ]
  ]
}