{
  "K": 80929,
  "seed": 2,
  "voxel_size": 0.005,
  "patch_radius": 0.3,
  "ref_support_n": 202322,
  "mov_support_n": 470991,
  "ref_kp_n": 80929,
  "mov_kp_n": 80929,
  "fpfh_feat_s": 2.4308631364256144,
  "fpfh_ransac_s": 133.47858176380396,
  "fpfh_icp_s": 0.9111251151189208,
  "fpfh_total_s": 136.8205700153485,
  "fpfh_ransac_fitness": 0.0,
  "fpfh_ransac_rmse": 0.0,
  "fpfh_icp_fitness": 0.0,
  "fpfh_icp_rmse": 0.0,
  "fpfh_cov_5mm": 0.0,
  "fpfh_cov_10mm": 0.0,
  "fpfh_trimrmse_5mm": NaN,
  "fpfh_trimrmse_10mm": NaN,
  "fpfh_chamfer": 12.585496376008571,
  "spinnet_ref_feat_s": 396.4079296719283,
  "spinnet_mov_feat_s": 582.7644799724221,
  "spinnet_feat_s": 979.1724096443504,
  "spinnet_ransac_s": 208.65123496577144,
  "spinnet_icp_s": 3.6413695737719536,
  "spinnet_total_s": 1191.4650141838938,
  "spinnet_ransac_fitness": 0.6470980736200868,
  "spinnet_ransac_rmse": 0.004773741202912682,
  "spinnet_icp_fitness": 0.7842938887286245,
  "spinnet_icp_rmse": 0.0029112789739178914,
  "spinnet_cov_5mm": 0.7842938887286245,
  "spinnet_cov_10mm": 0.9405755537895218,
  "spinnet_trimrmse_5mm": 0.0029112789739179083,
  "spinnet_trimrmse_10mm": 0.003809324850028615,
  "spinnet_chamfer": 0.006363079806882478,
  "fpfh_T_icp": [
    [
      1.0,
      0.0,
      0.0,
      0.0
    ],
    [
      0.0,
      1.0,
      0.0,
      0.0
    ],
    [
      0.0,
      0.0,
      1.0,
      0.0
    ],
    [
      0.0,
      0.0,
      0.0,
      1.0
    ]
  ],
  "spinnet_T_icp": [
    [
      0.01939751279138053,
      -0.682530760847666,
      -0.7305994093853512,
      -5.865633953825325
    ],
    [
      0.008848512552835903,
      0.7308254719368364,
      -0.6825070207652927,
      -5.083905620625153
    ],
    [
      0.9997726943276243,
      0.0067742206204607835,
      0.020215578445218613,
      0.11896164915640847
    ],
    [
      0.0,
      0.0,
      0.0,
      1.0
    ]
  ],
  "combine_w_fpfh": 1.0,
  "combine_w_spinnet": 1.0,
  "combine_feat_s": 981.603272780776,
  "combine_ransac_s": 1538.5927955517545,
  "combine_icp_s": 2.6908857049420476,
  "combine_total_s": 2522.8869540374726,
  "combine_ransac_fitness": 0.6471969257003052,
  "combine_ransac_rmse": 0.0048073027992330064,
  "combine_icp_fitness": 0.7843372806598145,
  "combine_icp_rmse": 0.0029114702003896916,
  "combine_cov_5mm": 0.7843372806598145,
  "combine_cov_10mm": 0.9405859999951787,
  "combine_trimrmse_5mm": 0.0029114702003896972,
  "combine_trimrmse_10mm": 0.0038093153452653118,
  "combine_chamfer": 0.0063629261899815215,
  "combine_T_icp": [
    [
      0.01939268245361009,
      -0.682531737202831,
      -0.730598625497026,
      -5.865658830038775
    ],
    [
      0.008847682831738748,
      0.7308245847979458,
      -0.6825079814649976,
      -5.083934440731693
    ],
    [
      0.9997727953769102,
      0.0067715556409031295,
      0.020211473435644646,
      0.11895425219294084
    ],
    [
      0.0,
      0.0,
      0.0,
      1.0
    ]
  ]
}