{
  "K": 78516,
  "seed": 1,
  "voxel_size": 0.005,
  "patch_radius": 0.3,
  "ref_support_n": 196290,
  "mov_support_n": 400580,
  "ref_kp_n": 78516,
  "mov_kp_n": 78516,
  "fpfh_feat_s": 2.118494227528572,
  "fpfh_ransac_s": 107.60878958459944,
  "fpfh_icp_s": 0.679324178956449,
  "fpfh_total_s": 110.40660799108446,
  "fpfh_ransac_fitness": 0.0,
  "fpfh_ransac_rmse": 0.0,
  "fpfh_icp_fitness": 0.0,
  "fpfh_icp_rmse": 0.0,
  "fpfh_cov_5mm": 0.0,
  "fpfh_cov_10mm": 0.0,
  "fpfh_trimrmse_5mm": NaN,
  "fpfh_trimrmse_10mm": NaN,
  "fpfh_chamfer": 6.64051921124479,
  "spinnet_ref_feat_s": 410.8190196491778,
  "spinnet_mov_feat_s": 616.4022574648261,
  "spinnet_feat_s": 1027.221277114004,
  "spinnet_ransac_s": 193.35683088190854,
  "spinnet_icp_s": 10.144885108806193,
  "spinnet_total_s": 1230.7229931047186,
  "spinnet_ransac_fitness": 0.6041316419583269,
  "spinnet_ransac_rmse": 0.005100907723060806,
  "spinnet_icp_fitness": 0.6464724246580182,
  "spinnet_icp_rmse": 0.0033498435359885304,
  "spinnet_cov_5mm": 0.6464724246580182,
  "spinnet_cov_10mm": 0.9461862487835117,
  "spinnet_trimrmse_5mm": 0.003349843535988576,
  "spinnet_trimrmse_10mm": 0.004695197167606894,
  "spinnet_chamfer": 0.008473719599070893,
  "fpfh_T_icp": [
    [
      1.0,
      0.0,
      0.0,
      0.0
    ],
    [
      0.0,
      1.0,
      0.0,
      0.0
    ],
    [
      0.0,
      0.0,
      1.0,
      0.0
    ],
    [
      0.0,
      0.0,
      0.0,
      1.0
    ]
  ],
  "spinnet_T_icp": [
    [
      0.006795368720964581,
      -0.9182631263723946,
      0.3959124318693959,
      1.6217902291781137
    ],
    [
      0.05034552328208708,
      -0.39510529867699773,
      -0.9172552159801629,
      -4.465065753088845
    ],
    [
      0.9987087419510345,
      0.02616550596016091,
      0.04354555141974697,
      0.04272540247362272
    ],
    [
      0.0,
      0.0,
      0.0,
      1.0
    ]
  ],
  "combine_w_fpfh": 1.0,
  "combine_w_spinnet": 1.0,
  "combine_feat_s": 1029.3397713415325,
  "combine_ransac_s": 1409.5516824917868,
  "combine_icp_s": 10.191857970319688,
  "combine_total_s": 2449.083311803639,
  "combine_ransac_fitness": 0.6142697029904732,
  "combine_ransac_rmse": 0.005085373870016593,
  "combine_icp_fitness": 0.642283368717219,
  "combine_icp_rmse": 0.0033244556669916572,
  "combine_cov_5mm": 0.642283368717219,
  "combine_cov_10mm": 0.9361419894844016,
  "combine_trimrmse_5mm": 0.0033244556669916625,
  "combine_trimrmse_10mm": 0.004697865702889608,
  "combine_chamfer": 0.00863512062629936,
  "combine_T_icp": [
    [
      0.006233984444124342,
      -0.9182011826710575,
      0.3960653046903086,
      1.6228030018543986
    ],
    [
      0.05046944439669742,
      -0.39527932716158076,
      -0.9171734234598209,
      -4.466295989692808
    ],
    [
      0.9987061492852921,
      0.025706840726940298,
      0.043876938357189636,
      0.04444436520477684
    ],
    [
      0.0,
      0.0,
      0.0,
      1.0
    ]
  ]
}