{
  "K": 3072,
  "seed": 3,
  "voxel_size": 0.005,
  "patch_radius": 0.3,
  "ref_support_n": 61443,
  "mov_support_n": 65640,
  "ref_kp_n": 3072,
  "mov_kp_n": 3072,
  "fpfh_feat_s": 0.4247481971979141,
  "fpfh_ransac_s": 0.24941268283873796,
  "fpfh_icp_s": 2.861777765676379,
  "fpfh_total_s": 3.5359386457130313,
  "fpfh_ransac_fitness": 0.3216145833333333,
  "fpfh_ransac_rmse": 0.005411124440220626,
  "fpfh_icp_fitness": 0.9862361699623352,
  "fpfh_icp_rmse": 0.0014637960551404678,
  "fpfh_cov_5mm": 0.9862361699623352,
  "fpfh_cov_10mm": 0.9974914665725048,
  "fpfh_trimrmse_5mm": 0.001463796055140473,
  "fpfh_trimrmse_10mm": 0.0016230011409660602,
  "fpfh_chamfer": 0.0029856163814395817,
  "spinnet_ref_feat_s": 17.53934476710856,
  "spinnet_mov_feat_s": 18.025670777074993,
  "spinnet_feat_s": 35.56501554418355,
  "spinnet_ransac_s": 0.47675990406423807,
  "spinnet_icp_s": 3.088798487558961,
  "spinnet_total_s": 39.13057393580675,
  "spinnet_ransac_fitness": 0.0,
  "spinnet_ransac_rmse": 0.0,
  "spinnet_icp_fitness": 0.0,
  "spinnet_icp_rmse": 0.0,
  "spinnet_cov_5mm": 0.0,
  "spinnet_cov_10mm": 0.0,
  "spinnet_trimrmse_5mm": NaN,
  "spinnet_trimrmse_10mm": NaN,
  "spinnet_chamfer": 3.435376785446324,
  "fpfh_T_icp": [
    [
      -0.9792733345259992,
      0.021049362898829336,
      0.20144642118410644,
      -0.03970912053686095
    ],
    [
      -0.20151304432445796,
      -0.001071466323428659,
      -0.9794852448745748,
      -2.320704350956854
    ],
    [
      -0.020401697317139898,
      -0.9997778634684165,
      0.00529097959820936,
      -0.819270362901484
    ],
    [
      0.0,
      0.0,
      0.0,
      1.0
    ]
  ],
  "spinnet_T_icp": [
    [
      1.0,
      0.0,
      0.0,
      0.0
    ],
    [
      0.0,
      1.0,
      0.0,
      0.0
    ],
    [
      0.0,
      0.0,
      1.0,
      0.0
    ],
    [
      0.0,
      0.0,
      0.0,
      1.0
    ]
  ]
}