{
  "K": 20970,
  "seed": 0,
  "voxel_size": 0.005,
  "patch_radius": 0.3,
  "ref_support_n": 52425,
  "mov_support_n": 59566,
  "ref_kp_n": 20970,
  "mov_kp_n": 20970,
  "fpfh_feat_s": 0.34751714393496513,
  "fpfh_ransac_s": 3.631036326289177,
  "fpfh_icp_s": 4.866727978922427,
  "fpfh_total_s": 8.845281449146569,
  "fpfh_ransac_fitness": 0.0,
  "fpfh_ransac_rmse": 0.0,
  "fpfh_icp_fitness": 0.0,
  "fpfh_icp_rmse": 0.0,
  "fpfh_cov_5mm": 0.0,
  "fpfh_cov_10mm": 0.0,
  "fpfh_trimrmse_5mm": NaN,
  "fpfh_trimrmse_10mm": NaN,
  "fpfh_chamfer": 8.107914416820307,
  "spinnet_ref_feat_s": 117.92408902477473,
  "spinnet_mov_feat_s": 122.7615058477968,
  "spinnet_feat_s": 240.68559487257153,
  "spinnet_ransac_s": 15.25359065271914,
  "spinnet_icp_s": 37.200679982081056,
  "spinnet_total_s": 293.1398655073717,
  "spinnet_ransac_fitness": 0.5179303767286599,
  "spinnet_ransac_rmse": 0.004757423990573554,
  "spinnet_icp_fitness": 0.7906993460614667,
  "spinnet_icp_rmse": 0.0012211324812819732,
  "spinnet_cov_5mm": 0.7906993460614667,
  "spinnet_cov_10mm": 0.8165524173518703,
  "spinnet_trimrmse_5mm": 0.0012211324812819548,
  "spinnet_trimrmse_10mm": 0.0017575828831589274,
  "spinnet_chamfer": 0.016678627122870746,
  "fpfh_T_icp": [
    [
      1.0,
      0.0,
      0.0,
      0.0
    ],
    [
      0.0,
      1.0,
      0.0,
      0.0
    ],
    [
      0.0,
      0.0,
      1.0,
      0.0
    ],
    [
      0.0,
      0.0,
      0.0,
      1.0
    ]
  ],
  "spinnet_T_icp": [
    [
      0.44159567453503246,
      -0.04350266968314708,
      0.8961589021833091,
      4.248420371566419
    ],
    [
      0.8933239960335017,
      0.11422991336812144,
      -0.43465361496557836,
      -1.5722402197868846
    ],
    [
      -0.08345956112203688,
      0.992501407869202,
      0.089305414365348,
      0.5783051565921323
    ],
    [
      0.0,
      0.0,
      0.0,
      1.0
    ]
  ],
  "combine_w_fpfh": 1.0,
  "combine_w_spinnet": 1.0,
  "combine_feat_s": 241.0331120165065,
  "combine_ransac_s": 35.39960151631385,
  "combine_icp_s": 27.114507949911058,
  "combine_total_s": 303.5472214827314,
  "combine_ransac_fitness": 0.4509298998569385,
  "combine_ransac_rmse": 0.004708735268565052,
  "combine_icp_fitness": 0.7907081119935483,
  "combine_icp_rmse": 0.0012216790624192228,
  "combine_cov_5mm": 0.7907081119935483,
  "combine_cov_10mm": 0.8165541705382867,
  "combine_trimrmse_5mm": 0.0012216790624192337,
  "combine_trimrmse_10mm": 0.0017578122003595851,
  "combine_chamfer": 0.01668000470474685,
  "combine_T_icp": [
    [
      0.44159728657135583,
      -0.04350022105593907,
      0.896158226688178,
      4.24847326830256
    ],
    [
      0.8933240886729703,
      0.11421832546082356,
      -0.43465646978451067,
      -1.5723125864032366
    ],
    [
      -0.08345003948124463,
      0.9925028488105309,
      0.08929829793209353,
      0.5782811030148787
    ],
    [
      0.0,
      0.0,
      0.0,
      1.0
    ]
  ]
}