{
  "K": 10485,
  "seed": 3,
  "voxel_size": 0.005,
  "patch_radius": 0.3,
  "ref_support_n": 52425,
  "mov_support_n": 59566,
  "ref_kp_n": 10485,
  "mov_kp_n": 10485,
  "fpfh_feat_s": 0.379174642264843,
  "fpfh_ransac_s": 1.13641113974154,
  "fpfh_icp_s": 5.430121028795838,
  "fpfh_total_s": 6.945706810802221,
  "fpfh_ransac_fitness": 0.0,
  "fpfh_ransac_rmse": 0.0,
  "fpfh_icp_fitness": 0.0,
  "fpfh_icp_rmse": 0.0,
  "fpfh_cov_5mm": 0.0,
  "fpfh_cov_10mm": 0.0,
  "fpfh_trimrmse_5mm": NaN,
  "fpfh_trimrmse_10mm": NaN,
  "fpfh_chamfer": 8.107914416820307,
  "spinnet_ref_feat_s": 58.744106374680996,
  "spinnet_mov_feat_s": 60.921717372722924,
  "spinnet_feat_s": 119.66582374740392,
  "spinnet_ransac_s": 4.476553904823959,
  "spinnet_icp_s": 6.124767717905343,
  "spinnet_total_s": 130.26714537013322,
  "spinnet_ransac_fitness": 0.42775393419170243,
  "spinnet_ransac_rmse": 0.005238175416579751,
  "spinnet_icp_fitness": 0.7907028524342994,
  "spinnet_icp_rmse": 0.001221151831470443,
  "spinnet_cov_5mm": 0.7907028524342994,
  "spinnet_cov_10mm": 0.8165477421880936,
  "spinnet_trimrmse_5mm": 0.0012211518314704478,
  "spinnet_trimrmse_10mm": 0.001757552101156982,
  "spinnet_chamfer": 0.016678762643906334,
  "fpfh_T_icp": [
    [
      1.0,
      0.0,
      0.0,
      0.0
    ],
    [
      0.0,
      1.0,
      0.0,
      0.0
    ],
    [
      0.0,
      0.0,
      1.0,
      0.0
    ],
    [
      0.0,
      0.0,
      0.0,
      1.0
    ]
  ],
  "spinnet_T_icp": [
    [
      0.4415914780355601,
      -0.043493011456832646,
      0.8961614388494884,
      4.248414303393933
    ],
    [
      0.8933242776691728,
      0.11424608193265368,
      -0.4346487865965894,
      -1.5721903039239118
    ],
    [
      -0.08347874851253954,
      0.9924999701347365,
      0.08930345922374427,
      0.5782888148914397
    ],
    [
      0.0,
      0.0,
      0.0,
      1.0
    ]
  ]
}