{
  "K": 22402,
  "seed": 0,
  "voxel_size": 0.005,
  "patch_radius": 0.3,
  "ref_support_n": 451634,
  "mov_support_n": 448032,
  "ref_kp_n": 22402,
  "mov_kp_n": 22402,
  "fpfh_feat_s": 3.3831279575824738,
  "fpfh_ransac_s": 5.803473467007279,
  "fpfh_icp_s": 52.05174161400646,
  "fpfh_total_s": 61.23834303859621,
  "fpfh_ransac_fitness": 0.0,
  "fpfh_ransac_rmse": 0.0,
  "fpfh_icp_fitness": 0.0014957126374105915,
  "fpfh_icp_rmse": 0.0031637015049261006,
  "fpfh_cov_5mm": 0.0014957126374105915,
  "fpfh_cov_10mm": 0.0028360889516639803,
  "fpfh_trimrmse_5mm": 0.003163701504926095,
  "fpfh_trimrmse_10mm": 0.00564909163240751,
  "fpfh_chamfer": 2.05453925162426,
  "spinnet_ref_feat_s": 200.5021352097392,
  "spinnet_mov_feat_s": 178.50761593785137,
  "spinnet_feat_s": 379.0097511475906,
  "spinnet_ransac_s": 9.776479390449822,
  "spinnet_icp_s": 8.140332695096731,
  "spinnet_total_s": 396.92656323313713,
  "spinnet_ransac_fitness": 0.2649317025265601,
  "spinnet_ransac_rmse": 0.005346086756730788,
  "spinnet_icp_fitness": 0.8890690469956434,
  "spinnet_icp_rmse": 0.0021651153762236868,
  "spinnet_cov_5mm": 0.8890690469956434,
  "spinnet_cov_10mm": 0.9594051739806855,
  "spinnet_trimrmse_5mm": 0.0021651153762237015,
  "spinnet_trimrmse_10mm": 0.0028146678724222008,
  "spinnet_chamfer": 0.005840228244924748,
  "fpfh_T_icp": [
    [
      0.9997816005689822,
      0.015095177379051503,
      0.014452916094434318,
      0.007742069622971082
    ],
    [
      -0.014139258000846658,
      0.9978432273766845,
      -0.06410128673963973,
      -0.006172468686168315
    ],
    [
      -0.015389364734232882,
      0.06388293354556752,
      0.9978387335911034,
      0.00660597891438353
    ],
    [
      0.0,
      0.0,
      0.0,
      1.0
    ]
  ],
  "spinnet_T_icp": [
    [
      0.007162364616662933,
      -0.999367521027379,
      0.034831859678965876,
      -0.374839766480425
    ],
    [
      -0.007000822073818671,
      -0.03488201278115215,
      -0.9993669164399173,
      0.9613312795083457
    ],
    [
      0.9999498432538481,
      0.006913978589260437,
      -0.007246231895167519,
      -0.10581263006743687
    ],
    [
      0.0,
      0.0,
      0.0,
      1.0
    ]
  ],
  "combine_w_fpfh": 1.0,
  "combine_w_spinnet": 1.0,
  "combine_feat_s": 382.39287910517305,
  "combine_ransac_s": 53.08928546309471,
  "combine_icp_s": 8.569034869782627,
  "combine_total_s": 444.0511994380504,
  "combine_ransac_fitness": 0.27077939469690204,
  "combine_ransac_rmse": 0.005336837558204214,
  "combine_icp_fitness": 0.8891042779142976,
  "combine_icp_rmse": 0.0021653046358823726,
  "combine_cov_5mm": 0.8891042779142976,
  "combine_cov_10mm": 0.9594219887373159,
  "combine_trimrmse_5mm": 0.0021653046358823874,
  "combine_trimrmse_10mm": 0.002814657414769739,
  "combine_chamfer": 0.005840207248487603,
  "combine_T_icp": [
    [
      0.007162886349817213,
      -0.9993675169612846,
      0.034831869053960754,
      -0.37483942593906916
    ],
    [
      -0.007000406429553169,
      -0.034882023062813516,
      -0.9993669189926536,
      0.9613412451355636
    ],
    [
      0.9999498424265976,
      0.006914514422432691,
      -0.0072458347580729235,
      -0.10581650886032427
    ],
    [
      0.0,
      0.0,
      0.0,
      1.0
    ]
  ]
}